Timestamp,Pinpoint_ID,Location_Name,Latitude,Longitude,Vehicle_Count,Traffic_Speed_kmh,Road_Occupancy_%,Traffic_Light_State,Weather_Condition,Accident_Report,Traffic_Condition
2026-09-20 13:30:00,CBE-PIN-1000,"Bhagavanth Sakthivel Home, Malaimanthiripalayam (Link Road 1)",10.866112,77.197041,43,61.57,14.52,Green,Clear,0,Low
2026-09-20 12:36:00,CBE-PIN-1001,"Bhagavanth Sakthivel Home, Malaimanthiripalayam (Approach 2)",10.873521,77.1895,35,67.64,16.16,Green,Clear,0,Low
2026-09-20 11:09:00,CBE-PIN-1002,"Bhagavanth Sakthivel Home, Malaimanthiripalayam (Checkpost 3)",10.872444,77.19007,53,49.63,18.47,Red,Clear,0,Low
2026-09-20 13:15:00,CBE-PIN-1003,"Bhagavanth Sakthivel Home, Malaimanthiripalayam (Checkpost 4)",10.870411,77.189289,230,18.08,78.58,Red,Rain,0,High
2026-09-20 11:25:00,CBE-PIN-1004,"Bhagavanth Sakthivel Home, Malaimanthiripalayam (Approach 5)",10.876838,77.191894,52,49.17,24.36,Green,Clear,0,Low
2026-09-20 10:41:00,CBE-PIN-1005,"Bhagavanth Sakthivel Home, Malaimanthiripalayam (Junction 6)",10.872569,77.191949,116,50.81,38.12,Green,Cloudy,0,Low
2026-09-20 08:52:00,CBE-PIN-1006,"Bhagavanth Sakthivel Home, Malaimanthiripalayam (Junction 7)",10.873826,77.189417,257,12.45,81.83,Green,Clear,0,High
2026-09-20 09:02:00,CBE-PIN-1007,"Bhagavanth Sakthivel Home, Malaimanthiripalayam (Link Road 8)",10.87334,77.190783,174,12.16,83.89,Green,Clear,0,High
2026-09-20 08:32:00,CBE-PIN-1008,"Bhagavanth Sakthivel Home, Malaimanthiripalayam (Checkpost 9)",10.874354,77.186414,82,62.93,36.53,Green,Rain,0,Low
2026-09-20 11:37:00,CBE-PIN-1009,"Bhagavanth Sakthivel Home, Malaimanthiripalayam (Checkpost 10)",10.868582,77.18376,76,49.11,30.68,Green,Cloudy,0,Low
2026-09-20 16:04:00,CBE-PIN-1010,"Bhagavanth Sakthivel Home, Malaimanthiripalayam (Crossway 11)",10.873459,77.18961,225,12.31,88.36,Red,Clear,0,High
2026-09-20 18:45:00,CBE-PIN-1011,"Bhagavanth Sakthivel Home, Malaimanthiripalayam (Bypass 12)",10.876533,77.188447,82,68.89,28.11,Red,Clear,0,Low
2026-09-20 14:16:00,CBE-PIN-1012,"Bhagavanth Sakthivel Home, Malaimanthiripalayam (Link Road 13)",10.875658,77.187875,46,69.3,19.22,Green,Clear,0,Low
2026-09-20 19:23:00,CBE-PIN-1013,"Bhagavanth Sakthivel Home, Malaimanthiripalayam (Link Road 14)",10.873556,77.189551,37,56.85,16.44,Green,Clear,0,Low
2026-09-20 09:52:00,CBE-PIN-1014,"Bhagavanth Sakthivel Home, Malaimanthiripalayam (Crossway 15)",10.87308,77.188057,38,71.02,17.3,Red,Clear,0,Low
2026-09-20 19:23:00,CBE-PIN-1015,"Bhagavanth Sakthivel Home, Malaimanthiripalayam (Junction 16)",10.871652,77.188017,299,14.79,94.07,Red,Clear,0,High
2026-09-20 11:17:00,CBE-PIN-1016,"Bhagavanth Sakthivel Home, Malaimanthiripalayam (Checkpost 17)",10.871181,77.18514,133,39.29,52.5,Red,Cloudy,0,Medium
2026-09-20 16:30:00,CBE-PIN-1017,"Bhagavanth Sakthivel Home, Malaimanthiripalayam (Link Road 18)",10.874231,77.188406,200,12.41,87.41,Red,Clear,0,High
2026-09-20 10:30:00,CBE-PIN-1018,"Bhagavanth Sakthivel Home, Malaimanthiripalayam (Checkpost 19)",10.875191,77.188922,82,67.78,29.6,Red,Cloudy,0,Low
2026-09-20 15:32:00,CBE-PIN-1019,"Bhagavanth Sakthivel Home, Malaimanthiripalayam (Crossway 20)",10.879942,77.202126,118,52.78,38.89,Red,Breezy,0,Low
2026-09-20 18:27:00,CBE-PIN-1020,"Bhagavanth Sakthivel Home, Malaimanthiripalayam (Link Road 21)",10.872779,77.193719,67,68.26,21.73,Green,Rain,0,Low
2026-09-20 13:37:00,CBE-PIN-1021,"Bhagavanth Sakthivel Home, Malaimanthiripalayam (Junction 22)",10.872058,77.186914,105,70.44,38.24,Green,Clear,0,Low
2026-09-20 10:14:00,CBE-PIN-1022,"Bhagavanth Sakthivel Home, Malaimanthiripalayam (Link Road 23)",10.874242,77.193872,177,30.83,65.38,Green,Cloudy,0,Medium
2026-09-20 15:17:00,CBE-PIN-1023,"Bhagavanth Sakthivel Home, Malaimanthiripalayam (Link Road 24)",10.874874,77.190461,175,29.12,73.08,Red,Clear,0,Medium
2026-09-20 11:11:00,CBE-PIN-1024,"Bhagavanth Sakthivel Home, Malaimanthiripalayam (Approach 25)",10.871171,77.186511,45,51.98,24.48,Green,Clear,0,Low
2026-09-20 13:01:00,CBE-PIN-1025,"Bhagavanth Sakthivel Home, Malaimanthiripalayam (Crossway 26)",10.872413,77.189785,97,65.44,37.64,Green,Clear,0,Low
2026-09-20 17:25:00,CBE-PIN-1026,"Bhagavanth Sakthivel Home, Malaimanthiripalayam (Junction 27)",10.874677,77.190152,264,14.68,85.19,Red,Clear,0,High
2026-09-20 09:43:00,CBE-PIN-1027,"Bhagavanth Sakthivel Home, Malaimanthiripalayam (Approach 28)",10.874534,77.193334,36,52.61,18.56,Green,Clear,0,Low
2026-09-20 08:35:00,CBE-PIN-1028,"Bhagavanth Sakthivel Home, Malaimanthiripalayam (Crossway 29)",10.872376,77.189169,57,52.66,27.73,Red,Clear,0,Low
2026-09-20 08:50:00,CBE-PIN-1029,"Bhagavanth Sakthivel Home, Malaimanthiripalayam (Approach 30)",10.873395,77.18968,54,46.72,26.79,Green,Clear,0,Low
2026-09-20 18:12:00,CBE-PIN-1030,"Bhagavanth Sakthivel Home, Malaimanthiripalayam (Approach 31)",10.877194,77.183727,148,24.82,50.31,Red,Clear,0,Medium
2026-09-20 18:55:00,CBE-PIN-1031,"Bhagavanth Sakthivel Home, Malaimanthiripalayam (Crossway 32)",10.875628,77.189107,69,51.05,21.93,Green,Cloudy,0,Low
2026-09-20 10:06:00,CBE-PIN-1032,"Bhagavanth Sakthivel Home, Malaimanthiripalayam (Approach 33)",10.875262,77.190024,47,65.35,17.27,Red,Clear,0,Low
2026-09-20 12:31:00,CBE-PIN-1033,"Bhagavanth Sakthivel Home, Malaimanthiripalayam (Crossway 34)",10.875301,77.188532,130,25.97,46.22,Green,Rain,0,Medium
2026-09-20 11:39:00,CBE-PIN-1034,"Bhagavanth Sakthivel Home, Malaimanthiripalayam (Crossway 35)",10.872086,77.18834,127,31.48,65.77,Red,Clear,0,Medium
2026-09-20 13:56:00,CBE-PIN-1035,"Bhagavanth Sakthivel Home, Malaimanthiripalayam (Junction 36)",10.874209,77.189483,244,19.63,91.95,Green,Clear,0,High
2026-09-20 16:35:00,CBE-PIN-1036,"Bhagavanth Sakthivel Home, Malaimanthiripalayam (Junction 37)",10.875117,77.190031,64,59.08,34.84,Green,Cloudy,0,Low
2026-09-20 18:12:00,CBE-PIN-1037,"Bhagavanth Sakthivel Home, Malaimanthiripalayam (Bypass 38)",10.87633,77.18847,54,62.73,23.29,Green,Clear,0,Low
2026-09-20 09:29:00,CBE-PIN-1038,"Bhagavanth Sakthivel Home, Malaimanthiripalayam (Crossway 39)",10.874172,77.189143,224,13.01,75.38,Red,Cloudy,0,High
2026-09-20 12:36:00,CBE-PIN-1039,"Bhagavanth Sakthivel Home, Malaimanthiripalayam (Crossway 40)",10.873997,77.188505,193,18.97,88.21,Red,Cloudy,0,High
2026-09-20 19:03:00,CBE-PIN-1040,"Bhagavanth Sakthivel Home, Malaimanthiripalayam (Checkpost 41)",10.873562,77.183815,53,56.73,20.79,Red,Cloudy,0,Low
2026-09-20 13:41:00,CBE-PIN-1041,"Bhagavanth Sakthivel Home, Malaimanthiripalayam (Crossway 42)",10.871529,77.185307,177,31.93,58.17,Red,Clear,0,Medium
2026-09-20 14:06:00,CBE-PIN-1042,"Bhagavanth Sakthivel Home, Malaimanthiripalayam (Crossway 43)",10.881774,77.190132,183,15.19,94.95,Green,Clear,0,High
2026-09-20 11:05:00,CBE-PIN-1043,"Bhagavanth Sakthivel Home, Malaimanthiripalayam (Checkpost 44)",10.87275,77.189293,34,66.31,13.29,Yellow,Rain,0,Low
2026-09-20 16:38:00,CBE-PIN-1044,"Bhagavanth Sakthivel Home, Malaimanthiripalayam (Checkpost 45)",10.874692,77.188589,253,13.43,90.99,Red,Clear,0,High
2026-09-20 16:19:00,CBE-PIN-1045,"Bhagavanth Sakthivel Home, Malaimanthiripalayam (Approach 46)",10.875411,77.185712,299,12.85,95.72,Green,Clear,0,High
2026-09-20 08:38:00,CBE-PIN-1046,"Bhagavanth Sakthivel Home, Malaimanthiripalayam (Checkpost 47)",10.873575,77.187918,215,19.77,86.73,Red,Rain,0,High
2026-09-20 11:09:00,CBE-PIN-1047,"Bhagavanth Sakthivel Home, Malaimanthiripalayam (Approach 48)",10.873341,77.18961,206,13.18,88.63,Red,Clear,0,High
2026-09-20 10:28:00,CBE-PIN-1048,"Bhagavanth Sakthivel Home, Malaimanthiripalayam (Checkpost 49)",10.874141,77.188919,117,46.32,38.13,Green,Clear,0,Low
2026-09-20 17:25:00,CBE-PIN-1049,"Bhagavanth Sakthivel Home, Malaimanthiripalayam (Checkpost 50)",10.873462,77.19373,185,13.66,79.55,Green,Breezy,0,High
2026-09-20 19:15:00,CBE-PIN-1050,"Bhagavanth Sakthivel Home, Malaimanthiripalayam (Junction 51)",10.88315,77.183907,181,15.95,77.24,Red,Clear,0,High
2026-09-20 15:40:00,CBE-PIN-1051,"Bhagavanth Sakthivel Home, Malaimanthiripalayam (Bypass 52)",10.873384,77.191126,89,33.52,41.1,Red,Clear,0,Medium
2026-09-20 12:01:00,CBE-PIN-1052,"Bhagavanth Sakthivel Home, Malaimanthiripalayam (Link Road 53)",10.882307,77.194121,68,61.11,36.66,Red,Clear,0,Low
2026-09-20 19:28:00,CBE-PIN-1053,"Bhagavanth Sakthivel Home, Malaimanthiripalayam (Crossway 54)",10.869385,77.193649,51,49.91,27.23,Red,Clear,0,Low
2026-09-20 08:22:00,CBE-PIN-1054,"Bhagavanth Sakthivel Home, Malaimanthiripalayam (Crossway 55)",10.873572,77.189606,242,18.92,86.22,Green,Rain,0,High
2026-09-20 16:07:00,CBE-PIN-1055,"Bhagavanth Sakthivel Home, Malaimanthiripalayam (Junction 56)",10.872845,77.19024,185,14.51,80.77,Red,Rain,0,High
2026-09-20 14:28:00,CBE-PIN-1056,"Bhagavanth Sakthivel Home, Malaimanthiripalayam (Checkpost 57)",10.872324,77.187305,105,59.52,34.71,Yellow,Clear,0,Low
2026-09-20 15:01:00,CBE-PIN-1057,"Bhagavanth Sakthivel Home, Malaimanthiripalayam (Bypass 58)",10.873608,77.189646,96,62.13,30.42,Green,Clear,0,Low
2026-09-20 17:01:00,CBE-PIN-1058,"Bhagavanth Sakthivel Home, Malaimanthiripalayam (Junction 59)",10.871689,77.187426,260,19.26,86.5,Green,Rain,0,High
2026-09-20 08:52:00,CBE-PIN-1059,"Bhagavanth Sakthivel Home, Malaimanthiripalayam (Junction 60)",10.879048,77.196865,52,52.71,23.31,Green,Breezy,0,Low
2026-09-20 13:59:00,CBE-PIN-1060,"Bhagavanth Sakthivel Home, Malaimanthiripalayam (Bypass 61)",10.873557,77.189846,178,13.28,78.19,Green,Cloudy,0,High
2026-09-20 16:53:00,CBE-PIN-1061,"Bhagavanth Sakthivel Home, Malaimanthiripalayam (Crossway 62)",10.869737,77.190198,194,13.92,75.86,Green,Clear,0,High
2026-09-20 11:33:00,CBE-PIN-1062,"Bhagavanth Sakthivel Home, Malaimanthiripalayam (Checkpost 63)",10.868683,77.195752,165,15.3,81.75,Red,Clear,0,High
2026-09-20 16:45:00,CBE-PIN-1063,"Bhagavanth Sakthivel Home, Malaimanthiripalayam (Junction 64)",10.880634,77.189686,274,17.97,95.71,Green,Rain,0,High
2026-09-20 16:27:00,CBE-PIN-1064,"Bhagavanth Sakthivel Home, Malaimanthiripalayam (Crossway 65)",10.873499,77.189349,269,13.33,89.43,Red,Cloudy,0,High
2026-09-20 09:25:00,CBE-PIN-1065,"Bhagavanth Sakthivel Home, Malaimanthiripalayam (Junction 66)",10.87323,77.189803,67,50.74,26.35,Red,Cloudy,0,Low
2026-09-20 15:49:00,CBE-PIN-1066,"Bhagavanth Sakthivel Home, Malaimanthiripalayam (Junction 67)",10.872301,77.191446,61,62.87,23.91,Green,Clear,0,Low
2026-09-20 13:14:00,CBE-PIN-1067,"Bhagavanth Sakthivel Home, Malaimanthiripalayam (Crossway 68)",10.872009,77.188913,62,69.39,27.62,Green,Clear,0,Low
2026-09-20 13:49:00,CBE-PIN-1068,"Bhagavanth Sakthivel Home, Malaimanthiripalayam (Approach 69)",10.874433,77.189612,66,58.68,34.67,Green,Clear,0,Low
2026-09-20 18:05:00,CBE-PIN-1069,"Bhagavanth Sakthivel Home, Malaimanthiripalayam (Checkpost 70)",10.861586,77.197114,260,15.98,95.36,Green,Cloudy,0,High
2026-09-20 11:44:00,CBE-PIN-1070,"Bhagavanth Sakthivel Home, Malaimanthiripalayam (Bypass 71)",10.87076,77.188534,99,40.16,46.36,Red,Clear,0,Medium
2026-09-20 19:12:00,CBE-PIN-1071,"Bhagavanth Sakthivel Home, Malaimanthiripalayam (Checkpost 72)",10.872625,77.188807,54,50.01,23.95,Red,Clear,0,Low
2026-09-20 17:09:00,CBE-PIN-1072,"Bhagavanth Sakthivel Home, Malaimanthiripalayam (Link Road 73)",10.888384,77.195815,39,67.06,17.38,Green,Cloudy,0,Low
2026-09-20 12:55:00,CBE-PIN-1073,"Bhagavanth Sakthivel Home, Malaimanthiripalayam (Checkpost 74)",10.879234,77.179308,176,19.31,94.71,Green,Clear,0,High
2026-09-20 09:17:00,CBE-PIN-1074,"Bhagavanth Sakthivel Home, Malaimanthiripalayam (Junction 75)",10.875826,77.185282,47,67.45,15.41,Red,Clear,0,Low
2026-09-20 08:22:00,CBE-PIN-1075,"Bhagavanth Sakthivel Home, Malaimanthiripalayam (Approach 76)",10.870122,77.187452,76,64.56,36.09,Green,Cloudy,0,Low
2026-09-20 14:30:00,CBE-PIN-1076,"Bhagavanth Sakthivel Home, Malaimanthiripalayam (Link Road 77)",10.871494,77.1914,30,62.23,13.39,Red,Rain,0,Low
2026-09-20 09:36:00,CBE-PIN-1077,"Bhagavanth Sakthivel Home, Malaimanthiripalayam (Crossway 78)",10.874465,77.186312,70,69.24,32.87,Green,Clear,0,Low
2026-09-20 10:38:00,CBE-PIN-1078,"Bhagavanth Sakthivel Home, Malaimanthiripalayam (Bypass 79)",10.876428,77.190188,48,68.8,19.92,Green,Cloudy,0,Low
2026-09-20 18:26:00,CBE-PIN-1079,"Bhagavanth Sakthivel Home, Malaimanthiripalayam (Link Road 80)",10.870823,77.189531,83,56.63,32.38,Green,Clear,0,Low
2026-09-20 13:45:00,CBE-PIN-1080,"Bhagavanth Sakthivel Home, Malaimanthiripalayam (Checkpost 81)",10.868554,77.185993,44,54.91,16.59,Green,Clear,0,Low
2026-09-20 13:23:00,CBE-PIN-1081,"Bhagavanth Sakthivel Home, Malaimanthiripalayam (Crossway 82)",10.873779,77.189855,185,39.25,60.16,Green,Clear,0,Medium
2026-09-20 14:46:00,CBE-PIN-1082,"Bhagavanth Sakthivel Home, Malaimanthiripalayam (Approach 83)",10.875268,77.192029,61,57.03,31.36,Green,Rain,0,Low
2026-09-20 19:00:00,CBE-PIN-1083,"Bhagavanth Sakthivel Home, Malaimanthiripalayam (Approach 84)",10.873787,77.189175,71,68.62,25.05,Red,Clear,0,Low
2026-09-20 15:54:00,CBE-PIN-1084,"Bhagavanth Sakthivel Home, Malaimanthiripalayam (Junction 85)",10.874302,77.186421,287,16.15,93.13,Green,Clear,0,High
2026-09-20 10:40:00,CBE-PIN-1085,"Bhagavanth Sakthivel Home, Malaimanthiripalayam (Approach 86)",10.881895,77.191319,131,36.13,45.63,Red,Clear,0,Medium
2026-09-20 13:41:00,CBE-PIN-1086,"Bhagavanth Sakthivel Home, Malaimanthiripalayam (Bypass 87)",10.873696,77.190392,59,71.36,23.31,Red,Clear,0,Low
2026-09-20 19:09:00,CBE-PIN-1087,"Bhagavanth Sakthivel Home, Malaimanthiripalayam (Crossway 88)",10.873142,77.190806,88,57.1,33.19,Red,Clear,0,Low
2026-09-20 09:52:00,CBE-PIN-1088,"Bhagavanth Sakthivel Home, Malaimanthiripalayam (Junction 89)",10.875144,77.186918,144,39.0,57.94,Green,Clear,0,Medium
2026-09-20 09:26:00,CBE-PIN-1089,"Bhagavanth Sakthivel Home, Malaimanthiripalayam (Bypass 90)",10.874677,77.190429,240,19.53,80.72,Green,Clear,0,High
2026-09-20 11:58:00,CBE-PIN-1090,"Bhagavanth Sakthivel Home, Malaimanthiripalayam (Crossway 91)",10.871188,77.191105,117,28.12,57.19,Green,Clear,0,Medium
2026-09-20 15:31:00,CBE-PIN-1091,"Bhagavanth Sakthivel Home, Malaimanthiripalayam (Bypass 92)",10.873567,77.189936,188,39.17,69.09,Red,Cloudy,0,Medium
2026-09-20 17:07:00,CBE-PIN-1092,"Bhagavanth Sakthivel Home, Malaimanthiripalayam (Crossway 93)",10.871416,77.197213,189,12.86,79.37,Green,Clear,1,High
2026-09-20 12:20:00,CBE-PIN-1093,"Bhagavanth Sakthivel Home, Malaimanthiripalayam (Crossway 94)",10.874142,77.188236,142,31.97,60.07,Green,Clear,0,Medium
2026-09-20 18:31:00,CBE-PIN-1094,"Bhagavanth Sakthivel Home, Malaimanthiripalayam (Link Road 95)",10.872416,77.190047,42,65.85,14.06,Green,Rain,0,Low
2026-09-20 12:37:00,CBE-PIN-1095,"Bhagavanth Sakthivel Home, Malaimanthiripalayam (Link Road 96)",10.873469,77.189606,147,35.37,61.54,Red,Clear,0,Medium
2026-09-20 08:40:00,CBE-PIN-1096,"Bhagavanth Sakthivel Home, Malaimanthiripalayam (Checkpost 97)",10.876876,77.187164,48,67.39,25.36,Yellow,Cloudy,0,Low
2026-09-20 18:09:00,CBE-PIN-1097,"Bhagavanth Sakthivel Home, Malaimanthiripalayam (Bypass 98)",10.869083,77.189641,216,13.4,80.54,Yellow,Cloudy,0,High
2026-09-20 14:02:00,CBE-PIN-1098,"Bhagavanth Sakthivel Home, Malaimanthiripalayam (Approach 99)",10.867831,77.186738,42,66.04,22.24,Green,Clear,0,Low
2026-09-20 11:46:00,CBE-PIN-1099,"Bhagavanth Sakthivel Home, Malaimanthiripalayam (Checkpost 100)",10.87359,77.191295,158,31.47,64.45,Green,Clear,0,Medium
2026-09-20 16:10:00,CBE-PIN-1100,"Bhagavanth Sakthivel Home, Malaimanthiripalayam (Approach 101)",10.877797,77.187786,122,24.65,48.92,Green,Clear,0,Medium
2026-09-20 08:41:00,CBE-PIN-1101,"Bhagavanth Sakthivel Home, Malaimanthiripalayam (Approach 102)",10.870936,77.194022,193,12.75,90.29,Green,Cloudy,0,High
2026-09-20 08:16:00,CBE-PIN-1102,"Bhagavanth Sakthivel Home, Malaimanthiripalayam (Junction 103)",10.874809,77.185616,144,36.39,52.27,Green,Clear,0,Medium
2026-09-20 19:49:00,CBE-PIN-1103,"Bhagavanth Sakthivel Home, Malaimanthiripalayam (Approach 104)",10.883041,77.195327,98,62.61,32.01,Green,Cloudy,0,Low
2026-09-20 09:25:00,CBE-PIN-1104,"Bhagavanth Sakthivel Home, Malaimanthiripalayam (Junction 105)",10.873475,77.189396,60,47.15,27.06,Red,Breezy,0,Low
2026-09-20 14:41:00,CBE-PIN-1105,"Bhagavanth Sakthivel Home, Malaimanthiripalayam (Link Road 106)",10.873451,77.188827,271,16.22,91.7,Red,Clear,0,High
2026-09-20 14:03:00,CBE-PIN-1106,"Bhagavanth Sakthivel Home, Malaimanthiripalayam (Approach 107)",10.872787,77.18905,228,12.77,89.62,Green,Cloudy,0,High
2026-09-20 17:05:00,CBE-PIN-1107,"Bhagavanth Sakthivel Home, Malaimanthiripalayam (Checkpost 108)",10.873344,77.187007,39,68.79,22.11,Red,Clear,0,Low
2026-09-20 19:36:00,CBE-PIN-1108,"Bhagavanth Sakthivel Home, Malaimanthiripalayam (Bypass 109)",10.8665,77.195858,241,12.09,76.11,Green,Clear,0,High
2026-09-20 19:09:00,CBE-PIN-1109,"Bhagavanth Sakthivel Home, Malaimanthiripalayam (Junction 110)",10.871875,77.190516,29,52.21,13.2,Red,Clear,0,Low
2026-09-20 10:19:00,CBE-PIN-1110,"Bhagavanth Sakthivel Home, Malaimanthiripalayam (Link Road 111)",10.873601,77.189587,66,57.12,21.15,Green,Cloudy,0,Low
2026-09-20 10:32:00,CBE-PIN-1111,"Bhagavanth Sakthivel Home, Malaimanthiripalayam (Bypass 112)",10.875141,77.190578,44,70.56,23.55,Yellow,Cloudy,0,Low
2026-09-20 16:25:00,CBE-PIN-1112,"Bhagavanth Sakthivel Home, Malaimanthiripalayam (Link Road 113)",10.874021,77.188789,33,49.13,11.36,Green,Clear,0,Low
2026-09-20 14:58:00,CBE-PIN-1113,"Bhagavanth Sakthivel Home, Malaimanthiripalayam (Junction 114)",10.872955,77.188949,62,61.53,25.23,Green,Clear,0,Low
2026-09-20 13:56:00,CBE-PIN-1114,"Bhagavanth Sakthivel Home, Malaimanthiripalayam (Junction 115)",10.875282,77.188261,26,65.44,11.01,Red,Rain,0,Low
2026-09-20 14:34:00,CBE-PIN-1115,Malaimanthiripalayam Village Center (Link Road 1),10.873774,77.190643,166,20.52,75.74,Red,Rain,0,High
2026-09-20 17:52:00,CBE-PIN-1116,Malaimanthiripalayam Village Center (Junction 2),10.878262,77.188533,237,17.33,95.2,Yellow,Rain,0,High
2026-09-20 12:21:00,CBE-PIN-1117,Malaimanthiripalayam Village Center (Link Road 3),10.869005,77.185057,79,63.63,26.41,Red,Clear,0,Low
2026-09-20 19:06:00,CBE-PIN-1118,Malaimanthiripalayam Village Center (Checkpost 4),10.874436,77.188911,76,52.21,36.97,Green,Clear,0,Low
2026-09-20 17:10:00,CBE-PIN-1119,Malaimanthiripalayam Village Center (Junction 5),10.876228,77.187872,99,46.13,33.78,Green,Clear,0,Low
2026-09-20 11:42:00,CBE-PIN-1120,Malaimanthiripalayam Village Center (Junction 6),10.874078,77.188399,197,36.96,73.36,Green,Cloudy,0,Medium
2026-09-20 17:31:00,CBE-PIN-1121,Malaimanthiripalayam Village Center (Checkpost 7),10.874174,77.188011,108,60.07,37.93,Green,Clear,0,Low
2026-09-20 19:44:00,CBE-PIN-1122,Malaimanthiripalayam Village Center (Checkpost 8),10.876477,77.192976,86,50.33,32.36,Red,Cloudy,0,Low
2026-09-20 08:06:00,CBE-PIN-1123,Malaimanthiripalayam Village Center (Crossway 9),10.882887,77.179222,25,65.49,13.77,Red,Cloudy,0,Low
2026-09-20 09:38:00,CBE-PIN-1124,Malaimanthiripalayam Village Center (Crossway 10),10.868963,77.188767,53,57.59,17.94,Green,Breezy,0,Low
2026-09-20 19:46:00,CBE-PIN-1125,Malaimanthiripalayam Village Center (Approach 11),10.874669,77.187298,52,66.09,16.67,Red,Clear,0,Low
2026-09-20 16:26:00,CBE-PIN-1126,Malaimanthiripalayam Village Center (Approach 12),10.873113,77.180049,72,71.08,32.04,Green,Clear,0,Low
2026-09-20 16:58:00,CBE-PIN-1127,Malaimanthiripalayam Village Center (Bypass 13),10.87408,77.187618,54,64.59,26.32,Green,Clear,0,Low
2026-09-20 19:32:00,CBE-PIN-1128,Malaimanthiripalayam Village Center (Bypass 14),10.874958,77.183314,88,65.79,28.16,Red,Clear,0,Low
2026-09-20 16:20:00,CBE-PIN-1129,Malaimanthiripalayam Village Center (Crossway 15),10.874096,77.188401,45,61.79,17.18,Yellow,Clear,0,Low
2026-09-20 10:45:00,CBE-PIN-1130,Malaimanthiripalayam Village Center (Link Road 16),10.874664,77.188344,59,63.69,21.47,Green,Breezy,0,Low
2026-09-20 19:11:00,CBE-PIN-1131,Malaimanthiripalayam Village Center (Checkpost 17),10.874126,77.188261,45,48.73,17.02,Green,Breezy,0,Low
2026-09-20 17:48:00,CBE-PIN-1132,Malaimanthiripalayam Village Center (Bypass 18),10.874068,77.188387,28,59.46,12.55,Red,Clear,0,Low
2026-09-20 13:16:00,CBE-PIN-1133,Malaimanthiripalayam Village Center (Link Road 19),10.874877,77.188289,34,67.36,11.19,Green,Cloudy,0,Low
2026-09-20 09:23:00,CBE-PIN-1134,Malaimanthiripalayam Village Center (Checkpost 20),10.87163,77.186178,191,43.64,72.21,Yellow,Cloudy,0,Medium
2026-09-20 19:39:00,CBE-PIN-1135,Malaimanthiripalayam Village Center (Junction 21),10.872602,77.186013,57,66.38,23.95,Green,Clear,0,Low
2026-09-20 19:24:00,CBE-PIN-1136,Malaimanthiripalayam Village Center (Crossway 22),10.871036,77.186366,56,62.01,19.54,Green,Clear,0,Low
2026-09-20 18:42:00,CBE-PIN-1137,Malaimanthiripalayam Village Center (Bypass 23),10.871263,77.188432,80,51.94,38.89,Green,Breezy,0,Low
2026-09-20 08:23:00,CBE-PIN-1138,Malaimanthiripalayam Village Center (Bypass 24),10.874198,77.188448,186,33.72,69.52,Green,Cloudy,0,Medium
2026-09-20 16:31:00,CBE-PIN-1139,Malaimanthiripalayam Village Center (Bypass 25),10.874373,77.185955,81,59.36,27.05,Green,Clear,0,Low
2026-09-20 17:11:00,CBE-PIN-1140,Malaimanthiripalayam Village Center (Crossway 26),10.8731,77.188936,45,69.72,16.11,Red,Cloudy,0,Low
2026-09-20 17:12:00,CBE-PIN-1141,Malaimanthiripalayam Village Center (Checkpost 27),10.872312,77.180202,184,14.38,95.4,Yellow,Rain,0,High
2026-09-20 08:27:00,CBE-PIN-1142,Malaimanthiripalayam Village Center (Junction 28),10.871571,77.186729,86,48.48,28.91,Red,Clear,0,Low
2026-09-20 18:29:00,CBE-PIN-1143,Malaimanthiripalayam Village Center (Checkpost 29),10.871385,77.186715,38,52.16,16.81,Yellow,Rain,0,Low
2026-09-20 12:43:00,CBE-PIN-1144,Malaimanthiripalayam Village Center (Approach 30),10.873833,77.187918,99,61.28,37.51,Red,Clear,0,Low
2026-09-20 12:10:00,CBE-PIN-1145,Malaimanthiripalayam Village Center (Crossway 31),10.86889,77.187286,64,57.61,35.06,Green,Clear,0,Low
2026-09-20 10:40:00,CBE-PIN-1146,Malaimanthiripalayam Village Center (Approach 32),10.874759,77.189042,208,18.4,79.72,Green,Clear,0,High
2026-09-20 08:38:00,CBE-PIN-1147,Malaimanthiripalayam Village Center (Link Road 33),10.872271,77.189775,48,46.45,19.37,Green,Breezy,0,Low
2026-09-20 13:40:00,CBE-PIN-1148,Malaimanthiripalayam Village Center (Approach 34),10.874168,77.188482,132,38.8,46.86,Red,Cloudy,0,Medium
2026-09-20 14:53:00,CBE-PIN-1149,Malaimanthiripalayam Village Center (Junction 35),10.875221,77.199917,156,37.89,73.27,Green,Clear,0,Medium
2026-09-20 18:53:00,CBE-PIN-1150,Malaimanthiripalayam Village Center (Crossway 36),10.877477,77.18455,257,19.96,94.29,Green,Rain,0,High
2026-09-20 17:44:00,CBE-PIN-1151,Malaimanthiripalayam Village Center (Crossway 37),10.873747,77.188894,91,54.27,35.13,Green,Breezy,0,Low
2026-09-20 12:38:00,CBE-PIN-1152,Malaimanthiripalayam Village Center (Link Road 38),10.875409,77.187147,100,63.36,33.43,Red,Cloudy,0,Low
2026-09-20 18:04:00,CBE-PIN-1153,Malaimanthiripalayam Village Center (Approach 39),10.873036,77.191907,72,62.39,27.69,Green,Clear,0,Low
2026-09-20 08:02:00,CBE-PIN-1154,Malaimanthiripalayam Village Center (Crossway 40),10.874051,77.188418,86,50.38,28.63,Green,Cloudy,0,Low
2026-09-20 12:59:00,CBE-PIN-1155,Malaimanthiripalayam Village Center (Bypass 41),10.87401,77.188412,57,55.89,21.57,Green,Clear,0,Low
2026-09-20 09:56:00,CBE-PIN-1156,Malaimanthiripalayam Village Center (Bypass 42),10.875809,77.184311,49,46.47,15.68,Green,Clear,0,Low
2026-09-20 14:12:00,CBE-PIN-1157,Malaimanthiripalayam Village Center (Bypass 43),10.873539,77.188926,40,51.06,14.82,Green,Cloudy,0,Low
2026-09-20 13:49:00,CBE-PIN-1158,Malaimanthiripalayam Village Center (Link Road 44),10.871118,77.187787,164,19.18,83.4,Green,Cloudy,0,High
2026-09-20 09:23:00,CBE-PIN-1159,Malaimanthiripalayam Village Center (Bypass 45),10.87432,77.18772,88,40.66,46.3,Green,Rain,0,Medium
2026-09-20 08:25:00,CBE-PIN-1160,Malaimanthiripalayam Village Center (Approach 46),10.872267,77.190267,239,12.03,88.4,Red,Clear,0,High
2026-09-20 19:03:00,CBE-PIN-1161,Malaimanthiripalayam Village Center (Link Road 47),10.868797,77.194748,52,60.47,17.41,Green,Clear,0,Low
2026-09-20 19:12:00,CBE-PIN-1162,Malaimanthiripalayam Village Center (Crossway 48),10.875961,77.183659,151,16.24,78.21,Red,Rain,0,High
2026-09-20 12:13:00,CBE-PIN-1163,Malaimanthiripalayam Village Center (Approach 49),10.872047,77.185855,67,52.03,21.34,Red,Clear,0,Low
2026-09-20 19:39:00,CBE-PIN-1164,Malaimanthiripalayam Village Center (Checkpost 50),10.873487,77.186693,58,64.66,30.08,Green,Breezy,0,Low
2026-09-20 09:09:00,CBE-PIN-1165,Malaimanthiripalayam Village Center (Approach 51),10.873112,77.18787,249,12.86,93.78,Yellow,Clear,0,High
2026-09-20 14:20:00,CBE-PIN-1166,Malaimanthiripalayam Village Center (Junction 52),10.876007,77.185025,182,18.4,80.69,Green,Cloudy,0,High
2026-09-20 15:21:00,CBE-PIN-1167,Malaimanthiripalayam Village Center (Bypass 53),10.877892,77.18826,73,65.0,23.49,Green,Clear,0,Low
2026-09-20 14:39:00,CBE-PIN-1168,Malaimanthiripalayam Village Center (Bypass 54),10.87412,77.187746,107,56.99,33.83,Yellow,Clear,0,Low
2026-09-20 13:20:00,CBE-PIN-1169,Malaimanthiripalayam Village Center (Approach 55),10.87377,77.188701,85,46.52,31.38,Red,Cloudy,0,Low
2026-09-20 16:28:00,CBE-PIN-1170,Malaimanthiripalayam Village Center (Checkpost 56),10.87386,77.193822,48,61.82,24.7,Red,Clear,0,Low
2026-09-20 19:41:00,CBE-PIN-1171,Malaimanthiripalayam Village Center (Junction 57),10.873186,77.189807,65,52.22,24.78,Green,Cloudy,0,Low
2026-09-20 08:41:00,CBE-PIN-1172,Malaimanthiripalayam Village Center (Checkpost 58),10.876203,77.187233,47,68.14,16.05,Red,Rain,0,Low
2026-09-20 14:44:00,CBE-PIN-1173,Malaimanthiripalayam Village Center (Link Road 59),10.879205,77.183482,38,66.54,18.84,Green,Clear,0,Low
2026-09-20 10:43:00,CBE-PIN-1174,Malaimanthiripalayam Village Center (Checkpost 60),10.86672,77.199099,27,67.38,13.84,Green,Rain,0,Low
2026-09-20 16:56:00,CBE-PIN-1175,Malaimanthiripalayam Village Center (Bypass 61),10.874739,77.187226,56,67.46,29.32,Green,Clear,0,Low
2026-09-20 19:11:00,CBE-PIN-1176,Malaimanthiripalayam Village Center (Crossway 62),10.876374,77.190591,32,68.78,18.05,Green,Rain,0,Low
2026-09-20 19:29:00,CBE-PIN-1177,Malaimanthiripalayam Village Center (Crossway 63),10.872971,77.189684,43,50.99,16.14,Red,Clear,0,Low
2026-09-20 18:08:00,CBE-PIN-1178,Malaimanthiripalayam Village Center (Bypass 64),10.873507,77.188678,216,19.83,80.57,Red,Cloudy,0,High
2026-09-20 19:42:00,CBE-PIN-1179,Malaimanthiripalayam Village Center (Checkpost 65),10.874195,77.189268,252,18.56,92.81,Red,Cloudy,0,High
2026-09-20 14:44:00,CBE-PIN-1180,Malaimanthiripalayam Village Center (Checkpost 66),10.87183,77.188033,276,15.87,95.24,Green,Clear,0,High
2026-09-20 19:32:00,CBE-PIN-1181,Malaimanthiripalayam Village Center (Junction 67),10.873791,77.187732,64,54.41,34.19,Red,Cloudy,0,Low
2026-09-20 16:29:00,CBE-PIN-1182,Malaimanthiripalayam Village Center (Bypass 68),10.873353,77.189182,53,58.98,17.71,Red,Clear,0,Low
2026-09-20 18:24:00,CBE-PIN-1183,Malaimanthiripalayam Village Center (Approach 69),10.870727,77.183651,41,68.35,21.38,Green,Breezy,0,Low
2026-09-20 12:43:00,CBE-PIN-1184,Malaimanthiripalayam Village Center (Link Road 70),10.879522,77.186364,235,14.79,94.54,Red,Cloudy,0,High
2026-09-20 15:28:00,CBE-PIN-1185,Malaimanthiripalayam Village Center (Crossway 71),10.873243,77.188678,66,57.72,35.59,Red,Clear,0,Low
2026-09-20 11:51:00,CBE-PIN-1186,Malaimanthiripalayam Village Center (Junction 72),10.87401,77.184635,26,48.74,11.03,Green,Clear,0,Low
2026-09-20 13:51:00,CBE-PIN-1187,Malaimanthiripalayam Village Center (Junction 73),10.883917,77.186575,40,55.23,21.95,Red,Clear,0,Low
2026-09-20 17:20:00,CBE-PIN-1188,Malaimanthiripalayam Village Center (Bypass 74),10.875301,77.188154,56,62.24,21.08,Green,Clear,0,Low
2026-09-20 14:13:00,CBE-PIN-1189,Malaimanthiripalayam Village Center (Crossway 75),10.872465,77.186321,240,21.68,91.77,Green,Breezy,0,High
2026-09-20 10:03:00,CBE-PIN-1190,Malaimanthiripalayam Village Center (Junction 76),10.875515,77.184938,251,15.38,94.49,Green,Clear,0,High
2026-09-20 18:30:00,CBE-PIN-1191,Malaimanthiripalayam Village Center (Approach 77),10.874126,77.188853,191,20.87,88.56,Green,Cloudy,0,High
2026-09-20 11:22:00,CBE-PIN-1192,Malaimanthiripalayam Village Center (Checkpost 78),10.873526,77.18774,74,65.45,26.18,Red,Clear,0,Low
2026-09-20 14:46:00,CBE-PIN-1193,Malaimanthiripalayam Village Center (Bypass 79),10.869684,77.187279,217,18.85,76.93,Green,Clear,0,High
2026-09-20 14:06:00,CBE-PIN-1194,Malaimanthiripalayam Village Center (Approach 80),10.872005,77.187064,181,35.87,63.42,Red,Rain,0,Medium
2026-09-20 11:43:00,CBE-PIN-1195,Malaimanthiripalayam Village Center (Junction 81),10.874068,77.188408,200,39.26,73.72,Red,Clear,0,Medium
2026-09-20 17:57:00,CBE-PIN-1196,Malaimanthiripalayam Village Center (Junction 82),10.873816,77.182499,59,63.88,20.88,Red,Clear,0,Low
2026-09-20 09:09:00,CBE-PIN-1197,Malaimanthiripalayam Village Center (Link Road 83),10.874079,77.187608,62,55.57,19.48,Red,Clear,0,Low
2026-09-20 14:44:00,CBE-PIN-1198,Malaimanthiripalayam Village Center (Junction 84),10.86985,77.189822,56,61.42,21.35,Red,Clear,0,Low
2026-09-20 13:35:00,CBE-PIN-1199,Malaimanthiripalayam Village Center (Junction 85),10.874194,77.188071,74,58.51,28.63,Green,Clear,0,Low
2026-09-20 11:30:00,CBE-PIN-1200,Malaimanthiripalayam Village Center (Checkpost 86),10.870956,77.186009,94,53.02,33.93,Green,Clear,0,Low
2026-09-20 09:52:00,CBE-PIN-1201,Malaimanthiripalayam Village Center (Approach 87),10.874919,77.188307,40,59.53,20.83,Red,Clear,0,Low
2026-09-20 12:19:00,CBE-PIN-1202,Malaimanthiripalayam Village Center (Bypass 88),10.870302,77.185705,83,70.26,28.63,Red,Clear,0,Low
2026-09-20 17:32:00,CBE-PIN-1203,Malaimanthiripalayam Village Center (Junction 89),10.86869,77.191838,61,60.87,27.05,Red,Clear,0,Low
2026-09-20 15:05:00,CBE-PIN-1204,Malaimanthiripalayam Village Center (Link Road 90),10.880265,77.189344,120,34.88,50.16,Green,Rain,0,Medium
2026-09-20 12:19:00,CBE-PIN-1205,Malaimanthiripalayam Village Center (Checkpost 91),10.874494,77.187796,67,57.91,24.01,Yellow,Clear,0,Low
2026-09-20 17:02:00,CBE-PIN-1206,Malaimanthiripalayam Village Center (Bypass 92),10.869879,77.190169,75,50.13,27.7,Green,Clear,0,Low
2026-09-20 18:31:00,CBE-PIN-1207,Malaimanthiripalayam Village Center (Junction 93),10.874287,77.188486,105,29.5,48.4,Green,Rain,0,Medium
2026-09-20 15:20:00,CBE-PIN-1208,Malaimanthiripalayam Village Center (Crossway 94),10.869112,77.19003,192,16.88,75.71,Yellow,Rain,0,High
2026-09-20 15:05:00,CBE-PIN-1209,Malaimanthiripalayam Village Center (Junction 95),10.869476,77.194993,227,18.64,95.23,Red,Rain,0,High
2026-09-20 14:10:00,CBE-PIN-1210,Malaimanthiripalayam Village Center (Approach 96),10.872426,77.174574,146,37.74,46.74,Green,Clear,0,Medium
2026-09-20 12:48:00,CBE-PIN-1211,Malaimanthiripalayam Village Center (Approach 97),10.874132,77.188471,39,56.87,12.58,Red,Cloudy,0,Low
2026-09-20 18:09:00,CBE-PIN-1212,Malaimanthiripalayam Village Center (Approach 98),10.871846,77.189953,66,60.27,27.77,Red,Clear,0,Low
2026-09-20 12:53:00,CBE-PIN-1213,Malaimanthiripalayam Village Center (Bypass 99),10.873663,77.187669,194,20.62,84.66,Green,Clear,0,High
2026-09-20 11:33:00,CBE-PIN-1214,Malaimanthiripalayam Village Center (Crossway 100),10.874757,77.186084,70,68.68,25.8,Red,Cloudy,0,Low
2026-09-20 12:13:00,CBE-PIN-1215,Malaimanthiripalayam Village Center (Link Road 101),10.873746,77.198651,80,65.52,26.18,Green,Clear,0,Low
2026-09-20 13:06:00,CBE-PIN-1216,Malaimanthiripalayam Village Center (Link Road 102),10.87371,77.188405,43,67.37,21.03,Green,Cloudy,0,Low
2026-09-20 11:57:00,CBE-PIN-1217,Malaimanthiripalayam Village Center (Junction 103),10.872826,77.193761,66,62.5,33.14,Green,Clear,0,Low
2026-09-20 11:39:00,CBE-PIN-1218,Malaimanthiripalayam Village Center (Approach 104),10.874458,77.187116,33,69.56,18.03,Red,Breezy,0,Low
2026-09-20 18:48:00,CBE-PIN-1219,Malaimanthiripalayam Village Center (Bypass 105),10.873446,77.182427,107,66.76,38.06,Red,Rain,0,Low
2026-09-20 17:30:00,CBE-PIN-1220,Malaimanthiripalayam Village Center (Link Road 106),10.876419,77.188231,225,19.25,81.78,Red,Breezy,0,High
2026-09-20 16:05:00,CBE-PIN-1221,Malaimanthiripalayam Village Center (Junction 107),10.880057,77.189512,186,15.79,95.44,Green,Clear,0,High
2026-09-20 17:47:00,CBE-PIN-1222,Malaimanthiripalayam Village Center (Bypass 108),10.882182,77.187793,44,54.17,17.38,Red,Cloudy,0,Low
2026-09-20 13:37:00,CBE-PIN-1223,Malaimanthiripalayam Village Center (Junction 109),10.874342,77.188608,96,56.92,36.26,Yellow,Cloudy,0,Low
2026-09-20 12:31:00,CBE-PIN-1224,Malaimanthiripalayam Village Center (Junction 110),10.869953,77.186212,39,67.94,17.37,Green,Clear,0,Low
2026-09-20 11:10:00,CBE-PIN-1225,Malaimanthiripalayam Village Center (Link Road 111),10.874709,77.188685,95,51.91,34.27,Green,Clear,0,Low
2026-09-20 17:10:00,CBE-PIN-1226,Malaimanthiripalayam Village Center (Approach 112),10.873815,77.189187,257,15.04,88.72,Green,Rain,0,High
2026-09-20 17:09:00,CBE-PIN-1227,Malaimanthiripalayam Village Center (Checkpost 113),10.873563,77.196703,39,60.57,13.22,Green,Clear,0,Low
2026-09-20 19:01:00,CBE-PIN-1228,Malaimanthiripalayam Village Center (Approach 114),10.864475,77.197393,167,16.23,75.88,Green,Rain,0,High
2026-09-20 16:27:00,CBE-PIN-1229,Malaimanthiripalayam Village Center (Link Road 115),10.874242,77.182682,272,21.63,90.26,Red,Cloudy,0,High
2026-09-20 11:22:00,CBE-PIN-1230,Malaimanthiripalayam Vinayagar Temple (Crossway 1),10.872019,77.187591,166,14.42,75.26,Red,Clear,0,High
2026-09-20 18:31:00,CBE-PIN-1231,Malaimanthiripalayam Vinayagar Temple (Crossway 2),10.872793,77.190027,87,68.16,29.37,Red,Clear,0,Low
2026-09-20 19:23:00,CBE-PIN-1232,Malaimanthiripalayam Vinayagar Temple (Approach 3),10.871815,77.19067,82,60.91,29.11,Green,Clear,0,Low
2026-09-20 15:17:00,CBE-PIN-1233,Malaimanthiripalayam Vinayagar Temple (Bypass 4),10.879753,77.191647,185,21.56,75.53,Red,Clear,0,High
2026-09-20 15:34:00,CBE-PIN-1234,Malaimanthiripalayam Vinayagar Temple (Bypass 5),10.872459,77.190731,164,21.48,84.35,Red,Cloudy,0,High
2026-09-20 09:26:00,CBE-PIN-1235,Malaimanthiripalayam Vinayagar Temple (Checkpost 6),10.869114,77.190486,59,61.62,31.56,Red,Clear,0,Low
2026-09-20 15:03:00,CBE-PIN-1236,Malaimanthiripalayam Vinayagar Temple (Checkpost 7),10.871353,77.191908,214,13.4,80.81,Red,Clear,0,High
2026-09-20 18:01:00,CBE-PIN-1237,Malaimanthiripalayam Vinayagar Temple (Crossway 8),10.873479,77.192652,192,12.08,79.6,Red,Clear,0,High
2026-09-20 17:30:00,CBE-PIN-1238,Malaimanthiripalayam Vinayagar Temple (Approach 9),10.872673,77.190296,33,67.23,18.25,Green,Cloudy,0,Low
2026-09-20 17:43:00,CBE-PIN-1239,Malaimanthiripalayam Vinayagar Temple (Crossway 10),10.874814,77.190783,59,50.3,21.31,Green,Cloudy,0,Low
2026-09-20 13:42:00,CBE-PIN-1240,Malaimanthiripalayam Vinayagar Temple (Checkpost 11),10.870585,77.195858,21,67.35,10.05,Red,Cloudy,0,Low
2026-09-20 14:51:00,CBE-PIN-1241,Malaimanthiripalayam Vinayagar Temple (Bypass 12),10.869573,77.187735,258,15.84,84.58,Yellow,Clear,0,High
2026-09-20 12:25:00,CBE-PIN-1242,Malaimanthiripalayam Vinayagar Temple (Checkpost 13),10.870705,77.194574,77,62.8,28.75,Green,Rain,0,Low
2026-09-20 13:49:00,CBE-PIN-1243,Malaimanthiripalayam Vinayagar Temple (Junction 14),10.867295,77.185494,65,49.13,36.17,Yellow,Clear,0,Low
2026-09-20 11:42:00,CBE-PIN-1244,Malaimanthiripalayam Vinayagar Temple (Approach 15),10.87215,77.192437,38,47.14,13.57,Green,Clear,0,Low
2026-09-20 18:33:00,CBE-PIN-1245,Malaimanthiripalayam Vinayagar Temple (Checkpost 16),10.875133,77.186795,43,63.5,17.99,Green,Clear,0,Low
2026-09-20 09:57:00,CBE-PIN-1246,Malaimanthiripalayam Vinayagar Temple (Bypass 17),10.875798,77.184073,45,57.21,19.25,Green,Clear,0,Low
2026-09-20 19:08:00,CBE-PIN-1247,Malaimanthiripalayam Vinayagar Temple (Junction 18),10.872168,77.190154,86,47.16,32.1,Green,Rain,0,Low
2026-09-20 19:27:00,CBE-PIN-1248,Malaimanthiripalayam Vinayagar Temple (Bypass 19),10.87266,77.190419,77,54.09,29.64,Green,Cloudy,0,Low
2026-09-20 17:16:00,CBE-PIN-1249,Malaimanthiripalayam Vinayagar Temple (Bypass 20),10.873306,77.190594,74,51.94,38.35,Red,Clear,0,Low
2026-09-20 16:04:00,CBE-PIN-1250,Malaimanthiripalayam Vinayagar Temple (Junction 21),10.874471,77.189357,27,54.14,14.26,Green,Clear,0,Low
2026-09-20 15:10:00,CBE-PIN-1251,Malaimanthiripalayam Vinayagar Temple (Checkpost 22),10.869798,77.197263,90,67.49,38.54,Red,Clear,0,Low
2026-09-20 17:13:00,CBE-PIN-1252,Malaimanthiripalayam Vinayagar Temple (Junction 23),10.871332,77.1925,186,17.54,86.38,Red,Cloudy,0,High
2026-09-20 18:03:00,CBE-PIN-1253,Malaimanthiripalayam Vinayagar Temple (Crossway 24),10.874172,77.19072,63,71.13,26.17,Green,Clear,0,Low
2026-09-20 10:44:00,CBE-PIN-1254,Malaimanthiripalayam Vinayagar Temple (Crossway 25),10.871006,77.190325,56,68.89,28.08,Green,Clear,0,Low
2026-09-20 12:05:00,CBE-PIN-1255,Malaimanthiripalayam Vinayagar Temple (Crossway 26),10.870778,77.182139,249,17.93,87.58,Green,Clear,0,High
2026-09-20 19:05:00,CBE-PIN-1256,Malaimanthiripalayam Vinayagar Temple (Bypass 27),10.876536,77.191618,94,46.9,38.12,Green,Rain,0,Low
2026-09-20 19:54:00,CBE-PIN-1257,Malaimanthiripalayam Vinayagar Temple (Approach 28),10.871403,77.189329,74,51.28,32.09,Green,Clear,0,Low
2026-09-20 10:42:00,CBE-PIN-1258,Malaimanthiripalayam Vinayagar Temple (Approach 29),10.874479,77.188888,51,61.66,27.15,Red,Cloudy,0,Low
2026-09-20 16:13:00,CBE-PIN-1259,Malaimanthiripalayam Vinayagar Temple (Crossway 30),10.87201,77.189243,150,30.55,48.71,Red,Clear,0,Medium
2026-09-20 11:23:00,CBE-PIN-1260,Malaimanthiripalayam Vinayagar Temple (Junction 31),10.86877,77.190791,31,64.01,13.9,Green,Clear,0,Low
2026-09-20 17:01:00,CBE-PIN-1261,Malaimanthiripalayam Vinayagar Temple (Link Road 32),10.867369,77.189214,110,51.22,38.84,Green,Clear,0,Low
2026-09-20 19:15:00,CBE-PIN-1262,Malaimanthiripalayam Vinayagar Temple (Link Road 33),10.872768,77.189661,77,65.99,29.1,Red,Cloudy,0,Low
2026-09-20 11:07:00,CBE-PIN-1263,Malaimanthiripalayam Vinayagar Temple (Crossway 34),10.872518,77.190222,37,56.58,11.91,Red,Clear,0,Low
2026-09-20 18:55:00,CBE-PIN-1264,Malaimanthiripalayam Vinayagar Temple (Checkpost 35),10.875286,77.18948,45,48.0,24.52,Red,Cloudy,0,Low
2026-09-20 17:26:00,CBE-PIN-1265,Malaimanthiripalayam Vinayagar Temple (Link Road 36),10.871796,77.190902,123,29.9,67.32,Green,Rain,0,Medium
2026-09-20 12:40:00,CBE-PIN-1266,Malaimanthiripalayam Vinayagar Temple (Checkpost 37),10.874326,77.187868,97,24.71,47.3,Green,Clear,0,Medium
2026-09-20 10:57:00,CBE-PIN-1267,Malaimanthiripalayam Vinayagar Temple (Bypass 38),10.87422,77.188629,60,60.42,28.48,Red,Clear,0,Low
2026-09-20 12:49:00,CBE-PIN-1268,Malaimanthiripalayam Vinayagar Temple (Junction 39),10.872079,77.193009,266,21.17,90.13,Green,Clear,0,High
2026-09-20 11:28:00,CBE-PIN-1269,Malaimanthiripalayam Vinayagar Temple (Junction 40),10.872557,77.191986,224,13.89,91.44,Red,Clear,0,High
2026-09-20 19:13:00,CBE-PIN-1270,Malaimanthiripalayam Vinayagar Temple (Bypass 41),10.873081,77.19009,35,67.49,13.77,Green,Clear,0,Low
2026-09-20 15:50:00,CBE-PIN-1271,Malaimanthiripalayam Vinayagar Temple (Junction 42),10.874599,77.189526,76,70.34,29.58,Green,Clear,0,Low
2026-09-20 16:42:00,CBE-PIN-1272,Malaimanthiripalayam Vinayagar Temple (Approach 43),10.875001,77.186928,256,14.54,93.39,Green,Clear,0,High
2026-09-20 16:59:00,CBE-PIN-1273,Malaimanthiripalayam Vinayagar Temple (Approach 44),10.872532,77.192442,32,71.99,13.04,Red,Clear,0,Low
2026-09-20 16:47:00,CBE-PIN-1274,Malaimanthiripalayam Vinayagar Temple (Approach 45),10.869376,77.186345,214,20.59,78.91,Yellow,Clear,0,High
2026-09-20 12:22:00,CBE-PIN-1275,Malaimanthiripalayam Vinayagar Temple (Bypass 46),10.873421,77.189618,52,61.8,18.56,Red,Clear,0,Low
2026-09-20 11:46:00,CBE-PIN-1276,Malaimanthiripalayam Vinayagar Temple (Crossway 47),10.87172,77.188811,67,51.18,35.82,Red,Clear,0,Low
2026-09-20 14:37:00,CBE-PIN-1277,Malaimanthiripalayam Vinayagar Temple (Junction 48),10.871715,77.190092,38,46.38,20.99,Green,Clear,0,Low
2026-09-20 11:49:00,CBE-PIN-1278,Malaimanthiripalayam Vinayagar Temple (Approach 49),10.868801,77.197448,79,64.85,35.45,Green,Clear,0,Low
2026-09-20 19:13:00,CBE-PIN-1279,Malaimanthiripalayam Vinayagar Temple (Crossway 50),10.87317,77.187648,22,49.26,10.49,Red,Cloudy,0,Low
2026-09-20 17:14:00,CBE-PIN-1280,Malaimanthiripalayam Vinayagar Temple (Crossway 51),10.871405,77.195201,56,55.05,20.78,Green,Clear,0,Low
2026-09-20 11:33:00,CBE-PIN-1281,Malaimanthiripalayam Vinayagar Temple (Link Road 52),10.872848,77.190131,72,66.36,32.63,Red,Clear,0,Low
2026-09-20 18:01:00,CBE-PIN-1282,Malaimanthiripalayam Vinayagar Temple (Approach 53),10.872935,77.191182,50,65.43,23.74,Green,Clear,0,Low
2026-09-20 11:18:00,CBE-PIN-1283,Malaimanthiripalayam Vinayagar Temple (Junction 54),10.870689,77.187258,48,66.2,15.94,Green,Cloudy,0,Low
2026-09-20 16:10:00,CBE-PIN-1284,Malaimanthiripalayam Vinayagar Temple (Approach 55),10.87235,77.191238,82,59.71,36.29,Green,Clear,0,Low
2026-09-20 08:04:00,CBE-PIN-1285,Malaimanthiripalayam Vinayagar Temple (Bypass 56),10.872241,77.19235,31,64.4,11.8,Yellow,Clear,0,Low
2026-09-20 15:32:00,CBE-PIN-1286,Malaimanthiripalayam Vinayagar Temple (Checkpost 57),10.880172,77.198485,53,52.29,24.52,Green,Cloudy,0,Low
2026-09-20 15:07:00,CBE-PIN-1287,Malaimanthiripalayam Vinayagar Temple (Crossway 58),10.87012,77.190894,27,47.14,14.81,Green,Clear,0,Low
2026-09-20 12:11:00,CBE-PIN-1288,Malaimanthiripalayam Vinayagar Temple (Link Road 59),10.878277,77.18955,120,52.29,37.86,Green,Clear,0,Low
2026-09-20 12:19:00,CBE-PIN-1289,Malaimanthiripalayam Vinayagar Temple (Bypass 60),10.87268,77.192207,81,47.9,28.05,Green,Breezy,0,Low
2026-09-20 08:07:00,CBE-PIN-1290,Malaimanthiripalayam Vinayagar Temple (Checkpost 61),10.88338,77.186293,89,71.41,31.96,Red,Clear,0,Low
2026-09-20 09:13:00,CBE-PIN-1291,Malaimanthiripalayam Vinayagar Temple (Bypass 62),10.870361,77.187228,209,17.65,91.2,Green,Clear,0,High
2026-09-20 18:02:00,CBE-PIN-1292,Malaimanthiripalayam Vinayagar Temple (Checkpost 63),10.87327,77.19369,165,30.76,68.83,Red,Cloudy,0,Medium
2026-09-20 19:11:00,CBE-PIN-1293,Malaimanthiripalayam Vinayagar Temple (Approach 64),10.869026,77.190655,238,14.89,83.35,Red,Breezy,0,High
2026-09-20 12:33:00,CBE-PIN-1294,Malaimanthiripalayam Vinayagar Temple (Crossway 65),10.868967,77.193272,57,70.72,26.74,Green,Clear,0,Low
2026-09-20 12:25:00,CBE-PIN-1295,Malaimanthiripalayam Vinayagar Temple (Link Road 66),10.870441,77.193104,150,28.02,71.22,Red,Clear,0,Medium
2026-09-20 18:50:00,CBE-PIN-1296,Malaimanthiripalayam Vinayagar Temple (Link Road 67),10.873457,77.190351,90,53.34,37.56,Red,Clear,0,Low
2026-09-20 15:41:00,CBE-PIN-1297,Malaimanthiripalayam Vinayagar Temple (Bypass 68),10.87309,77.189741,101,69.5,34.53,Green,Clear,0,Low
2026-09-20 16:13:00,CBE-PIN-1298,Malaimanthiripalayam Vinayagar Temple (Approach 69),10.872031,77.189979,139,30.21,60.19,Red,Clear,0,Medium
2026-09-20 16:55:00,CBE-PIN-1299,Malaimanthiripalayam Vinayagar Temple (Junction 70),10.874367,77.188719,224,20.27,76.0,Green,Cloudy,0,High
2026-09-20 19:20:00,CBE-PIN-1300,Malaimanthiripalayam Vinayagar Temple (Approach 71),10.872642,77.190237,56,70.21,21.36,Red,Clear,0,Low
2026-09-20 14:23:00,CBE-PIN-1301,Malaimanthiripalayam Vinayagar Temple (Link Road 72),10.869888,77.193624,75,28.28,40.34,Red,Clear,0,Medium
2026-09-20 17:01:00,CBE-PIN-1302,Malaimanthiripalayam Vinayagar Temple (Checkpost 73),10.871102,77.194481,94,56.81,32.01,Red,Cloudy,0,Low
2026-09-20 08:21:00,CBE-PIN-1303,Malaimanthiripalayam Vinayagar Temple (Crossway 74),10.872737,77.190665,55,71.99,21.77,Red,Clear,0,Low
2026-09-20 18:50:00,CBE-PIN-1304,Malaimanthiripalayam Vinayagar Temple (Junction 75),10.871429,77.191476,44,46.54,17.8,Red,Clear,0,Low
2026-09-20 09:20:00,CBE-PIN-1305,Malaimanthiripalayam Vinayagar Temple (Approach 76),10.876124,77.189102,221,17.6,91.4,Red,Clear,0,High
2026-09-20 13:12:00,CBE-PIN-1306,Malaimanthiripalayam Vinayagar Temple (Approach 77),10.872954,77.190528,25,49.17,13.63,Red,Rain,0,Low
2026-09-20 10:54:00,CBE-PIN-1307,Malaimanthiripalayam Vinayagar Temple (Crossway 78),10.873327,77.190855,42,50.09,13.45,Yellow,Cloudy,0,Low
2026-09-20 14:58:00,CBE-PIN-1308,Malaimanthiripalayam Vinayagar Temple (Checkpost 79),10.872345,77.190625,58,65.1,21.15,Green,Clear,0,Low
2026-09-20 13:38:00,CBE-PIN-1309,Malaimanthiripalayam Vinayagar Temple (Crossway 80),10.871934,77.190558,64,67.25,25.85,Green,Breezy,0,Low
2026-09-20 15:37:00,CBE-PIN-1310,Malaimanthiripalayam Vinayagar Temple (Approach 81),10.873249,77.189675,43,60.37,21.5,Red,Clear,0,Low
2026-09-20 15:30:00,CBE-PIN-1311,Malaimanthiripalayam Vinayagar Temple (Junction 82),10.871013,77.197153,51,66.71,17.26,Green,Cloudy,0,Low
2026-09-20 14:40:00,CBE-PIN-1312,Malaimanthiripalayam Vinayagar Temple (Checkpost 83),10.876712,77.190499,183,17.49,81.04,Green,Clear,0,High
2026-09-20 11:16:00,CBE-PIN-1313,Malaimanthiripalayam Vinayagar Temple (Link Road 84),10.872595,77.19034,42,53.43,22.55,Red,Cloudy,0,Low
2026-09-20 15:56:00,CBE-PIN-1314,Malaimanthiripalayam Vinayagar Temple (Bypass 85),10.876176,77.188971,34,62.44,15.77,Red,Clear,0,Low
2026-09-20 13:17:00,CBE-PIN-1315,Malaimanthiripalayam Vinayagar Temple (Approach 86),10.860279,77.195899,223,17.19,78.77,Green,Clear,0,High
2026-09-20 11:27:00,CBE-PIN-1316,Malaimanthiripalayam Vinayagar Temple (Junction 87),10.871483,77.190895,35,52.87,15.95,Green,Clear,0,Low
2026-09-20 09:47:00,CBE-PIN-1317,Malaimanthiripalayam Vinayagar Temple (Link Road 88),10.875976,77.189564,253,12.76,94.98,Green,Clear,0,High
2026-09-20 17:19:00,CBE-PIN-1318,Malaimanthiripalayam Vinayagar Temple (Checkpost 89),10.872794,77.190253,66,52.52,29.6,Red,Cloudy,0,Low
2026-09-20 19:01:00,CBE-PIN-1319,Malaimanthiripalayam Vinayagar Temple (Link Road 90),10.867047,77.186147,43,48.75,14.49,Red,Rain,0,Low
2026-09-20 10:16:00,CBE-PIN-1320,Malaimanthiripalayam Vinayagar Temple (Bypass 91),10.869197,77.187989,32,56.61,10.45,Red,Clear,0,Low
2026-09-20 08:53:00,CBE-PIN-1321,Malaimanthiripalayam Vinayagar Temple (Junction 92),10.872289,77.186878,56,51.58,29.28,Green,Clear,0,Low
2026-09-20 12:07:00,CBE-PIN-1322,Malaimanthiripalayam Vinayagar Temple (Bypass 93),10.874512,77.189181,171,33.12,64.6,Green,Clear,0,Medium
2026-09-20 17:34:00,CBE-PIN-1323,Malaimanthiripalayam Vinayagar Temple (Approach 94),10.87302,77.194576,196,13.99,93.43,Red,Clear,0,High
2026-09-20 13:37:00,CBE-PIN-1324,Malaimanthiripalayam Vinayagar Temple (Checkpost 95),10.872803,77.190426,86,65.05,27.6,Green,Cloudy,0,Low
2026-09-20 18:02:00,CBE-PIN-1325,Malaimanthiripalayam Vinayagar Temple (Checkpost 96),10.874856,77.184499,34,60.15,15.81,Green,Cloudy,0,Low
2026-09-20 17:08:00,CBE-PIN-1326,Malaimanthiripalayam Vinayagar Temple (Approach 97),10.872074,77.190556,64,54.67,35.09,Green,Rain,0,Low
2026-09-20 18:18:00,CBE-PIN-1327,Malaimanthiripalayam Vinayagar Temple (Crossway 98),10.866653,77.194029,70,67.67,24.48,Yellow,Clear,0,Low
2026-09-20 09:27:00,CBE-PIN-1328,Malaimanthiripalayam Vinayagar Temple (Bypass 99),10.867418,77.190197,56,51.23,27.12,Red,Clear,0,Low
2026-09-20 19:53:00,CBE-PIN-1329,Malaimanthiripalayam Vinayagar Temple (Bypass 100),10.872791,77.190161,36,70.02,13.24,Green,Clear,0,Low
2026-09-20 16:54:00,CBE-PIN-1330,Malaimanthiripalayam Vinayagar Temple (Approach 101),10.874386,77.186479,187,14.89,81.51,Red,Clear,0,High
2026-09-20 10:56:00,CBE-PIN-1331,Malaimanthiripalayam Vinayagar Temple (Junction 102),10.875382,77.1854,82,69.76,37.63,Red,Clear,0,Low
2026-09-20 09:26:00,CBE-PIN-1332,Malaimanthiripalayam Vinayagar Temple (Approach 103),10.869379,77.197637,187,20.29,82.33,Yellow,Cloudy,0,High
2026-09-20 14:11:00,CBE-PIN-1333,Malaimanthiripalayam Vinayagar Temple (Crossway 104),10.87276,77.190224,44,57.94,21.92,Red,Cloudy,0,Low
2026-09-20 11:54:00,CBE-PIN-1334,Malaimanthiripalayam Vinayagar Temple (Junction 105),10.8719,77.185675,37,50.2,12.42,Red,Clear,0,Low
2026-09-20 10:06:00,CBE-PIN-1335,Malaimanthiripalayam Vinayagar Temple (Link Road 106),10.870775,77.187914,185,14.12,81.53,Green,Clear,0,High
2026-09-20 10:54:00,CBE-PIN-1336,Malaimanthiripalayam Vinayagar Temple (Junction 107),10.859303,77.18365,71,65.6,35.27,Green,Cloudy,0,Low
2026-09-20 13:16:00,CBE-PIN-1337,Malaimanthiripalayam Vinayagar Temple (Crossway 108),10.866712,77.193959,32,59.85,13.35,Green,Cloudy,0,Low
2026-09-20 11:12:00,CBE-PIN-1338,Malaimanthiripalayam Vinayagar Temple (Approach 109),10.872377,77.190167,86,63.65,32.42,Green,Breezy,0,Low
2026-09-20 19:07:00,CBE-PIN-1339,Malaimanthiripalayam Vinayagar Temple (Approach 110),10.871949,77.188574,78,51.77,30.72,Green,Rain,0,Low
2026-09-20 13:38:00,CBE-PIN-1340,Malaimanthiripalayam Vinayagar Temple (Link Road 111),10.875613,77.184354,98,54.67,32.96,Green,Clear,0,Low
2026-09-20 18:47:00,CBE-PIN-1341,Malaimanthiripalayam Vinayagar Temple (Checkpost 112),10.872531,77.190258,89,66.89,36.15,Red,Clear,0,Low
2026-09-20 13:34:00,CBE-PIN-1342,Malaimanthiripalayam Vinayagar Temple (Bypass 113),10.872514,77.183614,73,71.52,23.06,Green,Clear,0,Low
2026-09-20 16:26:00,CBE-PIN-1343,Malaimanthiripalayam Vinayagar Temple (Bypass 114),10.872424,77.190985,33,55.69,11.99,Green,Clear,0,Low
2026-09-20 10:03:00,CBE-PIN-1344,Malaimanthiripalayam Vinayagar Temple (Junction 115),10.872792,77.190172,162,37.9,56.46,Green,Clear,0,Medium
2026-09-20 13:13:00,CBE-PIN-1345,Senjerimalai Sri Mandhrakiri Murugan Temple (Hilltop Premises) (Bypass 1),10.834504,77.196265,63,66.33,31.8,Green,Cloudy,0,Low
2026-09-20 17:35:00,CBE-PIN-1346,Senjerimalai Sri Mandhrakiri Murugan Temple (Hilltop Premises) (Junction 2),10.826401,77.190941,285,13.95,93.7,Green,Rain,0,High
2026-09-20 08:58:00,CBE-PIN-1347,Senjerimalai Sri Mandhrakiri Murugan Temple (Hilltop Premises) (Approach 3),10.829449,77.19376,38,64.63,17.86,Red,Clear,0,Low
2026-09-20 14:35:00,CBE-PIN-1348,Senjerimalai Sri Mandhrakiri Murugan Temple (Hilltop Premises) (Link Road 4),10.822418,77.197995,36,50.89,12.23,Green,Cloudy,0,Low
2026-09-20 10:08:00,CBE-PIN-1349,Senjerimalai Sri Mandhrakiri Murugan Temple (Hilltop Premises) (Checkpost 5),10.830168,77.193136,81,52.87,37.23,Red,Cloudy,0,Low
2026-09-20 14:27:00,CBE-PIN-1350,Senjerimalai Sri Mandhrakiri Murugan Temple (Hilltop Premises) (Checkpost 6),10.829556,77.193388,84,52.88,29.2,Green,Cloudy,0,Low
2026-09-20 17:50:00,CBE-PIN-1351,Senjerimalai Sri Mandhrakiri Murugan Temple (Hilltop Premises) (Crossway 7),10.829842,77.193629,216,16.64,80.54,Green,Rain,0,High
2026-09-20 12:17:00,CBE-PIN-1352,Senjerimalai Sri Mandhrakiri Murugan Temple (Hilltop Premises) (Link Road 8),10.830263,77.192283,265,17.14,90.46,Green,Cloudy,0,High
2026-09-20 15:30:00,CBE-PIN-1353,Senjerimalai Sri Mandhrakiri Murugan Temple (Hilltop Premises) (Crossway 9),10.835854,77.192947,81,70.27,33.24,Green,Cloudy,0,Low
2026-09-20 16:27:00,CBE-PIN-1354,Senjerimalai Sri Mandhrakiri Murugan Temple (Hilltop Premises) (Crossway 10),10.829404,77.195464,73,69.18,34.63,Red,Clear,0,Low
2026-09-20 13:54:00,CBE-PIN-1355,Senjerimalai Sri Mandhrakiri Murugan Temple (Hilltop Premises) (Link Road 11),10.830158,77.190793,91,47.01,34.28,Green,Cloudy,0,Low
2026-09-20 19:04:00,CBE-PIN-1356,Senjerimalai Sri Mandhrakiri Murugan Temple (Hilltop Premises) (Bypass 12),10.827249,77.192619,59,65.67,22.83,Green,Cloudy,0,Low
2026-09-20 17:21:00,CBE-PIN-1357,Senjerimalai Sri Mandhrakiri Murugan Temple (Hilltop Premises) (Bypass 13),10.828671,77.195319,70,62.46,23.61,Yellow,Clear,0,Low
2026-09-20 15:50:00,CBE-PIN-1358,Senjerimalai Sri Mandhrakiri Murugan Temple (Hilltop Premises) (Link Road 14),10.832131,77.193296,41,67.65,20.51,Green,Rain,0,Low
2026-09-20 12:19:00,CBE-PIN-1359,Senjerimalai Sri Mandhrakiri Murugan Temple (Hilltop Premises) (Approach 15),10.828333,77.190304,29,53.16,14.53,Green,Cloudy,0,Low
2026-09-20 14:14:00,CBE-PIN-1360,Senjerimalai Sri Mandhrakiri Murugan Temple (Hilltop Premises) (Link Road 16),10.826145,77.195272,29,50.41,10.56,Green,Cloudy,0,Low
2026-09-20 15:17:00,CBE-PIN-1361,Senjerimalai Sri Mandhrakiri Murugan Temple (Hilltop Premises) (Junction 17),10.833547,77.183471,61,58.7,21.65,Red,Clear,0,Low
2026-09-20 16:38:00,CBE-PIN-1362,Senjerimalai Sri Mandhrakiri Murugan Temple (Hilltop Premises) (Crossway 18),10.826325,77.191834,298,14.31,94.23,Green,Clear,0,High
2026-09-20 15:44:00,CBE-PIN-1363,Senjerimalai Sri Mandhrakiri Murugan Temple (Hilltop Premises) (Approach 19),10.825855,77.198173,38,49.26,15.82,Green,Clear,0,Low
2026-09-20 16:13:00,CBE-PIN-1364,Senjerimalai Sri Mandhrakiri Murugan Temple (Hilltop Premises) (Link Road 20),10.831171,77.194746,267,21.75,92.16,Yellow,Rain,0,High
2026-09-20 18:37:00,CBE-PIN-1365,Senjerimalai Sri Mandhrakiri Murugan Temple (Hilltop Premises) (Approach 21),10.83096,77.196163,241,21.42,76.57,Yellow,Clear,0,High
2026-09-20 08:38:00,CBE-PIN-1366,Senjerimalai Sri Mandhrakiri Murugan Temple (Hilltop Premises) (Bypass 22),10.828857,77.199715,110,30.29,47.91,Green,Clear,0,Medium
2026-09-20 14:15:00,CBE-PIN-1367,Senjerimalai Sri Mandhrakiri Murugan Temple (Hilltop Premises) (Checkpost 23),10.830614,77.194517,49,49.82,19.94,Red,Rain,0,Low
2026-09-20 09:51:00,CBE-PIN-1368,Senjerimalai Sri Mandhrakiri Murugan Temple (Hilltop Premises) (Bypass 24),10.824596,77.191989,212,17.81,85.62,Red,Cloudy,0,High
2026-09-20 09:28:00,CBE-PIN-1369,Senjerimalai Sri Mandhrakiri Murugan Temple (Hilltop Premises) (Junction 25),10.82861,77.194522,60,47.48,22.14,Green,Clear,0,Low
2026-09-20 18:59:00,CBE-PIN-1370,Senjerimalai Sri Mandhrakiri Murugan Temple (Hilltop Premises) (Junction 26),10.830704,77.193196,80,67.84,38.69,Yellow,Rain,0,Low
2026-09-20 08:17:00,CBE-PIN-1371,Senjerimalai Sri Mandhrakiri Murugan Temple (Hilltop Premises) (Bypass 27),10.829725,77.191829,48,67.79,20.48,Green,Rain,0,Low
2026-09-20 12:29:00,CBE-PIN-1372,Senjerimalai Sri Mandhrakiri Murugan Temple (Hilltop Premises) (Checkpost 28),10.83619,77.189792,66,59.26,31.35,Green,Clear,0,Low
2026-09-20 11:56:00,CBE-PIN-1373,Senjerimalai Sri Mandhrakiri Murugan Temple (Hilltop Premises) (Checkpost 29),10.827216,77.196929,233,17.71,78.89,Red,Clear,0,High
2026-09-20 14:26:00,CBE-PIN-1374,Senjerimalai Sri Mandhrakiri Murugan Temple (Hilltop Premises) (Link Road 30),10.840851,77.188778,47,49.72,20.86,Green,Cloudy,0,Low
2026-09-20 17:55:00,CBE-PIN-1375,Senjerimalai Sri Mandhrakiri Murugan Temple (Hilltop Premises) (Checkpost 31),10.828558,77.19356,49,46.66,17.33,Green,Clear,0,Low
2026-09-20 12:32:00,CBE-PIN-1376,Senjerimalai Sri Mandhrakiri Murugan Temple (Hilltop Premises) (Junction 32),10.829694,77.194087,104,28.87,49.02,Green,Clear,0,Medium
2026-09-20 10:35:00,CBE-PIN-1377,Senjerimalai Sri Mandhrakiri Murugan Temple (Hilltop Premises) (Approach 33),10.832948,77.193077,75,66.43,27.11,Green,Clear,0,Low
2026-09-20 13:37:00,CBE-PIN-1378,Senjerimalai Sri Mandhrakiri Murugan Temple (Hilltop Premises) (Crossway 34),10.830015,77.191688,57,70.31,20.9,Green,Cloudy,0,Low
2026-09-20 14:23:00,CBE-PIN-1379,Senjerimalai Sri Mandhrakiri Murugan Temple (Hilltop Premises) (Bypass 35),10.833343,77.195226,185,18.7,84.83,Green,Clear,0,High
2026-09-20 10:19:00,CBE-PIN-1380,Senjerimalai Sri Mandhrakiri Murugan Temple (Hilltop Premises) (Approach 36),10.847582,77.185635,46,65.6,16.25,Green,Clear,0,Low
2026-09-20 18:14:00,CBE-PIN-1381,Senjerimalai Sri Mandhrakiri Murugan Temple (Hilltop Premises) (Link Road 37),10.833188,77.202499,42,61.88,15.8,Red,Clear,0,Low
2026-09-20 16:12:00,CBE-PIN-1382,Senjerimalai Sri Mandhrakiri Murugan Temple (Hilltop Premises) (Link Road 38),10.823478,77.19184,52,70.11,20.61,Green,Clear,0,Low
2026-09-20 12:32:00,CBE-PIN-1383,Senjerimalai Sri Mandhrakiri Murugan Temple (Hilltop Premises) (Checkpost 39),10.829995,77.195674,244,21.61,89.03,Red,Clear,0,High
2026-09-20 08:57:00,CBE-PIN-1384,Senjerimalai Sri Mandhrakiri Murugan Temple (Hilltop Premises) (Crossway 40),10.8358,77.185802,32,65.22,18.05,Green,Clear,0,Low
2026-09-20 11:29:00,CBE-PIN-1385,Senjerimalai Sri Mandhrakiri Murugan Temple (Hilltop Premises) (Approach 41),10.828924,77.190917,61,54.11,19.86,Red,Clear,0,Low
2026-09-20 18:53:00,CBE-PIN-1386,Senjerimalai Sri Mandhrakiri Murugan Temple (Hilltop Premises) (Crossway 42),10.82342,77.200835,190,12.92,78.42,Green,Clear,0,High
2026-09-20 10:31:00,CBE-PIN-1387,Senjerimalai Sri Mandhrakiri Murugan Temple (Hilltop Premises) (Crossway 43),10.829897,77.196428,62,65.53,31.86,Green,Clear,0,Low
2026-09-20 15:13:00,CBE-PIN-1388,Senjerimalai Sri Mandhrakiri Murugan Temple (Hilltop Premises) (Bypass 44),10.830313,77.192078,88,52.49,30.8,Red,Rain,0,Low
2026-09-20 15:12:00,CBE-PIN-1389,Senjerimalai Sri Mandhrakiri Murugan Temple (Hilltop Premises) (Bypass 45),10.82973,77.194578,73,64.97,37.27,Green,Cloudy,0,Low
2026-09-20 09:09:00,CBE-PIN-1390,Senjerimalai Sri Mandhrakiri Murugan Temple (Hilltop Premises) (Approach 46),10.828685,77.193967,50,53.8,27.29,Red,Clear,0,Low
2026-09-20 10:17:00,CBE-PIN-1391,Senjerimalai Sri Mandhrakiri Murugan Temple (Hilltop Premises) (Approach 47),10.832884,77.19449,268,20.73,85.99,Red,Clear,0,High
2026-09-20 11:16:00,CBE-PIN-1392,Senjerimalai Sri Mandhrakiri Murugan Temple (Hilltop Premises) (Approach 48),10.829719,77.199498,252,12.76,82.59,Green,Clear,0,High
2026-09-20 15:24:00,CBE-PIN-1393,Senjerimalai Sri Mandhrakiri Murugan Temple (Hilltop Premises) (Crossway 49),10.828806,77.191008,104,51.8,35.32,Green,Cloudy,0,Low
2026-09-20 17:47:00,CBE-PIN-1394,Senjerimalai Sri Mandhrakiri Murugan Temple (Hilltop Premises) (Approach 50),10.829107,77.206418,101,31.3,41.71,Red,Clear,0,Medium
2026-09-20 19:17:00,CBE-PIN-1395,Senjerimalai Sri Mandhrakiri Murugan Temple (Hilltop Premises) (Link Road 51),10.82908,77.19353,77,55.34,33.88,Red,Cloudy,0,Low
2026-09-20 14:05:00,CBE-PIN-1396,Senjerimalai Sri Mandhrakiri Murugan Temple (Hilltop Premises) (Checkpost 52),10.830327,77.192892,197,12.85,84.8,Green,Cloudy,0,High
2026-09-20 17:29:00,CBE-PIN-1397,Senjerimalai Sri Mandhrakiri Murugan Temple (Hilltop Premises) (Approach 53),10.830608,77.192679,88,53.89,37.04,Green,Clear,0,Low
2026-09-20 15:41:00,CBE-PIN-1398,Senjerimalai Sri Mandhrakiri Murugan Temple (Hilltop Premises) (Crossway 54),10.831057,77.193697,186,18.54,88.0,Red,Rain,0,High
2026-09-20 10:01:00,CBE-PIN-1399,Senjerimalai Sri Mandhrakiri Murugan Temple (Hilltop Premises) (Bypass 55),10.824667,77.193799,260,18.93,88.61,Green,Cloudy,0,High
2026-09-20 15:42:00,CBE-PIN-1400,Senjerimalai Sri Mandhrakiri Murugan Temple (Hilltop Premises) (Checkpost 56),10.829127,77.194937,171,15.55,83.68,Red,Cloudy,0,High
2026-09-20 10:15:00,CBE-PIN-1401,Senjerimalai Sri Mandhrakiri Murugan Temple (Hilltop Premises) (Link Road 57),10.82992,77.194067,151,27.53,69.9,Red,Clear,0,Medium
2026-09-20 15:37:00,CBE-PIN-1402,Senjerimalai Sri Mandhrakiri Murugan Temple (Hilltop Premises) (Checkpost 58),10.829943,77.194046,48,55.87,19.18,Green,Clear,0,Low
2026-09-20 18:33:00,CBE-PIN-1403,Senjerimalai Sri Mandhrakiri Murugan Temple (Hilltop Premises) (Crossway 59),10.825705,77.1962,82,49.81,34.15,Red,Clear,0,Low
2026-09-20 11:31:00,CBE-PIN-1404,Senjerimalai Sri Mandhrakiri Murugan Temple (Hilltop Premises) (Checkpost 60),10.830722,77.193685,56,58.58,24.91,Red,Clear,0,Low
2026-09-20 14:55:00,CBE-PIN-1405,Senjerimalai Sri Mandhrakiri Murugan Temple (Hilltop Premises) (Checkpost 61),10.829847,77.194222,63,71.11,21.46,Yellow,Cloudy,0,Low
2026-09-20 09:15:00,CBE-PIN-1406,Senjerimalai Sri Mandhrakiri Murugan Temple (Hilltop Premises) (Checkpost 62),10.830985,77.195446,90,57.81,32.63,Red,Breezy,0,Low
2026-09-20 08:29:00,CBE-PIN-1407,Senjerimalai Sri Mandhrakiri Murugan Temple (Hilltop Premises) (Approach 63),10.830498,77.193936,38,51.79,18.91,Red,Clear,0,Low
2026-09-20 08:24:00,CBE-PIN-1408,Senjerimalai Sri Mandhrakiri Murugan Temple (Hilltop Premises) (Checkpost 64),10.825536,77.196638,43,48.19,21.4,Red,Clear,0,Low
2026-09-20 17:35:00,CBE-PIN-1409,Senjerimalai Sri Mandhrakiri Murugan Temple (Hilltop Premises) (Junction 65),10.83068,77.194635,58,70.65,18.83,Yellow,Clear,0,Low
2026-09-20 12:21:00,CBE-PIN-1410,Senjerimalai Sri Mandhrakiri Murugan Temple (Hilltop Premises) (Approach 66),10.829984,77.194244,31,56.22,10.83,Red,Clear,0,Low
2026-09-20 12:42:00,CBE-PIN-1411,Senjerimalai Sri Mandhrakiri Murugan Temple (Hilltop Premises) (Checkpost 67),10.832858,77.194977,121,44.45,58.5,Red,Clear,0,Medium
2026-09-20 18:29:00,CBE-PIN-1412,Senjerimalai Sri Mandhrakiri Murugan Temple (Hilltop Premises) (Crossway 68),10.829322,77.194533,215,15.18,80.45,Red,Clear,0,High
2026-09-20 11:47:00,CBE-PIN-1413,Senjerimalai Sri Mandhrakiri Murugan Temple (Hilltop Premises) (Checkpost 69),10.829588,77.195588,82,68.64,32.01,Red,Cloudy,0,Low
2026-09-20 11:43:00,CBE-PIN-1414,Senjerimalai Sri Mandhrakiri Murugan Temple (Hilltop Premises) (Junction 70),10.830167,77.195389,58,60.23,31.28,Red,Clear,0,Low
2026-09-20 17:09:00,CBE-PIN-1415,Senjerimalai Sri Mandhrakiri Murugan Temple (Hilltop Premises) (Checkpost 71),10.826597,77.196826,243,18.42,80.46,Green,Rain,0,High
2026-09-20 12:59:00,CBE-PIN-1416,Senjerimalai Sri Mandhrakiri Murugan Temple (Hilltop Premises) (Junction 72),10.831595,77.196339,163,12.45,88.78,Yellow,Clear,0,High
2026-09-20 18:06:00,CBE-PIN-1417,Senjerimalai Sri Mandhrakiri Murugan Temple (Hilltop Premises) (Crossway 73),10.829414,77.194187,261,15.52,91.0,Yellow,Cloudy,0,High
2026-09-20 09:46:00,CBE-PIN-1418,Senjerimalai Sri Mandhrakiri Murugan Temple (Hilltop Premises) (Approach 74),10.826664,77.195315,56,59.02,28.7,Red,Clear,0,Low
2026-09-20 11:00:00,CBE-PIN-1419,Senjerimalai Sri Mandhrakiri Murugan Temple (Hilltop Premises) (Junction 75),10.827781,77.192633,248,16.71,85.34,Green,Cloudy,0,High
2026-09-20 11:01:00,CBE-PIN-1420,Senjerimalai Sri Mandhrakiri Murugan Temple (Hilltop Premises) (Junction 76),10.82963,77.194184,273,12.93,95.24,Red,Clear,0,High
2026-09-20 14:00:00,CBE-PIN-1421,Senjerimalai Sri Mandhrakiri Murugan Temple (Hilltop Premises) (Checkpost 77),10.831512,77.194214,178,12.18,84.75,Red,Clear,0,High
2026-09-20 15:53:00,CBE-PIN-1422,Senjerimalai Sri Mandhrakiri Murugan Temple (Hilltop Premises) (Approach 78),10.832067,77.19659,97,47.17,31.29,Red,Clear,0,Low
2026-09-20 18:35:00,CBE-PIN-1423,Senjerimalai Sri Mandhrakiri Murugan Temple (Hilltop Premises) (Bypass 79),10.829803,77.19421,154,14.59,75.58,Red,Clear,0,High
2026-09-20 18:21:00,CBE-PIN-1424,Senjerimalai Sri Mandhrakiri Murugan Temple (Hilltop Premises) (Checkpost 80),10.823787,77.184119,259,20.9,87.11,Red,Clear,0,High
2026-09-20 13:55:00,CBE-PIN-1425,Senjerimalai Sri Mandhrakiri Murugan Temple (Hilltop Premises) (Approach 81),10.832009,77.187586,213,20.52,95.82,Green,Cloudy,0,High
2026-09-20 15:41:00,CBE-PIN-1426,Senjerimalai Sri Mandhrakiri Murugan Temple (Hilltop Premises) (Checkpost 82),10.827558,77.192193,216,19.56,76.72,Red,Clear,0,High
2026-09-20 16:14:00,CBE-PIN-1427,Senjerimalai Sri Mandhrakiri Murugan Temple (Hilltop Premises) (Bypass 83),10.828402,77.19175,117,26.83,43.21,Red,Cloudy,0,Medium
2026-09-20 15:55:00,CBE-PIN-1428,Senjerimalai Sri Mandhrakiri Murugan Temple (Hilltop Premises) (Link Road 84),10.82612,77.196838,20,49.07,10.0,Red,Cloudy,0,Low
2026-09-20 18:06:00,CBE-PIN-1429,Senjerimalai Sri Mandhrakiri Murugan Temple (Hilltop Premises) (Checkpost 85),10.832987,77.186984,71,69.37,26.04,Green,Cloudy,0,Low
2026-09-20 17:25:00,CBE-PIN-1430,Senjerimalai Sri Mandhrakiri Murugan Temple (Hilltop Premises) (Link Road 86),10.830113,77.195909,31,49.59,12.35,Green,Cloudy,0,Low
2026-09-20 13:25:00,CBE-PIN-1431,Senjerimalai Sri Mandhrakiri Murugan Temple (Hilltop Premises) (Crossway 87),10.832908,77.194115,52,54.5,18.87,Red,Clear,0,Low
2026-09-20 09:41:00,CBE-PIN-1432,Senjerimalai Sri Mandhrakiri Murugan Temple (Hilltop Premises) (Link Road 88),10.829573,77.190365,214,17.73,80.39,Red,Clear,0,High
2026-09-20 11:19:00,CBE-PIN-1433,Senjerimalai Sri Mandhrakiri Murugan Temple (Hilltop Premises) (Junction 89),10.831007,77.194388,87,62.04,34.65,Red,Clear,0,Low
2026-09-20 11:26:00,CBE-PIN-1434,Senjerimalai Sri Mandhrakiri Murugan Temple (Hilltop Premises) (Checkpost 90),10.829511,77.195288,63,62.95,34.14,Red,Breezy,0,Low
2026-09-20 11:51:00,CBE-PIN-1435,Senjerimalai Sri Mandhrakiri Murugan Temple (Hilltop Premises) (Link Road 91),10.832213,77.193134,174,15.99,87.57,Green,Clear,0,High
2026-09-20 17:22:00,CBE-PIN-1436,Senjerimalai Sri Mandhrakiri Murugan Temple (Hilltop Premises) (Crossway 92),10.83729,77.19797,82,64.21,32.34,Green,Clear,0,Low
2026-09-20 15:59:00,CBE-PIN-1437,Senjerimalai Sri Mandhrakiri Murugan Temple (Hilltop Premises) (Approach 93),10.841343,77.188262,104,53.88,38.03,Red,Cloudy,0,Low
2026-09-20 08:53:00,CBE-PIN-1438,Senjerimalai Sri Mandhrakiri Murugan Temple (Hilltop Premises) (Crossway 94),10.827934,77.19624,60,54.27,26.81,Green,Clear,0,Low
2026-09-20 09:18:00,CBE-PIN-1439,Senjerimalai Sri Mandhrakiri Murugan Temple (Hilltop Premises) (Checkpost 95),10.831824,77.197396,61,57.75,20.29,Yellow,Clear,0,Low
2026-09-20 16:09:00,CBE-PIN-1440,Senjerimalai Sri Mandhrakiri Murugan Temple (Hilltop Premises) (Checkpost 96),10.826985,77.196654,23,62.85,11.78,Red,Cloudy,0,Low
2026-09-20 11:07:00,CBE-PIN-1441,Senjerimalai Sri Mandhrakiri Murugan Temple (Hilltop Premises) (Junction 97),10.830301,77.195166,65,48.89,35.18,Green,Clear,0,Low
2026-09-20 12:51:00,CBE-PIN-1442,Senjerimalai Sri Mandhrakiri Murugan Temple (Hilltop Premises) (Junction 98),10.829579,77.193398,195,15.64,77.07,Green,Clear,0,High
2026-09-20 15:00:00,CBE-PIN-1443,Senjerimalai Sri Mandhrakiri Murugan Temple (Hilltop Premises) (Approach 99),10.829381,77.193891,219,20.79,86.73,Red,Clear,0,High
2026-09-20 09:29:00,CBE-PIN-1444,Senjerimalai Sri Mandhrakiri Murugan Temple (Hilltop Premises) (Crossway 100),10.82745,77.194659,189,15.15,91.62,Green,Clear,0,High
2026-09-20 08:18:00,CBE-PIN-1445,Senjerimalai Sri Mandhrakiri Murugan Temple (Hilltop Premises) (Crossway 101),10.823019,77.208011,144,32.28,60.51,Green,Cloudy,0,Medium
2026-09-20 17:00:00,CBE-PIN-1446,Senjerimalai Sri Mandhrakiri Murugan Temple (Hilltop Premises) (Approach 102),10.837723,77.19472,228,19.86,87.98,Red,Rain,0,High
2026-09-20 11:05:00,CBE-PIN-1447,Senjerimalai Sri Mandhrakiri Murugan Temple (Hilltop Premises) (Approach 103),10.829784,77.194145,234,13.27,78.97,Red,Cloudy,0,High
2026-09-20 15:05:00,CBE-PIN-1448,Senjerimalai Sri Mandhrakiri Murugan Temple (Hilltop Premises) (Approach 104),10.829124,77.194481,185,17.04,76.43,Red,Rain,0,High
2026-09-20 19:01:00,CBE-PIN-1449,Senjerimalai Sri Mandhrakiri Murugan Temple (Hilltop Premises) (Crossway 105),10.829965,77.201241,199,16.15,75.3,Green,Clear,0,High
2026-09-20 13:38:00,CBE-PIN-1450,Senjerimalai Sri Mandhrakiri Murugan Temple (Hilltop Premises) (Junction 106),10.82896,77.194068,47,48.08,22.81,Red,Clear,0,Low
2026-09-20 13:39:00,CBE-PIN-1451,Senjerimalai Sri Mandhrakiri Murugan Temple (Hilltop Premises) (Bypass 107),10.831534,77.194761,38,58.57,21.1,Red,Cloudy,0,Low
2026-09-20 13:26:00,CBE-PIN-1452,Senjerimalai Sri Mandhrakiri Murugan Temple (Hilltop Premises) (Checkpost 108),10.827421,77.193355,51,51.25,17.49,Green,Clear,0,Low
2026-09-20 13:05:00,CBE-PIN-1453,Senjerimalai Sri Mandhrakiri Murugan Temple (Hilltop Premises) (Bypass 109),10.827776,77.193873,176,36.37,55.45,Green,Clear,0,Medium
2026-09-20 11:09:00,CBE-PIN-1454,Senjerimalai Sri Mandhrakiri Murugan Temple (Hilltop Premises) (Crossway 110),10.83002,77.190209,172,12.59,89.51,Red,Clear,0,High
2026-09-20 16:00:00,CBE-PIN-1455,Senjerimalai Sri Mandhrakiri Murugan Temple (Hilltop Premises) (Bypass 111),10.829545,77.193624,186,15.31,91.09,Red,Cloudy,0,High
2026-09-20 16:56:00,CBE-PIN-1456,Senjerimalai Sri Mandhrakiri Murugan Temple (Hilltop Premises) (Bypass 112),10.832934,77.19334,43,54.2,21.4,Green,Clear,0,Low
2026-09-20 15:18:00,CBE-PIN-1457,Senjerimalai Sri Mandhrakiri Murugan Temple (Hilltop Premises) (Link Road 113),10.828632,77.191711,36,69.98,12.11,Red,Clear,0,Low
2026-09-20 19:02:00,CBE-PIN-1458,Senjerimalai Sri Mandhrakiri Murugan Temple (Hilltop Premises) (Checkpost 114),10.82547,77.183664,58,58.74,28.29,Green,Cloudy,0,Low
2026-09-20 08:36:00,CBE-PIN-1459,Senjerimalai Sri Mandhrakiri Murugan Temple (Hilltop Premises) (Junction 115),10.829197,77.198756,128,34.96,42.31,Green,Clear,0,Medium
2026-09-20 14:58:00,CBE-PIN-1460,Senjerimalai Foothills Ratha Mandapam (Bypass 1),10.827984,77.186189,37,60.78,11.72,Red,Cloudy,0,Low
2026-09-20 18:26:00,CBE-PIN-1461,Senjerimalai Foothills Ratha Mandapam (Link Road 2),10.831431,77.182255,60,49.32,21.86,Green,Clear,0,Low
2026-09-20 09:27:00,CBE-PIN-1462,Senjerimalai Foothills Ratha Mandapam (Link Road 3),10.833196,77.184634,234,18.56,79.18,Red,Clear,0,High
2026-09-20 16:52:00,CBE-PIN-1463,Senjerimalai Foothills Ratha Mandapam (Junction 4),10.831647,77.185226,79,54.59,31.6,Red,Clear,0,Low
2026-09-20 08:57:00,CBE-PIN-1464,Senjerimalai Foothills Ratha Mandapam (Junction 5),10.830556,77.185688,71,47.58,30.13,Green,Clear,0,Low
2026-09-20 11:44:00,CBE-PIN-1465,Senjerimalai Foothills Ratha Mandapam (Link Road 6),10.831816,77.185535,118,26.2,44.37,Green,Clear,0,Medium
2026-09-20 16:10:00,CBE-PIN-1466,Senjerimalai Foothills Ratha Mandapam (Junction 7),10.829646,77.186618,32,51.1,10.65,Green,Rain,0,Low
2026-09-20 15:18:00,CBE-PIN-1467,Senjerimalai Foothills Ratha Mandapam (Junction 8),10.832525,77.183373,59,69.74,26.59,Green,Clear,0,Low
2026-09-20 17:01:00,CBE-PIN-1468,Senjerimalai Foothills Ratha Mandapam (Approach 9),10.830144,77.184178,26,48.12,12.55,Red,Clear,0,Low
2026-09-20 12:31:00,CBE-PIN-1469,Senjerimalai Foothills Ratha Mandapam (Link Road 10),10.827063,77.188628,229,18.49,89.05,Green,Rain,0,High
2026-09-20 11:08:00,CBE-PIN-1470,Senjerimalai Foothills Ratha Mandapam (Approach 11),10.828787,77.180278,31,67.22,10.55,Red,Cloudy,0,Low
2026-09-20 12:27:00,CBE-PIN-1471,Senjerimalai Foothills Ratha Mandapam (Crossway 12),10.832745,77.193112,166,14.21,77.9,Green,Clear,0,High
2026-09-20 10:30:00,CBE-PIN-1472,Senjerimalai Foothills Ratha Mandapam (Crossway 13),10.831882,77.183891,85,51.45,38.32,Green,Cloudy,0,Low
2026-09-20 08:12:00,CBE-PIN-1473,Senjerimalai Foothills Ratha Mandapam (Junction 14),10.83221,77.181103,35,56.23,13.79,Red,Cloudy,0,Low
2026-09-20 15:46:00,CBE-PIN-1474,Senjerimalai Foothills Ratha Mandapam (Checkpost 15),10.830491,77.185163,65,62.78,31.61,Green,Clear,0,Low
2026-09-20 18:11:00,CBE-PIN-1475,Senjerimalai Foothills Ratha Mandapam (Checkpost 16),10.833162,77.184326,78,69.32,34.54,Red,Clear,0,Low
2026-09-20 08:06:00,CBE-PIN-1476,Senjerimalai Foothills Ratha Mandapam (Link Road 17),10.831398,77.185235,266,15.17,91.99,Red,Clear,0,High
2026-09-20 13:30:00,CBE-PIN-1477,Senjerimalai Foothills Ratha Mandapam (Junction 18),10.832105,77.185011,24,54.53,11.56,Red,Cloudy,0,Low
2026-09-20 13:27:00,CBE-PIN-1478,Senjerimalai Foothills Ratha Mandapam (Link Road 19),10.832428,77.185466,239,16.45,76.77,Red,Clear,0,High
2026-09-20 14:18:00,CBE-PIN-1479,Senjerimalai Foothills Ratha Mandapam (Link Road 20),10.832111,77.184816,60,65.29,29.65,Red,Clear,0,Low
2026-09-20 19:29:00,CBE-PIN-1480,Senjerimalai Foothills Ratha Mandapam (Bypass 21),10.831342,77.182989,38,55.97,14.88,Red,Cloudy,0,Low
2026-09-20 12:29:00,CBE-PIN-1481,Senjerimalai Foothills Ratha Mandapam (Crossway 22),10.826343,77.185987,114,70.24,37.08,Red,Clear,0,Low
2026-09-20 08:26:00,CBE-PIN-1482,Senjerimalai Foothills Ratha Mandapam (Junction 23),10.831625,77.185695,52,53.96,19.46,Red,Clear,0,Low
2026-09-20 11:41:00,CBE-PIN-1483,Senjerimalai Foothills Ratha Mandapam (Bypass 24),10.831876,77.195169,136,40.29,53.37,Green,Clear,0,Medium
2026-09-20 19:43:00,CBE-PIN-1484,Senjerimalai Foothills Ratha Mandapam (Crossway 25),10.830747,77.186333,130,34.93,54.98,Red,Rain,0,Medium
2026-09-20 15:24:00,CBE-PIN-1485,Senjerimalai Foothills Ratha Mandapam (Crossway 26),10.830008,77.186559,74,68.6,25.37,Green,Clear,0,Low
2026-09-20 14:29:00,CBE-PIN-1486,Senjerimalai Foothills Ratha Mandapam (Approach 27),10.834167,77.182078,242,14.77,75.97,Yellow,Cloudy,0,High
2026-09-20 18:11:00,CBE-PIN-1487,Senjerimalai Foothills Ratha Mandapam (Checkpost 28),10.833101,77.184492,249,14.04,83.79,Green,Clear,0,High
2026-09-20 12:19:00,CBE-PIN-1488,Senjerimalai Foothills Ratha Mandapam (Crossway 29),10.832022,77.18559,216,19.24,94.5,Red,Clear,0,High
2026-09-20 15:51:00,CBE-PIN-1489,Senjerimalai Foothills Ratha Mandapam (Approach 30),10.828589,77.182134,225,12.36,95.88,Green,Clear,0,High
2026-09-20 16:18:00,CBE-PIN-1490,Senjerimalai Foothills Ratha Mandapam (Checkpost 31),10.830685,77.186927,101,59.23,34.98,Yellow,Rain,0,Low
2026-09-20 16:13:00,CBE-PIN-1491,Senjerimalai Foothills Ratha Mandapam (Approach 32),10.834105,77.185038,51,65.62,17.21,Red,Clear,0,Low
2026-09-20 14:50:00,CBE-PIN-1492,Senjerimalai Foothills Ratha Mandapam (Checkpost 33),10.831398,77.183771,254,16.03,79.93,Green,Clear,0,High
2026-09-20 16:53:00,CBE-PIN-1493,Senjerimalai Foothills Ratha Mandapam (Link Road 34),10.833559,77.187247,234,16.28,76.29,Yellow,Clear,0,High
2026-09-20 14:37:00,CBE-PIN-1494,Senjerimalai Foothills Ratha Mandapam (Approach 35),10.831609,77.185546,55,47.57,18.63,Green,Clear,0,Low
2026-09-20 15:56:00,CBE-PIN-1495,Senjerimalai Foothills Ratha Mandapam (Checkpost 36),10.831566,77.184056,125,24.44,65.87,Green,Clear,0,Medium
2026-09-20 17:45:00,CBE-PIN-1496,Senjerimalai Foothills Ratha Mandapam (Link Road 37),10.831931,77.192071,137,20.54,75.28,Green,Cloudy,0,High
2026-09-20 08:15:00,CBE-PIN-1497,Senjerimalai Foothills Ratha Mandapam (Link Road 38),10.835036,77.184808,104,68.84,37.62,Red,Cloudy,0,Low
2026-09-20 08:57:00,CBE-PIN-1498,Senjerimalai Foothills Ratha Mandapam (Checkpost 39),10.82594,77.187219,85,56.69,29.24,Red,Clear,0,Low
2026-09-20 17:26:00,CBE-PIN-1499,Senjerimalai Foothills Ratha Mandapam (Link Road 40),10.835929,77.194901,298,14.61,95.36,Red,Cloudy,0,High
2026-09-20 09:18:00,CBE-PIN-1500,Senjerimalai Foothills Ratha Mandapam (Link Road 41),10.831834,77.184799,67,55.92,32.48,Red,Clear,0,Low
2026-09-20 08:00:00,CBE-PIN-1501,Senjerimalai Foothills Ratha Mandapam (Crossway 42),10.839885,77.181885,74,62.26,33.44,Green,Clear,0,Low
2026-09-20 09:13:00,CBE-PIN-1502,Senjerimalai Foothills Ratha Mandapam (Link Road 43),10.831452,77.185643,44,67.17,21.08,Red,Clear,0,Low
2026-09-20 16:13:00,CBE-PIN-1503,Senjerimalai Foothills Ratha Mandapam (Link Road 44),10.829794,77.182687,99,55.43,33.9,Red,Clear,0,Low
2026-09-20 19:54:00,CBE-PIN-1504,Senjerimalai Foothills Ratha Mandapam (Junction 45),10.837606,77.189995,115,38.36,40.86,Red,Cloudy,0,Medium
2026-09-20 10:09:00,CBE-PIN-1505,Senjerimalai Foothills Ratha Mandapam (Approach 46),10.832475,77.185611,55,51.38,25.78,Green,Clear,0,Low
2026-09-20 19:34:00,CBE-PIN-1506,Senjerimalai Foothills Ratha Mandapam (Crossway 47),10.831572,77.185545,79,61.12,30.73,Green,Clear,0,Low
2026-09-20 10:11:00,CBE-PIN-1507,Senjerimalai Foothills Ratha Mandapam (Junction 48),10.832014,77.185799,52,54.52,20.79,Green,Cloudy,0,Low
2026-09-20 16:57:00,CBE-PIN-1508,Senjerimalai Foothills Ratha Mandapam (Approach 49),10.831627,77.185107,131,34.48,47.36,Red,Rain,0,Medium
2026-09-20 19:35:00,CBE-PIN-1509,Senjerimalai Foothills Ratha Mandapam (Link Road 50),10.827403,77.180844,208,21.17,86.62,Green,Clear,0,High
2026-09-20 11:08:00,CBE-PIN-1510,Senjerimalai Foothills Ratha Mandapam (Checkpost 51),10.82819,77.189387,74,62.2,31.51,Red,Cloudy,0,Low
2026-09-20 13:35:00,CBE-PIN-1511,Senjerimalai Foothills Ratha Mandapam (Approach 52),10.828601,77.187467,42,65.47,20.35,Red,Cloudy,0,Low
2026-09-20 16:33:00,CBE-PIN-1512,Senjerimalai Foothills Ratha Mandapam (Checkpost 53),10.829893,77.183878,226,15.8,77.23,Red,Clear,0,High
2026-09-20 17:37:00,CBE-PIN-1513,Senjerimalai Foothills Ratha Mandapam (Junction 54),10.834409,77.184567,92,63.7,29.34,Red,Clear,0,Low
2026-09-20 12:27:00,CBE-PIN-1514,Senjerimalai Foothills Ratha Mandapam (Junction 55),10.828487,77.179731,93,49.98,31.12,Yellow,Cloudy,0,Low
2026-09-20 10:59:00,CBE-PIN-1515,Senjerimalai Foothills Ratha Mandapam (Link Road 56),10.828277,77.194196,40,58.93,15.17,Red,Clear,0,Low
2026-09-20 18:46:00,CBE-PIN-1516,Senjerimalai Foothills Ratha Mandapam (Link Road 57),10.832816,77.18785,95,51.38,34.69,Red,Clear,0,Low
2026-09-20 10:33:00,CBE-PIN-1517,Senjerimalai Foothills Ratha Mandapam (Crossway 58),10.83401,77.181037,40,49.1,14.08,Green,Clear,0,Low
2026-09-20 14:03:00,CBE-PIN-1518,Senjerimalai Foothills Ratha Mandapam (Checkpost 59),10.829186,77.17634,45,53.96,17.69,Green,Cloudy,0,Low
2026-09-20 09:45:00,CBE-PIN-1519,Senjerimalai Foothills Ratha Mandapam (Crossway 60),10.836217,77.188468,31,58.54,11.66,Green,Clear,0,Low
2026-09-20 15:26:00,CBE-PIN-1520,Senjerimalai Foothills Ratha Mandapam (Approach 61),10.830545,77.176332,41,61.38,15.57,Yellow,Cloudy,0,Low
2026-09-20 15:56:00,CBE-PIN-1521,Senjerimalai Foothills Ratha Mandapam (Junction 62),10.830398,77.184945,80,51.14,33.35,Green,Clear,0,Low
2026-09-20 10:14:00,CBE-PIN-1522,Senjerimalai Foothills Ratha Mandapam (Approach 63),10.830752,77.185633,83,55.02,37.05,Green,Rain,0,Low
2026-09-20 12:01:00,CBE-PIN-1523,Senjerimalai Foothills Ratha Mandapam (Checkpost 64),10.833994,77.185715,100,43.33,40.41,Red,Clear,0,Medium
2026-09-20 13:51:00,CBE-PIN-1524,Senjerimalai Foothills Ratha Mandapam (Bypass 65),10.834316,77.18476,51,52.15,24.02,Red,Clear,0,Low
2026-09-20 13:42:00,CBE-PIN-1525,Senjerimalai Foothills Ratha Mandapam (Crossway 66),10.826678,77.185042,217,17.77,77.5,Green,Clear,0,High
2026-09-20 14:41:00,CBE-PIN-1526,Senjerimalai Foothills Ratha Mandapam (Checkpost 67),10.832749,77.18485,201,15.93,87.95,Green,Clear,0,High
2026-09-20 10:40:00,CBE-PIN-1527,Senjerimalai Foothills Ratha Mandapam (Crossway 68),10.83249,77.18459,97,71.82,35.19,Red,Clear,0,Low
2026-09-20 17:05:00,CBE-PIN-1528,Senjerimalai Foothills Ratha Mandapam (Crossway 69),10.83035,77.183641,35,65.7,18.18,Red,Clear,0,Low
2026-09-20 12:14:00,CBE-PIN-1529,Senjerimalai Foothills Ratha Mandapam (Bypass 70),10.831198,77.185016,244,15.17,79.63,Green,Clear,0,High
2026-09-20 11:23:00,CBE-PIN-1530,Senjerimalai Foothills Ratha Mandapam (Checkpost 71),10.825048,77.183787,61,46.27,21.43,Yellow,Rain,0,Low
2026-09-20 14:01:00,CBE-PIN-1531,Senjerimalai Foothills Ratha Mandapam (Bypass 72),10.834466,77.182691,37,62.21,13.81,Red,Clear,0,Low
2026-09-20 11:40:00,CBE-PIN-1532,Senjerimalai Foothills Ratha Mandapam (Crossway 73),10.833791,77.189725,68,51.87,27.88,Red,Clear,0,Low
2026-09-20 14:48:00,CBE-PIN-1533,Senjerimalai Foothills Ratha Mandapam (Bypass 74),10.832617,77.185121,220,14.04,91.15,Green,Clear,0,High
2026-09-20 11:16:00,CBE-PIN-1534,Senjerimalai Foothills Ratha Mandapam (Junction 75),10.832038,77.18499,66,69.74,21.25,Green,Cloudy,0,Low
2026-09-20 17:27:00,CBE-PIN-1535,Senjerimalai Foothills Ratha Mandapam (Approach 76),10.835486,77.183776,141,43.7,49.37,Green,Clear,0,Medium
2026-09-20 14:35:00,CBE-PIN-1536,Senjerimalai Foothills Ratha Mandapam (Checkpost 77),10.833369,77.190574,67,47.66,21.23,Green,Clear,0,Low
2026-09-20 18:57:00,CBE-PIN-1537,Senjerimalai Foothills Ratha Mandapam (Link Road 78),10.829149,77.172325,171,40.84,54.77,Red,Rain,0,Medium
2026-09-20 19:21:00,CBE-PIN-1538,Senjerimalai Foothills Ratha Mandapam (Bypass 79),10.829524,77.189584,116,36.77,55.12,Red,Cloudy,0,Medium
2026-09-20 09:29:00,CBE-PIN-1539,Senjerimalai Foothills Ratha Mandapam (Approach 80),10.8292,77.187991,211,21.54,93.18,Green,Cloudy,0,High
2026-09-20 14:21:00,CBE-PIN-1540,Senjerimalai Foothills Ratha Mandapam (Link Road 81),10.832826,77.185743,93,52.67,37.09,Green,Clear,0,Low
2026-09-20 15:57:00,CBE-PIN-1541,Senjerimalai Foothills Ratha Mandapam (Bypass 82),10.830273,77.185522,56,64.65,22.86,Green,Rain,0,Low
2026-09-20 19:47:00,CBE-PIN-1542,Senjerimalai Foothills Ratha Mandapam (Bypass 83),10.829197,77.17873,27,57.1,13.22,Green,Clear,0,Low
2026-09-20 13:32:00,CBE-PIN-1543,Senjerimalai Foothills Ratha Mandapam (Link Road 84),10.831616,77.18513,41,59.33,18.44,Red,Clear,0,Low
2026-09-20 17:39:00,CBE-PIN-1544,Senjerimalai Foothills Ratha Mandapam (Link Road 85),10.832652,77.186097,51,58.26,16.6,Red,Clear,0,Low
2026-09-20 19:30:00,CBE-PIN-1545,Senjerimalai Foothills Ratha Mandapam (Crossway 86),10.834118,77.185027,163,20.91,84.67,Green,Breezy,0,High
2026-09-20 15:24:00,CBE-PIN-1546,Senjerimalai Foothills Ratha Mandapam (Checkpost 87),10.831658,77.185899,222,12.22,91.26,Red,Clear,0,High
2026-09-20 18:19:00,CBE-PIN-1547,Senjerimalai Foothills Ratha Mandapam (Junction 88),10.831416,77.185042,82,60.78,32.97,Green,Breezy,0,Low
2026-09-20 16:05:00,CBE-PIN-1548,Senjerimalai Foothills Ratha Mandapam (Checkpost 89),10.832313,77.182918,112,47.49,37.0,Red,Clear,0,Low
2026-09-20 15:05:00,CBE-PIN-1549,Senjerimalai Foothills Ratha Mandapam (Crossway 90),10.830449,77.185438,71,67.41,30.56,Yellow,Clear,0,Low
2026-09-20 14:07:00,CBE-PIN-1550,Senjerimalai Foothills Ratha Mandapam (Checkpost 91),10.831606,77.183662,175,12.74,77.42,Green,Clear,0,High
2026-09-20 08:41:00,CBE-PIN-1551,Senjerimalai Foothills Ratha Mandapam (Link Road 92),10.831818,77.185188,32,70.66,12.65,Red,Clear,0,Low
2026-09-20 09:20:00,CBE-PIN-1552,Senjerimalai Foothills Ratha Mandapam (Bypass 93),10.8317,77.18729,75,65.06,38.87,Red,Clear,0,Low
2026-09-20 10:25:00,CBE-PIN-1553,Senjerimalai Foothills Ratha Mandapam (Junction 94),10.831943,77.185351,56,47.54,17.88,Green,Clear,0,Low
2026-09-20 19:39:00,CBE-PIN-1554,Senjerimalai Foothills Ratha Mandapam (Crossway 95),10.828233,77.188952,207,15.85,82.29,Green,Cloudy,0,High
2026-09-20 09:42:00,CBE-PIN-1555,Senjerimalai Foothills Ratha Mandapam (Bypass 96),10.829553,77.188841,201,19.51,79.96,Green,Clear,0,High
2026-09-20 15:58:00,CBE-PIN-1556,Senjerimalai Foothills Ratha Mandapam (Checkpost 97),10.83557,77.18726,46,68.69,17.08,Red,Clear,0,Low
2026-09-20 17:53:00,CBE-PIN-1557,Senjerimalai Foothills Ratha Mandapam (Crossway 98),10.832523,77.185983,34,64.67,13.61,Green,Clear,0,Low
2026-09-20 14:43:00,CBE-PIN-1558,Senjerimalai Foothills Ratha Mandapam (Crossway 99),10.832513,77.184036,28,50.18,15.02,Red,Clear,0,Low
2026-09-20 13:57:00,CBE-PIN-1559,Senjerimalai Foothills Ratha Mandapam (Bypass 100),10.830647,77.1862,161,34.31,50.9,Yellow,Clear,0,Medium
2026-09-20 12:11:00,CBE-PIN-1560,Senjerimalai Foothills Ratha Mandapam (Link Road 101),10.828972,77.186224,57,52.28,29.76,Green,Cloudy,0,Low
2026-09-20 19:29:00,CBE-PIN-1561,Senjerimalai Foothills Ratha Mandapam (Crossway 102),10.83472,77.186444,84,51.49,34.41,Red,Clear,0,Low
2026-09-20 08:03:00,CBE-PIN-1562,Senjerimalai Foothills Ratha Mandapam (Junction 103),10.838954,77.19319,181,13.99,82.3,Red,Clear,0,High
2026-09-20 16:35:00,CBE-PIN-1563,Senjerimalai Foothills Ratha Mandapam (Link Road 104),10.832221,77.187005,49,51.65,20.63,Yellow,Clear,0,Low
2026-09-20 10:20:00,CBE-PIN-1564,Senjerimalai Foothills Ratha Mandapam (Link Road 105),10.83035,77.189368,147,29.62,54.7,Red,Clear,0,Medium
2026-09-20 15:53:00,CBE-PIN-1565,Senjerimalai Foothills Ratha Mandapam (Checkpost 106),10.83219,77.188712,36,66.22,16.55,Green,Clear,0,Low
2026-09-20 19:32:00,CBE-PIN-1566,Senjerimalai Foothills Ratha Mandapam (Crossway 107),10.831236,77.187191,102,64.02,38.63,Green,Clear,0,Low
2026-09-20 16:42:00,CBE-PIN-1567,Senjerimalai Foothills Ratha Mandapam (Checkpost 108),10.834507,77.189257,72,53.14,23.76,Green,Clear,0,Low
2026-09-20 14:55:00,CBE-PIN-1568,Senjerimalai Foothills Ratha Mandapam (Bypass 109),10.830068,77.183315,192,14.33,85.33,Red,Clear,0,High
2026-09-20 09:09:00,CBE-PIN-1569,Senjerimalai Foothills Ratha Mandapam (Checkpost 110),10.831312,77.185312,89,68.56,30.52,Green,Clear,0,Low
2026-09-20 11:58:00,CBE-PIN-1570,Senjerimalai Foothills Ratha Mandapam (Crossway 111),10.834526,77.187572,53,61.01,28.75,Green,Clear,0,Low
2026-09-20 09:21:00,CBE-PIN-1571,Senjerimalai Foothills Ratha Mandapam (Approach 112),10.833542,77.186179,86,35.45,44.54,Green,Cloudy,0,Medium
2026-09-20 13:00:00,CBE-PIN-1572,Senjerimalai Foothills Ratha Mandapam (Bypass 113),10.829207,77.185387,97,52.95,36.41,Red,Clear,0,Low
2026-09-20 17:24:00,CBE-PIN-1573,Senjerimalai Foothills Ratha Mandapam (Junction 114),10.831935,77.185315,201,13.36,80.46,Green,Rain,0,High
2026-09-20 16:42:00,CBE-PIN-1574,Senjerimalai Foothills Ratha Mandapam (Approach 115),10.838028,77.182381,270,16.37,84.74,Red,Cloudy,0,High
2026-09-20 15:26:00,CBE-PIN-1575,Senjeri Medu Bus Terminus & Market (Link Road 1),10.83811,77.179708,196,12.22,76.93,Red,Rain,0,High
2026-09-20 16:28:00,CBE-PIN-1576,Senjeri Medu Bus Terminus & Market (Junction 2),10.838347,77.173053,24,51.53,12.81,Yellow,Clear,0,Low
2026-09-20 19:28:00,CBE-PIN-1577,Senjeri Medu Bus Terminus & Market (Link Road 3),10.828738,77.179686,62,54.1,25.23,Red,Clear,0,Low
2026-09-20 10:02:00,CBE-PIN-1578,Senjeri Medu Bus Terminus & Market (Approach 4),10.836237,77.174438,34,52.97,19.15,Red,Clear,0,Low
2026-09-20 09:29:00,CBE-PIN-1579,Senjeri Medu Bus Terminus & Market (Junction 5),10.835105,77.165576,91,58.84,35.21,Red,Cloudy,0,Low
2026-09-20 15:27:00,CBE-PIN-1580,Senjeri Medu Bus Terminus & Market (Bypass 6),10.839203,77.17732,129,38.1,51.35,Green,Clear,0,Medium
2026-09-20 09:23:00,CBE-PIN-1581,Senjeri Medu Bus Terminus & Market (Crossway 7),10.836029,77.175969,65,63.78,31.84,Red,Cloudy,0,Low
2026-09-20 09:12:00,CBE-PIN-1582,Senjeri Medu Bus Terminus & Market (Approach 8),10.832331,77.174534,229,12.49,87.03,Red,Clear,0,High
2026-09-20 18:46:00,CBE-PIN-1583,Senjeri Medu Bus Terminus & Market (Junction 9),10.842386,77.178674,72,61.1,31.51,Red,Cloudy,0,Low
2026-09-20 19:33:00,CBE-PIN-1584,Senjeri Medu Bus Terminus & Market (Crossway 10),10.840504,77.180775,82,71.03,28.22,Green,Clear,0,Low
2026-09-20 09:42:00,CBE-PIN-1585,Senjeri Medu Bus Terminus & Market (Bypass 11),10.833881,77.174298,31,67.7,11.63,Red,Cloudy,0,Low
2026-09-20 16:11:00,CBE-PIN-1586,Senjeri Medu Bus Terminus & Market (Crossway 12),10.837915,77.177869,94,50.33,30.65,Red,Clear,0,Low
2026-09-20 11:26:00,CBE-PIN-1587,Senjeri Medu Bus Terminus & Market (Approach 13),10.840871,77.18182,103,43.15,44.98,Green,Cloudy,0,Medium
2026-09-20 12:56:00,CBE-PIN-1588,Senjeri Medu Bus Terminus & Market (Junction 14),10.829315,77.178252,18,50.3,10.07,Green,Breezy,0,Low
2026-09-20 15:34:00,CBE-PIN-1589,Senjeri Medu Bus Terminus & Market (Bypass 15),10.836788,77.178175,96,51.11,37.47,Green,Clear,0,Low
2026-09-20 15:18:00,CBE-PIN-1590,Senjeri Medu Bus Terminus & Market (Approach 16),10.838745,77.180296,170,25.49,67.82,Green,Clear,0,Medium
2026-09-20 09:07:00,CBE-PIN-1591,Senjeri Medu Bus Terminus & Market (Bypass 17),10.839306,77.179103,146,39.41,68.56,Red,Clear,0,Medium
2026-09-20 18:01:00,CBE-PIN-1592,Senjeri Medu Bus Terminus & Market (Crossway 18),10.83893,77.179025,183,14.18,76.15,Green,Clear,1,High
2026-09-20 16:14:00,CBE-PIN-1593,Senjeri Medu Bus Terminus & Market (Link Road 19),10.839028,77.179396,219,13.83,75.14,Red,Cloudy,0,High
2026-09-20 14:28:00,CBE-PIN-1594,Senjeri Medu Bus Terminus & Market (Approach 20),10.839417,77.169621,105,37.24,54.62,Yellow,Clear,0,Medium
2026-09-20 08:28:00,CBE-PIN-1595,Senjeri Medu Bus Terminus & Market (Crossway 21),10.847751,77.173996,172,18.24,84.96,Red,Clear,0,High
2026-09-20 11:50:00,CBE-PIN-1596,Senjeri Medu Bus Terminus & Market (Link Road 22),10.835599,77.182924,63,53.79,23.27,Yellow,Clear,0,Low
2026-09-20 15:40:00,CBE-PIN-1597,Senjeri Medu Bus Terminus & Market (Bypass 23),10.837472,77.177674,191,21.1,80.66,Green,Breezy,0,High
2026-09-20 11:53:00,CBE-PIN-1598,Senjeri Medu Bus Terminus & Market (Approach 24),10.837825,77.178206,85,62.38,38.67,Red,Clear,0,Low
2026-09-20 15:09:00,CBE-PIN-1599,Senjeri Medu Bus Terminus & Market (Bypass 25),10.836994,77.183769,123,25.86,51.64,Red,Breezy,0,Medium
2026-09-20 10:09:00,CBE-PIN-1600,Senjeri Medu Bus Terminus & Market (Junction 26),10.843796,77.177378,169,12.7,76.19,Yellow,Clear,0,High
2026-09-20 15:33:00,CBE-PIN-1601,Senjeri Medu Bus Terminus & Market (Checkpost 27),10.840849,77.179178,81,55.38,31.83,Green,Clear,0,Low
2026-09-20 16:03:00,CBE-PIN-1602,Senjeri Medu Bus Terminus & Market (Junction 28),10.83195,77.178844,129,40.72,60.24,Green,Rain,0,Medium
2026-09-20 14:20:00,CBE-PIN-1603,Senjeri Medu Bus Terminus & Market (Bypass 29),10.839749,77.180746,215,18.44,80.82,Green,Clear,0,High
2026-09-20 11:30:00,CBE-PIN-1604,Senjeri Medu Bus Terminus & Market (Link Road 30),10.838523,77.17771,36,63.27,19.96,Green,Clear,0,Low
2026-09-20 14:06:00,CBE-PIN-1605,Senjeri Medu Bus Terminus & Market (Junction 31),10.835345,77.178607,184,16.23,90.08,Red,Cloudy,0,High
2026-09-20 18:18:00,CBE-PIN-1606,Senjeri Medu Bus Terminus & Market (Approach 32),10.837566,77.177992,78,61.54,31.43,Red,Clear,0,Low
2026-09-20 14:08:00,CBE-PIN-1607,Senjeri Medu Bus Terminus & Market (Checkpost 33),10.836713,77.176788,70,58.48,24.09,Yellow,Clear,0,Low
2026-09-20 09:09:00,CBE-PIN-1608,Senjeri Medu Bus Terminus & Market (Checkpost 34),10.837196,77.174871,126,28.04,55.77,Green,Clear,0,Medium
2026-09-20 18:52:00,CBE-PIN-1609,Senjeri Medu Bus Terminus & Market (Crossway 35),10.834381,77.177179,50,49.36,20.9,Green,Clear,0,Low
2026-09-20 10:10:00,CBE-PIN-1610,Senjeri Medu Bus Terminus & Market (Junction 36),10.837916,77.178519,203,43.46,64.15,Green,Clear,0,Medium
2026-09-20 18:05:00,CBE-PIN-1611,Senjeri Medu Bus Terminus & Market (Bypass 37),10.837119,77.180909,227,21.66,78.67,Green,Clear,0,High
2026-09-20 13:55:00,CBE-PIN-1612,Senjeri Medu Bus Terminus & Market (Link Road 38),10.831929,77.172757,221,15.31,80.21,Red,Clear,0,High
2026-09-20 11:11:00,CBE-PIN-1613,Senjeri Medu Bus Terminus & Market (Link Road 39),10.83788,77.179053,92,28.92,40.67,Red,Rain,0,Medium
2026-09-20 13:22:00,CBE-PIN-1614,Senjeri Medu Bus Terminus & Market (Checkpost 40),10.835208,77.172368,204,13.6,91.59,Red,Clear,0,High
2026-09-20 13:55:00,CBE-PIN-1615,Senjeri Medu Bus Terminus & Market (Bypass 41),10.838521,77.172115,164,43.89,53.82,Green,Cloudy,0,Medium
2026-09-20 10:37:00,CBE-PIN-1616,Senjeri Medu Bus Terminus & Market (Crossway 42),10.846029,77.182937,34,66.57,15.83,Green,Cloudy,0,Low
2026-09-20 11:39:00,CBE-PIN-1617,Senjeri Medu Bus Terminus & Market (Bypass 43),10.838341,77.178075,53,60.97,28.71,Red,Clear,0,Low
2026-09-20 13:40:00,CBE-PIN-1618,Senjeri Medu Bus Terminus & Market (Crossway 44),10.840717,77.178158,94,63.31,33.86,Green,Clear,0,Low
2026-09-20 16:32:00,CBE-PIN-1619,Senjeri Medu Bus Terminus & Market (Link Road 45),10.837567,77.177492,58,51.46,19.38,Red,Cloudy,0,Low
2026-09-20 19:36:00,CBE-PIN-1620,Senjeri Medu Bus Terminus & Market (Checkpost 46),10.837561,77.177708,79,65.83,26.96,Green,Clear,0,Low
2026-09-20 16:17:00,CBE-PIN-1621,Senjeri Medu Bus Terminus & Market (Bypass 47),10.835676,77.177875,61,49.44,25.86,Green,Clear,0,Low
2026-09-20 14:23:00,CBE-PIN-1622,Senjeri Medu Bus Terminus & Market (Junction 48),10.838026,77.177613,249,14.63,93.37,Red,Cloudy,0,High
2026-09-20 13:04:00,CBE-PIN-1623,Senjeri Medu Bus Terminus & Market (Junction 49),10.838026,77.176996,92,52.13,30.7,Green,Rain,0,Low
2026-09-20 10:32:00,CBE-PIN-1624,Senjeri Medu Bus Terminus & Market (Crossway 50),10.839162,77.179299,282,19.0,90.94,Green,Clear,0,High
2026-09-20 19:02:00,CBE-PIN-1625,Senjeri Medu Bus Terminus & Market (Checkpost 51),10.840355,77.177075,169,41.81,56.76,Green,Clear,0,Medium
2026-09-20 18:12:00,CBE-PIN-1626,Senjeri Medu Bus Terminus & Market (Junction 52),10.836634,77.178708,109,36.03,48.1,Red,Cloudy,0,Medium
2026-09-20 12:31:00,CBE-PIN-1627,Senjeri Medu Bus Terminus & Market (Link Road 53),10.838531,77.188309,216,13.69,84.67,Green,Clear,0,High
2026-09-20 12:42:00,CBE-PIN-1628,Senjeri Medu Bus Terminus & Market (Bypass 54),10.836512,77.179527,49,55.81,17.49,Red,Clear,0,Low
2026-09-20 11:45:00,CBE-PIN-1629,Senjeri Medu Bus Terminus & Market (Crossway 55),10.837312,77.177086,193,30.01,64.57,Red,Rain,0,Medium
2026-09-20 12:32:00,CBE-PIN-1630,Senjeri Medu Bus Terminus & Market (Checkpost 56),10.838872,77.17682,90,54.3,36.27,Red,Clear,0,Low
2026-09-20 08:36:00,CBE-PIN-1631,Senjeri Medu Bus Terminus & Market (Junction 57),10.841154,77.187399,91,55.78,36.78,Yellow,Clear,0,Low
2026-09-20 15:12:00,CBE-PIN-1632,Senjeri Medu Bus Terminus & Market (Bypass 58),10.842235,77.178981,37,51.25,13.19,Red,Clear,0,Low
2026-09-20 12:03:00,CBE-PIN-1633,Senjeri Medu Bus Terminus & Market (Bypass 59),10.834527,77.175876,219,20.8,79.09,Red,Cloudy,0,High
2026-09-20 12:33:00,CBE-PIN-1634,Senjeri Medu Bus Terminus & Market (Checkpost 60),10.839359,77.17574,164,44.6,65.17,Yellow,Clear,0,Medium
2026-09-20 14:51:00,CBE-PIN-1635,Senjeri Medu Bus Terminus & Market (Link Road 61),10.830572,77.170664,21,60.05,11.46,Green,Clear,0,Low
2026-09-20 10:20:00,CBE-PIN-1636,Senjeri Medu Bus Terminus & Market (Crossway 62),10.837715,77.177395,40,50.02,18.73,Yellow,Clear,0,Low
2026-09-20 17:14:00,CBE-PIN-1637,Senjeri Medu Bus Terminus & Market (Junction 63),10.825196,77.18619,231,13.42,76.11,Red,Clear,0,High
2026-09-20 18:53:00,CBE-PIN-1638,Senjeri Medu Bus Terminus & Market (Bypass 64),10.839994,77.175902,183,19.23,85.66,Red,Clear,0,High
2026-09-20 19:54:00,CBE-PIN-1639,Senjeri Medu Bus Terminus & Market (Checkpost 65),10.83759,77.178154,155,12.93,77.12,Red,Breezy,0,High
2026-09-20 19:14:00,CBE-PIN-1640,Senjeri Medu Bus Terminus & Market (Bypass 66),10.83825,77.177212,260,19.03,83.45,Red,Cloudy,0,High
2026-09-20 12:20:00,CBE-PIN-1641,Senjeri Medu Bus Terminus & Market (Approach 67),10.836862,77.179437,226,16.97,77.59,Red,Clear,0,High
2026-09-20 15:55:00,CBE-PIN-1642,Senjeri Medu Bus Terminus & Market (Checkpost 68),10.836706,77.179116,183,19.98,89.85,Green,Clear,0,High
2026-09-20 14:06:00,CBE-PIN-1643,Senjeri Medu Bus Terminus & Market (Junction 69),10.839187,77.178557,126,34.36,40.13,Red,Clear,0,Medium
2026-09-20 14:42:00,CBE-PIN-1644,Senjeri Medu Bus Terminus & Market (Junction 70),10.836641,77.17941,118,37.98,47.33,Yellow,Clear,0,Medium
2026-09-20 16:58:00,CBE-PIN-1645,Senjeri Medu Bus Terminus & Market (Junction 71),10.838153,77.178535,204,12.91,86.69,Green,Clear,0,High
2026-09-20 09:44:00,CBE-PIN-1646,Senjeri Medu Bus Terminus & Market (Junction 72),10.835014,77.175298,40,51.6,13.49,Green,Rain,0,Low
2026-09-20 11:44:00,CBE-PIN-1647,Senjeri Medu Bus Terminus & Market (Junction 73),10.838156,77.177858,216,18.38,82.35,Green,Clear,0,High
2026-09-20 10:34:00,CBE-PIN-1648,Senjeri Medu Bus Terminus & Market (Approach 74),10.837744,77.179486,95,51.07,33.98,Red,Clear,0,Low
2026-09-20 14:58:00,CBE-PIN-1649,Senjeri Medu Bus Terminus & Market (Junction 75),10.831372,77.174933,173,44.3,55.38,Red,Clear,0,Medium
2026-09-20 08:07:00,CBE-PIN-1650,Senjeri Medu Bus Terminus & Market (Link Road 76),10.84284,77.172403,242,12.83,90.22,Red,Cloudy,0,High
2026-09-20 13:07:00,CBE-PIN-1651,Senjeri Medu Bus Terminus & Market (Checkpost 77),10.835552,77.176917,190,15.63,87.62,Red,Rain,0,High
2026-09-20 10:00:00,CBE-PIN-1652,Senjeri Medu Bus Terminus & Market (Crossway 78),10.841912,77.176072,27,62.84,10.85,Red,Cloudy,0,Low
2026-09-20 10:56:00,CBE-PIN-1653,Senjeri Medu Bus Terminus & Market (Approach 79),10.838456,77.178268,65,56.63,23.53,Green,Clear,0,Low
2026-09-20 10:59:00,CBE-PIN-1654,Senjeri Medu Bus Terminus & Market (Checkpost 80),10.836827,77.177847,45,50.37,15.51,Yellow,Clear,0,Low
2026-09-20 14:35:00,CBE-PIN-1655,Senjeri Medu Bus Terminus & Market (Link Road 81),10.838803,77.178396,79,61.5,30.58,Green,Clear,0,Low
2026-09-20 19:03:00,CBE-PIN-1656,Senjeri Medu Bus Terminus & Market (Bypass 82),10.840469,77.177363,134,43.85,62.9,Yellow,Clear,0,Medium
2026-09-20 19:52:00,CBE-PIN-1657,Senjeri Medu Bus Terminus & Market (Checkpost 83),10.834865,77.178744,179,13.64,85.58,Red,Cloudy,0,High
2026-09-20 14:10:00,CBE-PIN-1658,Senjeri Medu Bus Terminus & Market (Link Road 84),10.837464,77.171756,83,69.14,27.42,Green,Clear,0,Low
2026-09-20 12:48:00,CBE-PIN-1659,Senjeri Medu Bus Terminus & Market (Checkpost 85),10.820997,77.177017,167,20.33,83.96,Yellow,Cloudy,0,High
2026-09-20 12:13:00,CBE-PIN-1660,Senjeri Medu Bus Terminus & Market (Crossway 86),10.831669,77.175408,143,43.29,54.97,Green,Clear,0,Medium
2026-09-20 15:23:00,CBE-PIN-1661,Senjeri Medu Bus Terminus & Market (Bypass 87),10.836418,77.175711,167,16.14,81.28,Red,Clear,0,High
2026-09-20 11:55:00,CBE-PIN-1662,Senjeri Medu Bus Terminus & Market (Link Road 88),10.834958,77.184947,65,65.12,33.12,Red,Clear,0,Low
2026-09-20 09:25:00,CBE-PIN-1663,Senjeri Medu Bus Terminus & Market (Link Road 89),10.837475,77.177703,70,56.07,32.75,Yellow,Clear,0,Low
2026-09-20 15:17:00,CBE-PIN-1664,Senjeri Medu Bus Terminus & Market (Checkpost 90),10.840795,77.179439,105,55.85,37.68,Red,Rain,0,Low
2026-09-20 08:33:00,CBE-PIN-1665,Senjeri Medu Bus Terminus & Market (Junction 91),10.837373,77.177256,281,21.99,88.07,Yellow,Clear,0,High
2026-09-20 08:43:00,CBE-PIN-1666,Senjeri Medu Bus Terminus & Market (Bypass 92),10.834252,77.185403,253,18.15,83.52,Green,Clear,0,High
2026-09-20 19:42:00,CBE-PIN-1667,Senjeri Medu Bus Terminus & Market (Junction 93),10.833574,77.178253,42,55.27,17.58,Green,Rain,0,Low
2026-09-20 17:11:00,CBE-PIN-1668,Senjeri Medu Bus Terminus & Market (Link Road 94),10.834286,77.176829,68,62.17,25.66,Red,Cloudy,0,Low
2026-09-20 14:35:00,CBE-PIN-1669,Senjeri Medu Bus Terminus & Market (Crossway 95),10.827571,77.184775,189,14.69,85.34,Yellow,Clear,0,High
2026-09-20 09:33:00,CBE-PIN-1670,Senjeri Medu Bus Terminus & Market (Approach 96),10.840186,77.189494,239,15.72,75.54,Green,Cloudy,0,High
2026-09-20 13:43:00,CBE-PIN-1671,Senjeri Medu Bus Terminus & Market (Approach 97),10.841464,77.178742,241,17.6,80.87,Green,Rain,0,High
2026-09-20 11:15:00,CBE-PIN-1672,Senjeri Medu Bus Terminus & Market (Link Road 98),10.836873,77.177851,94,64.91,38.44,Green,Clear,0,Low
2026-09-20 11:48:00,CBE-PIN-1673,Senjeri Medu Bus Terminus & Market (Junction 99),10.834067,77.17044,26,65.12,12.32,Red,Clear,0,Low
2026-09-20 19:45:00,CBE-PIN-1674,Senjeri Medu Bus Terminus & Market (Link Road 100),10.837399,77.178674,65,68.57,24.49,Green,Clear,0,Low
2026-09-20 16:49:00,CBE-PIN-1675,Senjeri Medu Bus Terminus & Market (Junction 101),10.836462,77.17738,154,44.56,63.68,Red,Cloudy,0,Medium
2026-09-20 18:04:00,CBE-PIN-1676,Senjeri Medu Bus Terminus & Market (Bypass 102),10.834745,77.177478,282,19.61,89.97,Red,Clear,0,High
2026-09-20 19:56:00,CBE-PIN-1677,Senjeri Medu Bus Terminus & Market (Checkpost 103),10.837483,77.178536,47,50.03,20.33,Yellow,Cloudy,0,Low
2026-09-20 13:39:00,CBE-PIN-1678,Senjeri Medu Bus Terminus & Market (Crossway 104),10.837781,77.177892,177,20.81,76.64,Green,Rain,0,High
2026-09-20 09:30:00,CBE-PIN-1679,Senjeri Medu Bus Terminus & Market (Crossway 105),10.845133,77.17116,54,48.25,29.41,Red,Clear,0,Low
2026-09-20 15:41:00,CBE-PIN-1680,Senjeri Medu Bus Terminus & Market (Bypass 106),10.838333,77.175851,200,15.84,92.94,Green,Clear,0,High
2026-09-20 11:21:00,CBE-PIN-1681,Senjeri Medu Bus Terminus & Market (Junction 107),10.835474,77.176591,66,55.52,33.41,Green,Clear,0,Low
2026-09-20 14:29:00,CBE-PIN-1682,Senjeri Medu Bus Terminus & Market (Junction 108),10.838989,77.177399,48,65.87,17.19,Red,Clear,0,Low
2026-09-20 09:45:00,CBE-PIN-1683,Senjeri Medu Bus Terminus & Market (Approach 109),10.836117,77.179664,64,48.94,21.78,Red,Clear,0,Low
2026-09-20 10:20:00,CBE-PIN-1684,Senjeri Medu Bus Terminus & Market (Junction 110),10.839269,77.174038,68,64.19,21.95,Red,Clear,0,Low
2026-09-20 11:17:00,CBE-PIN-1685,Senjeri Medu Bus Terminus & Market (Link Road 111),10.83463,77.178791,171,16.07,89.23,Yellow,Cloudy,0,High
2026-09-20 18:16:00,CBE-PIN-1686,Senjeri Medu Bus Terminus & Market (Junction 112),10.83743,77.182395,179,20.92,84.05,Yellow,Clear,0,High
2026-09-20 10:27:00,CBE-PIN-1687,Senjeri Medu Bus Terminus & Market (Crossway 113),10.83779,77.179253,265,14.96,87.02,Green,Clear,0,High
2026-09-20 08:23:00,CBE-PIN-1688,Senjeri Medu Bus Terminus & Market (Bypass 114),10.835447,77.182055,163,13.3,82.26,Green,Clear,0,High
2026-09-20 10:42:00,CBE-PIN-1689,Senjeri Medu Bus Terminus & Market (Link Road 115),10.837118,77.177139,73,59.72,29.01,Green,Clear,0,Low
2026-09-20 19:55:00,CBE-PIN-1690,"Sri Murugan Bakery, Senjeri Medu (Junction 1)",10.837197,77.179121,97,51.4,33.17,Green,Cloudy,0,Low
2026-09-20 13:07:00,CBE-PIN-1691,"Sri Murugan Bakery, Senjeri Medu (Link Road 2)",10.837983,77.174611,111,40.99,50.02,Yellow,Clear,0,Medium
2026-09-20 09:44:00,CBE-PIN-1692,"Sri Murugan Bakery, Senjeri Medu (Checkpost 3)",10.842053,77.169932,76,63.2,36.19,Red,Clear,0,Low
2026-09-20 14:10:00,CBE-PIN-1693,"Sri Murugan Bakery, Senjeri Medu (Crossway 4)",10.838783,77.178446,71,52.33,23.59,Green,Clear,0,Low
2026-09-20 11:58:00,CBE-PIN-1694,"Sri Murugan Bakery, Senjeri Medu (Bypass 5)",10.841123,77.179056,46,46.45,25.94,Red,Rain,0,Low
2026-09-20 19:45:00,CBE-PIN-1695,"Sri Murugan Bakery, Senjeri Medu (Approach 6)",10.83769,77.178695,43,64.43,15.16,Green,Rain,0,Low
2026-09-20 15:20:00,CBE-PIN-1696,"Sri Murugan Bakery, Senjeri Medu (Crossway 7)",10.833893,77.17324,49,68.94,22.58,Green,Cloudy,0,Low
2026-09-20 08:59:00,CBE-PIN-1697,"Sri Murugan Bakery, Senjeri Medu (Crossway 8)",10.838094,77.178698,202,16.5,92.57,Red,Breezy,0,High
2026-09-20 16:39:00,CBE-PIN-1698,"Sri Murugan Bakery, Senjeri Medu (Junction 9)",10.838804,77.179408,84,69.55,38.28,Green,Clear,0,Low
2026-09-20 18:38:00,CBE-PIN-1699,"Sri Murugan Bakery, Senjeri Medu (Junction 10)",10.838262,77.178232,38,66.98,14.55,Red,Clear,0,Low
2026-09-20 17:05:00,CBE-PIN-1700,"Sri Murugan Bakery, Senjeri Medu (Bypass 11)",10.835685,77.179659,64,53.13,21.6,Green,Cloudy,0,Low
2026-09-20 16:54:00,CBE-PIN-1701,"Sri Murugan Bakery, Senjeri Medu (Crossway 12)",10.837002,77.179157,173,13.07,89.46,Green,Clear,0,High
2026-09-20 16:41:00,CBE-PIN-1702,"Sri Murugan Bakery, Senjeri Medu (Crossway 13)",10.838584,77.178544,217,16.64,84.1,Red,Cloudy,0,High
2026-09-20 13:55:00,CBE-PIN-1703,"Sri Murugan Bakery, Senjeri Medu (Checkpost 14)",10.838359,77.178515,76,67.0,24.75,Green,Clear,0,Low
2026-09-20 13:49:00,CBE-PIN-1704,"Sri Murugan Bakery, Senjeri Medu (Junction 15)",10.840256,77.173153,79,66.03,31.68,Red,Clear,0,Low
2026-09-20 13:24:00,CBE-PIN-1705,"Sri Murugan Bakery, Senjeri Medu (Junction 16)",10.839365,77.178118,45,56.08,19.37,Red,Rain,0,Low
2026-09-20 11:20:00,CBE-PIN-1706,"Sri Murugan Bakery, Senjeri Medu (Checkpost 17)",10.837628,77.177353,63,61.38,30.86,Yellow,Cloudy,0,Low
2026-09-20 15:56:00,CBE-PIN-1707,"Sri Murugan Bakery, Senjeri Medu (Link Road 18)",10.835165,77.17941,267,14.27,94.56,Green,Cloudy,0,High
2026-09-20 08:46:00,CBE-PIN-1708,"Sri Murugan Bakery, Senjeri Medu (Crossway 19)",10.837086,77.177226,206,20.73,92.11,Red,Clear,0,High
2026-09-20 12:56:00,CBE-PIN-1709,"Sri Murugan Bakery, Senjeri Medu (Junction 20)",10.838818,77.179277,40,65.05,19.75,Yellow,Clear,0,Low
2026-09-20 12:29:00,CBE-PIN-1710,"Sri Murugan Bakery, Senjeri Medu (Checkpost 21)",10.83817,77.178299,168,12.75,86.25,Green,Clear,0,High
2026-09-20 13:09:00,CBE-PIN-1711,"Sri Murugan Bakery, Senjeri Medu (Junction 22)",10.834453,77.178805,67,58.4,34.21,Green,Cloudy,0,Low
2026-09-20 11:55:00,CBE-PIN-1712,"Sri Murugan Bakery, Senjeri Medu (Checkpost 23)",10.83594,77.177978,59,68.33,28.24,Green,Cloudy,0,Low
2026-09-20 19:26:00,CBE-PIN-1713,"Sri Murugan Bakery, Senjeri Medu (Checkpost 24)",10.839575,77.176544,32,71.42,15.82,Red,Clear,0,Low
2026-09-20 16:27:00,CBE-PIN-1714,"Sri Murugan Bakery, Senjeri Medu (Bypass 25)",10.841033,77.176623,29,70.29,11.41,Green,Clear,0,Low
2026-09-20 12:34:00,CBE-PIN-1715,"Sri Murugan Bakery, Senjeri Medu (Link Road 26)",10.837344,77.179181,70,68.41,28.97,Red,Clear,0,Low
2026-09-20 14:07:00,CBE-PIN-1716,"Sri Murugan Bakery, Senjeri Medu (Bypass 27)",10.836669,77.177687,51,53.95,27.2,Red,Clear,0,Low
2026-09-20 08:42:00,CBE-PIN-1717,"Sri Murugan Bakery, Senjeri Medu (Bypass 28)",10.838611,77.178025,59,71.31,32.93,Green,Clear,0,Low
2026-09-20 12:48:00,CBE-PIN-1718,"Sri Murugan Bakery, Senjeri Medu (Checkpost 29)",10.836466,77.180501,118,64.27,37.72,Green,Clear,0,Low
2026-09-20 17:17:00,CBE-PIN-1719,"Sri Murugan Bakery, Senjeri Medu (Checkpost 30)",10.838059,77.178852,78,55.42,29.15,Green,Clear,0,Low
2026-09-20 19:01:00,CBE-PIN-1720,"Sri Murugan Bakery, Senjeri Medu (Bypass 31)",10.838031,77.179019,125,31.43,44.5,Red,Cloudy,0,Medium
2026-09-20 18:27:00,CBE-PIN-1721,"Sri Murugan Bakery, Senjeri Medu (Crossway 32)",10.837175,77.180391,71,47.05,33.34,Red,Clear,0,Low
2026-09-20 18:22:00,CBE-PIN-1722,"Sri Murugan Bakery, Senjeri Medu (Approach 33)",10.846195,77.183019,67,63.34,36.44,Red,Clear,0,Low
2026-09-20 09:15:00,CBE-PIN-1723,"Sri Murugan Bakery, Senjeri Medu (Checkpost 34)",10.840689,77.173955,121,31.91,58.14,Red,Clear,0,Medium
2026-09-20 08:51:00,CBE-PIN-1724,"Sri Murugan Bakery, Senjeri Medu (Approach 35)",10.838595,77.177322,239,17.04,93.18,Green,Clear,0,High
2026-09-20 14:56:00,CBE-PIN-1725,"Sri Murugan Bakery, Senjeri Medu (Bypass 36)",10.84353,77.177017,20,58.83,11.16,Green,Breezy,0,Low
2026-09-20 11:48:00,CBE-PIN-1726,"Sri Murugan Bakery, Senjeri Medu (Bypass 37)",10.837991,77.181932,79,68.45,36.59,Green,Breezy,0,Low
2026-09-20 08:13:00,CBE-PIN-1727,"Sri Murugan Bakery, Senjeri Medu (Approach 38)",10.838137,77.178398,59,48.04,29.96,Yellow,Cloudy,0,Low
2026-09-20 14:25:00,CBE-PIN-1728,"Sri Murugan Bakery, Senjeri Medu (Checkpost 39)",10.838804,77.177292,60,53.09,23.44,Yellow,Rain,0,Low
2026-09-20 14:38:00,CBE-PIN-1729,"Sri Murugan Bakery, Senjeri Medu (Link Road 40)",10.838148,77.178413,144,33.17,61.55,Red,Clear,0,Medium
2026-09-20 13:23:00,CBE-PIN-1730,"Sri Murugan Bakery, Senjeri Medu (Approach 41)",10.840497,77.177221,246,12.19,95.43,Green,Cloudy,0,High
2026-09-20 17:59:00,CBE-PIN-1731,"Sri Murugan Bakery, Senjeri Medu (Link Road 42)",10.835602,77.182754,76,58.59,28.79,Red,Clear,0,Low
2026-09-20 11:48:00,CBE-PIN-1732,"Sri Murugan Bakery, Senjeri Medu (Checkpost 43)",10.838486,77.178571,40,63.92,13.69,Green,Clear,0,Low
2026-09-20 13:34:00,CBE-PIN-1733,"Sri Murugan Bakery, Senjeri Medu (Junction 44)",10.836288,77.190266,201,44.96,73.87,Green,Clear,0,Medium
2026-09-20 13:31:00,CBE-PIN-1734,"Sri Murugan Bakery, Senjeri Medu (Bypass 45)",10.842623,77.17754,201,13.05,89.46,Red,Cloudy,0,High
2026-09-20 11:37:00,CBE-PIN-1735,"Sri Murugan Bakery, Senjeri Medu (Checkpost 46)",10.838073,77.177999,94,58.79,32.74,Red,Clear,0,Low
2026-09-20 12:47:00,CBE-PIN-1736,"Sri Murugan Bakery, Senjeri Medu (Checkpost 47)",10.837544,77.178488,73,69.7,26.07,Green,Clear,0,Low
2026-09-20 15:59:00,CBE-PIN-1737,"Sri Murugan Bakery, Senjeri Medu (Approach 48)",10.835485,77.175642,218,21.46,77.78,Green,Clear,0,High
2026-09-20 09:57:00,CBE-PIN-1738,"Sri Murugan Bakery, Senjeri Medu (Junction 49)",10.838596,77.18041,28,66.02,13.01,Green,Breezy,0,Low
2026-09-20 18:03:00,CBE-PIN-1739,"Sri Murugan Bakery, Senjeri Medu (Crossway 50)",10.836046,77.178151,180,36.2,64.82,Green,Clear,0,Medium
2026-09-20 09:15:00,CBE-PIN-1740,"Sri Murugan Bakery, Senjeri Medu (Link Road 51)",10.844712,77.180605,39,52.82,17.01,Green,Clear,0,Low
2026-09-20 12:32:00,CBE-PIN-1741,"Sri Murugan Bakery, Senjeri Medu (Bypass 52)",10.840056,77.179693,38,66.03,16.11,Green,Clear,0,Low
2026-09-20 19:51:00,CBE-PIN-1742,"Sri Murugan Bakery, Senjeri Medu (Link Road 53)",10.83832,77.177502,41,61.41,21.02,Green,Clear,0,Low
2026-09-20 17:09:00,CBE-PIN-1743,"Sri Murugan Bakery, Senjeri Medu (Junction 54)",10.838475,77.172598,46,52.84,16.51,Green,Clear,0,Low
2026-09-20 11:30:00,CBE-PIN-1744,"Sri Murugan Bakery, Senjeri Medu (Bypass 55)",10.838414,77.178186,70,53.63,24.23,Yellow,Clear,0,Low
2026-09-20 12:03:00,CBE-PIN-1745,"Sri Murugan Bakery, Senjeri Medu (Link Road 56)",10.83872,77.179356,71,49.83,27.74,Green,Clear,0,Low
2026-09-20 18:24:00,CBE-PIN-1746,"Sri Murugan Bakery, Senjeri Medu (Checkpost 57)",10.835676,77.179424,79,52.63,34.9,Green,Clear,0,Low
2026-09-20 15:21:00,CBE-PIN-1747,"Sri Murugan Bakery, Senjeri Medu (Approach 58)",10.842738,77.180646,126,42.64,52.51,Green,Clear,0,Medium
2026-09-20 11:26:00,CBE-PIN-1748,"Sri Murugan Bakery, Senjeri Medu (Junction 59)",10.83857,77.17815,23,53.4,11.36,Red,Cloudy,0,Low
2026-09-20 17:27:00,CBE-PIN-1749,"Sri Murugan Bakery, Senjeri Medu (Junction 60)",10.832368,77.180699,60,62.34,21.45,Yellow,Clear,0,Low
2026-09-20 19:26:00,CBE-PIN-1750,"Sri Murugan Bakery, Senjeri Medu (Link Road 61)",10.838171,77.179139,78,46.01,33.37,Yellow,Clear,0,Low
2026-09-20 16:17:00,CBE-PIN-1751,"Sri Murugan Bakery, Senjeri Medu (Approach 62)",10.83737,77.179469,23,62.68,10.68,Red,Clear,0,Low
2026-09-20 14:22:00,CBE-PIN-1752,"Sri Murugan Bakery, Senjeri Medu (Approach 63)",10.838372,77.175144,35,47.39,14.07,Green,Cloudy,0,Low
2026-09-20 12:16:00,CBE-PIN-1753,"Sri Murugan Bakery, Senjeri Medu (Junction 64)",10.836032,77.188547,38,64.78,12.26,Red,Clear,0,Low
2026-09-20 17:20:00,CBE-PIN-1754,"Sri Murugan Bakery, Senjeri Medu (Bypass 65)",10.83662,77.178525,42,49.35,22.48,Red,Clear,0,Low
2026-09-20 10:18:00,CBE-PIN-1755,"Sri Murugan Bakery, Senjeri Medu (Bypass 66)",10.837685,77.17617,43,49.94,22.81,Green,Cloudy,0,Low
2026-09-20 18:00:00,CBE-PIN-1756,"Sri Murugan Bakery, Senjeri Medu (Bypass 67)",10.841811,77.17931,47,70.67,17.13,Red,Clear,0,Low
2026-09-20 11:56:00,CBE-PIN-1757,"Sri Murugan Bakery, Senjeri Medu (Link Road 68)",10.838492,77.179193,67,50.92,26.63,Red,Clear,0,Low
2026-09-20 18:30:00,CBE-PIN-1758,"Sri Murugan Bakery, Senjeri Medu (Approach 69)",10.838218,77.178578,217,18.54,86.21,Red,Clear,0,High
2026-09-20 18:43:00,CBE-PIN-1759,"Sri Murugan Bakery, Senjeri Medu (Crossway 70)",10.836061,77.179022,39,70.46,19.55,Green,Clear,0,Low
2026-09-20 15:00:00,CBE-PIN-1760,"Sri Murugan Bakery, Senjeri Medu (Junction 71)",10.848355,77.177435,221,20.75,89.79,Red,Clear,0,High
2026-09-20 10:49:00,CBE-PIN-1761,"Sri Murugan Bakery, Senjeri Medu (Crossway 72)",10.835174,77.178528,175,21.01,89.16,Red,Clear,0,High
2026-09-20 17:32:00,CBE-PIN-1762,"Sri Murugan Bakery, Senjeri Medu (Junction 73)",10.836422,77.178092,62,48.32,22.5,Red,Clear,0,Low
2026-09-20 10:05:00,CBE-PIN-1763,"Sri Murugan Bakery, Senjeri Medu (Checkpost 74)",10.848993,77.185709,158,32.9,62.1,Red,Clear,0,Medium
2026-09-20 18:06:00,CBE-PIN-1764,"Sri Murugan Bakery, Senjeri Medu (Bypass 75)",10.838775,77.178634,44,63.84,17.25,Yellow,Clear,0,Low
2026-09-20 09:29:00,CBE-PIN-1765,"Sri Murugan Bakery, Senjeri Medu (Bypass 76)",10.83764,77.179047,36,71.24,15.1,Red,Clear,0,Low
2026-09-20 11:51:00,CBE-PIN-1766,"Sri Murugan Bakery, Senjeri Medu (Crossway 77)",10.839257,77.17633,31,53.92,15.27,Green,Clear,0,Low
2026-09-20 08:22:00,CBE-PIN-1767,"Sri Murugan Bakery, Senjeri Medu (Junction 78)",10.839884,77.180672,24,65.09,11.6,Red,Rain,0,Low
2026-09-20 09:39:00,CBE-PIN-1768,"Sri Murugan Bakery, Senjeri Medu (Crossway 79)",10.832786,77.180879,107,59.53,34.96,Green,Clear,0,Low
2026-09-20 15:31:00,CBE-PIN-1769,"Sri Murugan Bakery, Senjeri Medu (Crossway 80)",10.83353,77.179894,102,66.07,34.43,Red,Cloudy,0,Low
2026-09-20 15:30:00,CBE-PIN-1770,"Sri Murugan Bakery, Senjeri Medu (Approach 81)",10.839877,77.177058,40,58.93,12.73,Red,Clear,0,Low
2026-09-20 16:16:00,CBE-PIN-1771,"Sri Murugan Bakery, Senjeri Medu (Bypass 82)",10.844736,77.178248,97,47.04,36.14,Green,Clear,0,Low
2026-09-20 18:49:00,CBE-PIN-1772,"Sri Murugan Bakery, Senjeri Medu (Junction 83)",10.835193,77.183547,219,20.71,85.77,Red,Clear,0,High
2026-09-20 12:07:00,CBE-PIN-1773,"Sri Murugan Bakery, Senjeri Medu (Crossway 84)",10.838361,77.17851,96,48.11,30.78,Green,Clear,0,Low
2026-09-20 13:08:00,CBE-PIN-1774,"Sri Murugan Bakery, Senjeri Medu (Approach 85)",10.844458,77.175614,53,50.43,17.88,Red,Clear,0,Low
2026-09-20 08:38:00,CBE-PIN-1775,"Sri Murugan Bakery, Senjeri Medu (Checkpost 86)",10.836861,77.176009,41,49.25,13.76,Green,Clear,0,Low
2026-09-20 16:19:00,CBE-PIN-1776,"Sri Murugan Bakery, Senjeri Medu (Junction 87)",10.838548,77.179218,68,71.0,32.32,Green,Clear,0,Low
2026-09-20 14:26:00,CBE-PIN-1777,"Sri Murugan Bakery, Senjeri Medu (Junction 88)",10.839713,77.17896,81,60.57,31.13,Green,Clear,0,Low
2026-09-20 16:31:00,CBE-PIN-1778,"Sri Murugan Bakery, Senjeri Medu (Crossway 89)",10.837532,77.177588,231,13.19,79.72,Red,Cloudy,0,High
2026-09-20 13:25:00,CBE-PIN-1779,"Sri Murugan Bakery, Senjeri Medu (Approach 90)",10.836754,77.179387,252,12.61,87.41,Red,Clear,0,High
2026-09-20 15:00:00,CBE-PIN-1780,"Sri Murugan Bakery, Senjeri Medu (Crossway 91)",10.840244,77.174662,80,56.63,29.2,Green,Clear,0,Low
2026-09-20 08:30:00,CBE-PIN-1781,"Sri Murugan Bakery, Senjeri Medu (Crossway 92)",10.838517,77.181367,86,46.74,28.29,Green,Clear,0,Low
2026-09-20 11:11:00,CBE-PIN-1782,"Sri Murugan Bakery, Senjeri Medu (Checkpost 93)",10.843857,77.180443,182,15.67,86.39,Green,Cloudy,0,High
2026-09-20 12:32:00,CBE-PIN-1783,"Sri Murugan Bakery, Senjeri Medu (Bypass 94)",10.834726,77.17866,84,55.65,30.88,Yellow,Cloudy,0,Low
2026-09-20 13:38:00,CBE-PIN-1784,"Sri Murugan Bakery, Senjeri Medu (Checkpost 95)",10.837887,77.175837,193,13.92,92.64,Red,Rain,0,High
2026-09-20 10:25:00,CBE-PIN-1785,"Sri Murugan Bakery, Senjeri Medu (Crossway 96)",10.839355,77.178381,73,50.59,26.83,Red,Rain,0,Low
2026-09-20 17:00:00,CBE-PIN-1786,"Sri Murugan Bakery, Senjeri Medu (Bypass 97)",10.837184,77.177386,223,15.13,78.76,Green,Clear,0,High
2026-09-20 17:21:00,CBE-PIN-1787,"Sri Murugan Bakery, Senjeri Medu (Bypass 98)",10.83181,77.181022,60,50.09,30.03,Yellow,Clear,0,Low
2026-09-20 18:05:00,CBE-PIN-1788,"Sri Murugan Bakery, Senjeri Medu (Junction 99)",10.840487,77.180358,250,17.27,93.61,Red,Rain,0,High
2026-09-20 18:11:00,CBE-PIN-1789,"Sri Murugan Bakery, Senjeri Medu (Approach 100)",10.840269,77.178713,109,33.2,48.93,Green,Clear,0,Medium
2026-09-20 09:34:00,CBE-PIN-1790,"Sri Murugan Bakery, Senjeri Medu (Crossway 101)",10.838702,77.178645,183,20.12,90.8,Green,Cloudy,0,High
2026-09-20 11:32:00,CBE-PIN-1791,"Sri Murugan Bakery, Senjeri Medu (Junction 102)",10.837238,77.172018,186,30.65,62.82,Yellow,Clear,0,Medium
2026-09-20 16:41:00,CBE-PIN-1792,"Sri Murugan Bakery, Senjeri Medu (Approach 103)",10.838263,77.177731,231,44.46,73.54,Red,Clear,0,Medium
2026-09-20 13:58:00,CBE-PIN-1793,"Sri Murugan Bakery, Senjeri Medu (Junction 104)",10.847365,77.181598,68,61.99,23.99,Red,Clear,0,Low
2026-09-20 18:26:00,CBE-PIN-1794,"Sri Murugan Bakery, Senjeri Medu (Crossway 105)",10.835997,77.184374,222,20.81,80.39,Red,Rain,0,High
2026-09-20 13:38:00,CBE-PIN-1795,"Sri Murugan Bakery, Senjeri Medu (Checkpost 106)",10.834795,77.198088,58,62.76,20.3,Green,Clear,0,Low
2026-09-20 10:44:00,CBE-PIN-1796,"Sri Murugan Bakery, Senjeri Medu (Link Road 107)",10.838264,77.1783,153,28.98,55.21,Red,Clear,0,Medium
2026-09-20 15:29:00,CBE-PIN-1797,"Sri Murugan Bakery, Senjeri Medu (Checkpost 108)",10.838074,77.178249,25,50.61,13.18,Yellow,Clear,0,Low
2026-09-20 13:35:00,CBE-PIN-1798,"Sri Murugan Bakery, Senjeri Medu (Checkpost 109)",10.840702,77.177293,25,49.67,10.02,Green,Cloudy,0,Low
2026-09-20 15:13:00,CBE-PIN-1799,"Sri Murugan Bakery, Senjeri Medu (Approach 110)",10.837763,77.175397,188,18.74,77.8,Red,Breezy,0,High
2026-09-20 10:49:00,CBE-PIN-1800,"Sri Murugan Bakery, Senjeri Medu (Crossway 111)",10.84707,77.179167,252,16.46,92.12,Green,Clear,0,High
2026-09-20 19:50:00,CBE-PIN-1801,"Sri Murugan Bakery, Senjeri Medu (Approach 112)",10.835907,77.176675,221,12.81,87.12,Green,Rain,0,High
2026-09-20 16:36:00,CBE-PIN-1802,"Sri Murugan Bakery, Senjeri Medu (Junction 113)",10.840166,77.175319,146,33.87,69.17,Green,Clear,0,Medium
2026-09-20 19:23:00,CBE-PIN-1803,"Sri Murugan Bakery, Senjeri Medu (Bypass 114)",10.834895,77.174855,62,70.25,28.34,Red,Clear,0,Low
2026-09-20 08:32:00,CBE-PIN-1804,"Sri Murugan Bakery, Senjeri Medu (Bypass 115)",10.832792,77.18235,56,63.65,21.37,Green,Clear,0,Low
2026-09-20 08:23:00,CBE-PIN-1805,Sultanpet Police Station Roundabout (Crossway 1),10.87496,77.155432,49,63.7,15.41,Red,Clear,0,Low
2026-09-20 14:16:00,CBE-PIN-1806,Sultanpet Police Station Roundabout (Approach 2),10.875097,77.155162,46,68.22,17.45,Yellow,Clear,0,Low
2026-09-20 11:10:00,CBE-PIN-1807,Sultanpet Police Station Roundabout (Junction 3),10.873275,77.155297,67,62.23,28.95,Yellow,Clear,0,Low
2026-09-20 08:24:00,CBE-PIN-1808,Sultanpet Police Station Roundabout (Bypass 4),10.874505,77.152818,46,70.55,19.74,Red,Clear,0,Low
2026-09-20 19:57:00,CBE-PIN-1809,Sultanpet Police Station Roundabout (Approach 5),10.875231,77.154478,164,36.72,63.52,Yellow,Clear,0,Medium
2026-09-20 14:30:00,CBE-PIN-1810,Sultanpet Police Station Roundabout (Crossway 6),10.876795,77.155797,62,61.98,34.13,Red,Clear,0,Low
2026-09-20 16:10:00,CBE-PIN-1811,Sultanpet Police Station Roundabout (Link Road 7),10.873045,77.149723,198,16.96,83.84,Red,Clear,0,High
2026-09-20 18:38:00,CBE-PIN-1812,Sultanpet Police Station Roundabout (Approach 8),10.877781,77.155173,83,31.87,46.22,Green,Clear,0,Medium
2026-09-20 15:15:00,CBE-PIN-1813,Sultanpet Police Station Roundabout (Checkpost 9),10.884459,77.156868,69,59.92,25.76,Red,Cloudy,0,Low
2026-09-20 14:39:00,CBE-PIN-1814,Sultanpet Police Station Roundabout (Link Road 10),10.876817,77.155612,136,42.64,43.56,Yellow,Cloudy,0,Medium
2026-09-20 16:52:00,CBE-PIN-1815,Sultanpet Police Station Roundabout (Bypass 11),10.869291,77.152256,213,12.75,89.86,Red,Rain,0,High
2026-09-20 16:22:00,CBE-PIN-1816,Sultanpet Police Station Roundabout (Bypass 12),10.875785,77.150018,125,24.94,50.53,Green,Clear,0,Medium
2026-09-20 11:54:00,CBE-PIN-1817,Sultanpet Police Station Roundabout (Crossway 13),10.872495,77.156304,190,12.02,80.14,Green,Clear,0,High
2026-09-20 18:22:00,CBE-PIN-1818,Sultanpet Police Station Roundabout (Approach 14),10.874638,77.154231,155,21.4,80.47,Green,Rain,0,High
2026-09-20 19:58:00,CBE-PIN-1819,Sultanpet Police Station Roundabout (Junction 15),10.868841,77.166754,209,16.45,77.38,Red,Breezy,0,High
2026-09-20 19:15:00,CBE-PIN-1820,Sultanpet Police Station Roundabout (Link Road 16),10.879831,77.161395,62,71.79,32.9,Green,Cloudy,0,Low
2026-09-20 11:09:00,CBE-PIN-1821,Sultanpet Police Station Roundabout (Bypass 17),10.882147,77.157657,152,38.06,68.27,Red,Clear,0,Medium
2026-09-20 09:54:00,CBE-PIN-1822,Sultanpet Police Station Roundabout (Crossway 18),10.87167,77.155528,153,14.75,75.69,Green,Rain,0,High
2026-09-20 10:06:00,CBE-PIN-1823,Sultanpet Police Station Roundabout (Crossway 19),10.874219,77.15484,65,65.69,31.22,Green,Cloudy,0,Low
2026-09-20 09:34:00,CBE-PIN-1824,Sultanpet Police Station Roundabout (Approach 20),10.875182,77.156885,63,66.38,23.14,Green,Cloudy,0,Low
2026-09-20 16:17:00,CBE-PIN-1825,Sultanpet Police Station Roundabout (Bypass 21),10.872571,77.153089,49,62.31,17.53,Red,Clear,0,Low
2026-09-20 18:41:00,CBE-PIN-1826,Sultanpet Police Station Roundabout (Approach 22),10.865491,77.168534,209,16.05,76.31,Green,Clear,0,High
2026-09-20 16:11:00,CBE-PIN-1827,Sultanpet Police Station Roundabout (Crossway 23),10.87272,77.156435,140,30.31,67.31,Red,Clear,0,Medium
2026-09-20 10:04:00,CBE-PIN-1828,Sultanpet Police Station Roundabout (Checkpost 24),10.873191,77.157565,89,39.65,47.26,Green,Clear,0,Medium
2026-09-20 16:41:00,CBE-PIN-1829,Sultanpet Police Station Roundabout (Link Road 25),10.870813,77.158729,102,68.13,32.54,Green,Clear,0,Low
2026-09-20 08:34:00,CBE-PIN-1830,Sultanpet Police Station Roundabout (Approach 26),10.874783,77.155045,39,57.73,12.92,Red,Cloudy,0,Low
2026-09-20 10:15:00,CBE-PIN-1831,Sultanpet Police Station Roundabout (Bypass 27),10.875271,77.155385,89,64.02,33.24,Red,Clear,0,Low
2026-09-20 17:37:00,CBE-PIN-1832,Sultanpet Police Station Roundabout (Link Road 28),10.875092,77.154547,153,32.33,71.89,Green,Clear,0,Medium
2026-09-20 19:37:00,CBE-PIN-1833,Sultanpet Police Station Roundabout (Junction 29),10.875044,77.155833,215,19.15,76.45,Green,Clear,0,High
2026-09-20 09:36:00,CBE-PIN-1834,Sultanpet Police Station Roundabout (Checkpost 30),10.884409,77.150454,169,19.78,90.51,Green,Clear,0,High
2026-09-20 09:13:00,CBE-PIN-1835,Sultanpet Police Station Roundabout (Crossway 31),10.876133,77.153342,72,71.38,25.44,Red,Rain,0,Low
2026-09-20 09:54:00,CBE-PIN-1836,Sultanpet Police Station Roundabout (Approach 32),10.874888,77.160663,93,56.04,37.68,Green,Rain,0,Low
2026-09-20 10:46:00,CBE-PIN-1837,Sultanpet Police Station Roundabout (Approach 33),10.87511,77.152497,190,21.74,88.93,Red,Clear,0,High
2026-09-20 14:53:00,CBE-PIN-1838,Sultanpet Police Station Roundabout (Crossway 34),10.873622,77.154677,62,49.07,28.99,Green,Clear,0,Low
2026-09-20 13:41:00,CBE-PIN-1839,Sultanpet Police Station Roundabout (Crossway 35),10.877317,77.155418,125,35.78,56.16,Green,Cloudy,0,Medium
2026-09-20 13:17:00,CBE-PIN-1840,Sultanpet Police Station Roundabout (Approach 36),10.874143,77.153211,60,56.8,21.68,Red,Clear,0,Low
2026-09-20 14:15:00,CBE-PIN-1841,Sultanpet Police Station Roundabout (Link Road 37),10.872984,77.1599,183,14.42,89.12,Green,Rain,0,High
2026-09-20 12:56:00,CBE-PIN-1842,Sultanpet Police Station Roundabout (Approach 38),10.873449,77.156092,31,71.03,13.67,Red,Clear,0,Low
2026-09-20 13:59:00,CBE-PIN-1843,Sultanpet Police Station Roundabout (Link Road 39),10.878633,77.156206,150,28.09,67.75,Green,Cloudy,0,Medium
2026-09-20 12:08:00,CBE-PIN-1844,Sultanpet Police Station Roundabout (Link Road 40),10.874576,77.155815,24,47.05,12.75,Green,Clear,0,Low
2026-09-20 12:32:00,CBE-PIN-1845,Sultanpet Police Station Roundabout (Junction 41),10.874663,77.155449,194,21.36,85.92,Red,Rain,0,High
2026-09-20 17:06:00,CBE-PIN-1846,Sultanpet Police Station Roundabout (Approach 42),10.873841,77.155826,83,53.53,26.74,Red,Clear,0,Low
2026-09-20 09:19:00,CBE-PIN-1847,Sultanpet Police Station Roundabout (Crossway 43),10.87427,77.154016,248,12.59,81.41,Green,Clear,0,High
2026-09-20 16:28:00,CBE-PIN-1848,Sultanpet Police Station Roundabout (Checkpost 44),10.874537,77.155191,63,71.45,31.07,Red,Rain,0,Low
2026-09-20 10:59:00,CBE-PIN-1849,Sultanpet Police Station Roundabout (Crossway 45),10.874448,77.15544,81,71.36,32.08,Red,Clear,0,Low
2026-09-20 18:25:00,CBE-PIN-1850,Sultanpet Police Station Roundabout (Junction 46),10.876368,77.156215,183,21.09,77.14,Red,Clear,0,High
2026-09-20 16:27:00,CBE-PIN-1851,Sultanpet Police Station Roundabout (Checkpost 47),10.874387,77.154155,60,69.74,33.14,Green,Rain,0,Low
2026-09-20 10:38:00,CBE-PIN-1852,Sultanpet Police Station Roundabout (Link Road 48),10.868928,77.158481,251,21.81,87.89,Red,Clear,0,High
2026-09-20 11:01:00,CBE-PIN-1853,Sultanpet Police Station Roundabout (Junction 49),10.87482,77.154855,54,55.49,27.73,Red,Cloudy,0,Low
2026-09-20 13:52:00,CBE-PIN-1854,Sultanpet Police Station Roundabout (Junction 50),10.872618,77.153536,50,59.25,22.25,Green,Clear,0,Low
2026-09-20 16:44:00,CBE-PIN-1855,Sultanpet Police Station Roundabout (Bypass 51),10.87578,77.153902,57,68.03,22.8,Green,Clear,0,Low
2026-09-20 10:57:00,CBE-PIN-1856,Sultanpet Police Station Roundabout (Approach 52),10.87471,77.154659,169,19.71,92.67,Yellow,Cloudy,0,High
2026-09-20 18:26:00,CBE-PIN-1857,Sultanpet Police Station Roundabout (Link Road 53),10.873842,77.154817,242,17.86,91.05,Green,Cloudy,0,High
2026-09-20 17:29:00,CBE-PIN-1858,Sultanpet Police Station Roundabout (Bypass 54),10.870408,77.149594,39,70.18,21.06,Red,Clear,0,Low
2026-09-20 19:03:00,CBE-PIN-1859,Sultanpet Police Station Roundabout (Bypass 55),10.875383,77.156239,121,38.95,47.17,Green,Cloudy,0,Medium
2026-09-20 12:19:00,CBE-PIN-1860,Sultanpet Police Station Roundabout (Link Road 56),10.875323,77.155338,134,26.66,59.25,Green,Clear,0,Medium
2026-09-20 18:45:00,CBE-PIN-1861,Sultanpet Police Station Roundabout (Bypass 57),10.874244,77.154613,227,12.27,75.26,Red,Clear,0,High
2026-09-20 11:54:00,CBE-PIN-1862,Sultanpet Police Station Roundabout (Approach 58),10.864233,77.15937,81,58.73,32.11,Red,Cloudy,0,Low
2026-09-20 10:45:00,CBE-PIN-1863,Sultanpet Police Station Roundabout (Approach 59),10.877987,77.159821,245,14.33,84.52,Green,Cloudy,0,High
2026-09-20 10:37:00,CBE-PIN-1864,Sultanpet Police Station Roundabout (Junction 60),10.875251,77.155288,133,32.33,65.28,Red,Clear,0,Medium
2026-09-20 09:31:00,CBE-PIN-1865,Sultanpet Police Station Roundabout (Checkpost 61),10.873085,77.15402,197,27.58,62.54,Red,Rain,0,Medium
2026-09-20 09:51:00,CBE-PIN-1866,Sultanpet Police Station Roundabout (Link Road 62),10.874526,77.154714,98,48.33,37.82,Red,Cloudy,0,Low
2026-09-20 19:08:00,CBE-PIN-1867,Sultanpet Police Station Roundabout (Bypass 63),10.873882,77.160588,277,15.17,92.85,Yellow,Clear,0,High
2026-09-20 18:01:00,CBE-PIN-1868,Sultanpet Police Station Roundabout (Bypass 64),10.874805,77.154902,224,31.23,73.9,Red,Cloudy,0,Medium
2026-09-20 11:05:00,CBE-PIN-1869,Sultanpet Police Station Roundabout (Bypass 65),10.877215,77.159042,191,16.73,88.24,Green,Clear,0,High
2026-09-20 16:59:00,CBE-PIN-1870,Sultanpet Police Station Roundabout (Checkpost 66),10.881981,77.154971,157,19.13,75.97,Red,Clear,0,High
2026-09-20 08:43:00,CBE-PIN-1871,Sultanpet Police Station Roundabout (Checkpost 67),10.874259,77.151065,164,19.47,76.11,Green,Clear,0,High
2026-09-20 15:19:00,CBE-PIN-1872,Sultanpet Police Station Roundabout (Approach 68),10.874445,77.155802,183,20.96,88.36,Green,Rain,0,High
2026-09-20 12:04:00,CBE-PIN-1873,Sultanpet Police Station Roundabout (Checkpost 69),10.876161,77.159455,49,65.73,25.45,Red,Cloudy,0,Low
2026-09-20 18:04:00,CBE-PIN-1874,Sultanpet Police Station Roundabout (Checkpost 70),10.865895,77.147404,146,12.23,76.17,Green,Rain,0,High
2026-09-20 10:51:00,CBE-PIN-1875,Sultanpet Police Station Roundabout (Crossway 71),10.868569,77.145896,182,14.48,94.48,Green,Cloudy,0,High
2026-09-20 10:34:00,CBE-PIN-1876,Sultanpet Police Station Roundabout (Approach 72),10.874881,77.155595,74,49.51,23.59,Green,Rain,0,Low
2026-09-20 18:34:00,CBE-PIN-1877,Sultanpet Police Station Roundabout (Link Road 73),10.874187,77.154677,236,16.24,81.5,Red,Breezy,0,High
2026-09-20 08:38:00,CBE-PIN-1878,Sultanpet Police Station Roundabout (Crossway 74),10.867097,77.164192,46,68.99,23.11,Yellow,Rain,0,Low
2026-09-20 15:34:00,CBE-PIN-1879,Sultanpet Police Station Roundabout (Junction 75),10.873735,77.155012,211,13.63,85.27,Green,Cloudy,0,High
2026-09-20 17:14:00,CBE-PIN-1880,Sultanpet Police Station Roundabout (Approach 76),10.873091,77.154575,33,71.18,12.75,Red,Clear,0,Low
2026-09-20 16:05:00,CBE-PIN-1881,Sultanpet Police Station Roundabout (Checkpost 77),10.875323,77.155953,87,65.09,29.19,Green,Cloudy,0,Low
2026-09-20 14:02:00,CBE-PIN-1882,Sultanpet Police Station Roundabout (Checkpost 78),10.871775,77.159991,25,67.99,13.35,Red,Breezy,0,Low
2026-09-20 11:00:00,CBE-PIN-1883,Sultanpet Police Station Roundabout (Approach 79),10.877695,77.15477,243,14.88,80.4,Yellow,Clear,0,High
2026-09-20 16:21:00,CBE-PIN-1884,Sultanpet Police Station Roundabout (Checkpost 80),10.866307,77.152603,39,57.65,17.96,Red,Clear,0,Low
2026-09-20 16:57:00,CBE-PIN-1885,Sultanpet Police Station Roundabout (Junction 81),10.874963,77.154706,57,50.49,19.99,Green,Clear,0,Low
2026-09-20 19:26:00,CBE-PIN-1886,Sultanpet Police Station Roundabout (Link Road 82),10.875188,77.157045,196,42.35,65.94,Red,Clear,0,Medium
2026-09-20 14:13:00,CBE-PIN-1887,Sultanpet Police Station Roundabout (Approach 83),10.867979,77.159669,68,60.11,25.36,Yellow,Clear,0,Low
2026-09-20 13:29:00,CBE-PIN-1888,Sultanpet Police Station Roundabout (Bypass 84),10.873256,77.148162,193,16.52,83.57,Red,Clear,0,High
2026-09-20 08:28:00,CBE-PIN-1889,Sultanpet Police Station Roundabout (Checkpost 85),10.872169,77.156271,77,56.26,38.45,Green,Cloudy,0,Low
2026-09-20 11:50:00,CBE-PIN-1890,Sultanpet Police Station Roundabout (Link Road 86),10.875841,77.157111,67,46.53,27.53,Red,Clear,0,Low
2026-09-20 15:54:00,CBE-PIN-1891,Sultanpet Police Station Roundabout (Link Road 87),10.876959,77.153217,69,67.06,26.12,Green,Rain,0,Low
2026-09-20 17:31:00,CBE-PIN-1892,Sultanpet Police Station Roundabout (Junction 88),10.873795,77.155412,177,17.36,84.43,Red,Clear,0,High
2026-09-20 15:53:00,CBE-PIN-1893,Sultanpet Police Station Roundabout (Junction 89),10.874028,77.155371,69,55.66,23.02,Yellow,Clear,0,Low
2026-09-20 09:26:00,CBE-PIN-1894,Sultanpet Police Station Roundabout (Junction 90),10.874692,77.154967,173,35.64,59.0,Green,Cloudy,0,Medium
2026-09-20 19:07:00,CBE-PIN-1895,Sultanpet Police Station Roundabout (Link Road 91),10.876383,77.156717,163,12.6,81.84,Red,Cloudy,0,High
2026-09-20 09:40:00,CBE-PIN-1896,Sultanpet Police Station Roundabout (Junction 92),10.875042,77.154266,68,54.76,26.98,Red,Clear,0,Low
2026-09-20 13:31:00,CBE-PIN-1897,Sultanpet Police Station Roundabout (Link Road 93),10.874811,77.154859,202,12.06,82.9,Red,Rain,0,High
2026-09-20 09:25:00,CBE-PIN-1898,Sultanpet Police Station Roundabout (Checkpost 94),10.871063,77.151043,76,65.45,36.27,Green,Rain,0,Low
2026-09-20 08:43:00,CBE-PIN-1899,Sultanpet Police Station Roundabout (Crossway 95),10.870382,77.154731,74,65.31,34.55,Green,Clear,0,Low
2026-09-20 10:00:00,CBE-PIN-1900,Sultanpet Police Station Roundabout (Approach 96),10.876594,77.151305,78,64.89,37.34,Red,Cloudy,0,Low
2026-09-20 09:10:00,CBE-PIN-1901,Sultanpet Police Station Roundabout (Checkpost 97),10.874656,77.155562,54,52.55,23.17,Red,Clear,0,Low
2026-09-20 09:54:00,CBE-PIN-1902,Sultanpet Police Station Roundabout (Bypass 98),10.877442,77.156573,56,56.89,22.52,Red,Clear,0,Low
2026-09-20 15:54:00,CBE-PIN-1903,Sultanpet Police Station Roundabout (Checkpost 99),10.875167,77.15518,237,18.1,79.13,Red,Clear,0,High
2026-09-20 11:54:00,CBE-PIN-1904,Sultanpet Police Station Roundabout (Checkpost 100),10.874414,77.155629,119,24.41,62.83,Red,Clear,0,Medium
2026-09-20 19:43:00,CBE-PIN-1905,Sultanpet Police Station Roundabout (Checkpost 101),10.874613,77.157597,47,68.01,24.22,Green,Clear,0,Low
2026-09-20 08:18:00,CBE-PIN-1906,Sultanpet Police Station Roundabout (Crossway 102),10.87543,77.16005,182,13.43,93.02,Red,Cloudy,0,High
2026-09-20 08:19:00,CBE-PIN-1907,Sultanpet Police Station Roundabout (Junction 103),10.875906,77.155857,70,59.24,28.2,Yellow,Clear,0,Low
2026-09-20 15:35:00,CBE-PIN-1908,Sultanpet Police Station Roundabout (Bypass 104),10.877568,77.159134,107,31.12,44.99,Green,Clear,0,Medium
2026-09-20 14:59:00,CBE-PIN-1909,Sultanpet Police Station Roundabout (Link Road 105),10.875244,77.155016,197,16.02,92.76,Green,Cloudy,0,High
2026-09-20 11:17:00,CBE-PIN-1910,Sultanpet Police Station Roundabout (Approach 106),10.87097,77.166324,57,49.55,22.08,Red,Clear,0,Low
2026-09-20 18:15:00,CBE-PIN-1911,Sultanpet Police Station Roundabout (Checkpost 107),10.874784,77.154876,54,63.33,18.95,Red,Clear,0,Low
2026-09-20 12:13:00,CBE-PIN-1912,Sultanpet Police Station Roundabout (Approach 108),10.873931,77.157637,210,12.83,77.65,Red,Clear,0,High
2026-09-20 15:26:00,CBE-PIN-1913,Sultanpet Police Station Roundabout (Bypass 109),10.872428,77.154516,164,21.2,84.26,Yellow,Clear,0,High
2026-09-20 08:02:00,CBE-PIN-1914,Sultanpet Police Station Roundabout (Bypass 110),10.875246,77.161203,83,67.43,30.98,Red,Cloudy,0,Low
2026-09-20 13:14:00,CBE-PIN-1915,Sultanpet Police Station Roundabout (Junction 111),10.875237,77.154649,113,46.11,36.81,Red,Clear,0,Low
2026-09-20 14:15:00,CBE-PIN-1916,Sultanpet Police Station Roundabout (Checkpost 112),10.878693,77.146265,48,69.77,25.85,Yellow,Clear,0,Low
2026-09-20 16:40:00,CBE-PIN-1917,Sultanpet Police Station Roundabout (Approach 113),10.874224,77.155323,128,27.67,68.86,Green,Clear,0,Medium
2026-09-20 09:17:00,CBE-PIN-1918,Sultanpet Police Station Roundabout (Checkpost 114),10.873444,77.154666,208,15.39,75.43,Red,Clear,0,High
2026-09-20 17:32:00,CBE-PIN-1919,Sultanpet Police Station Roundabout (Bypass 115),10.875972,77.156466,222,12.28,91.91,Green,Cloudy,1,High
2026-09-20 09:26:00,CBE-PIN-1920,Vadambacheri SH 174 Four Roads (Checkpost 1),10.891666,77.174777,29,67.53,14.57,Red,Clear,0,Low
2026-09-20 08:39:00,CBE-PIN-1921,Vadambacheri SH 174 Four Roads (Crossway 2),10.893538,77.174581,245,13.71,89.02,Red,Cloudy,0,High
2026-09-20 10:12:00,CBE-PIN-1922,Vadambacheri SH 174 Four Roads (Crossway 3),10.892225,77.163135,197,15.14,92.01,Green,Clear,0,High
2026-09-20 18:44:00,CBE-PIN-1923,Vadambacheri SH 174 Four Roads (Junction 4),10.890866,77.18081,187,17.65,82.12,Green,Cloudy,0,High
2026-09-20 10:16:00,CBE-PIN-1924,Vadambacheri SH 174 Four Roads (Checkpost 5),10.893068,77.178126,77,70.81,32.48,Green,Cloudy,0,Low
2026-09-20 12:11:00,CBE-PIN-1925,Vadambacheri SH 174 Four Roads (Checkpost 6),10.890376,77.171851,126,29.57,45.72,Red,Cloudy,0,Medium
2026-09-20 17:49:00,CBE-PIN-1926,Vadambacheri SH 174 Four Roads (Link Road 7),10.891411,77.179776,86,57.85,27.75,Green,Clear,0,Low
2026-09-20 18:20:00,CBE-PIN-1927,Vadambacheri SH 174 Four Roads (Approach 8),10.890933,77.174268,197,15.4,85.01,Green,Clear,0,High
2026-09-20 16:24:00,CBE-PIN-1928,Vadambacheri SH 174 Four Roads (Bypass 9),10.891941,77.174843,188,18.9,92.9,Red,Clear,0,High
2026-09-20 15:33:00,CBE-PIN-1929,Vadambacheri SH 174 Four Roads (Link Road 10),10.892416,77.165636,189,37.85,71.09,Green,Clear,0,Medium
2026-09-20 08:56:00,CBE-PIN-1930,Vadambacheri SH 174 Four Roads (Junction 11),10.890735,77.178688,65,48.93,25.47,Red,Clear,0,Low
2026-09-20 16:51:00,CBE-PIN-1931,Vadambacheri SH 174 Four Roads (Junction 12),10.89374,77.174763,147,38.91,52.37,Red,Cloudy,0,Medium
2026-09-20 10:51:00,CBE-PIN-1932,Vadambacheri SH 174 Four Roads (Approach 13),10.894445,77.170966,150,13.45,81.64,Red,Clear,0,High
2026-09-20 15:41:00,CBE-PIN-1933,Vadambacheri SH 174 Four Roads (Approach 14),10.882147,77.170159,59,67.3,25.87,Green,Clear,0,Low
2026-09-20 17:51:00,CBE-PIN-1934,Vadambacheri SH 174 Four Roads (Checkpost 15),10.891503,77.17361,72,70.55,33.54,Green,Cloudy,0,Low
2026-09-20 19:03:00,CBE-PIN-1935,Vadambacheri SH 174 Four Roads (Junction 16),10.892286,77.174894,64,65.54,22.26,Green,Clear,0,Low
2026-09-20 14:28:00,CBE-PIN-1936,Vadambacheri SH 174 Four Roads (Approach 17),10.891663,77.174011,120,33.87,51.25,Green,Cloudy,0,Medium
2026-09-20 18:22:00,CBE-PIN-1937,Vadambacheri SH 174 Four Roads (Crossway 18),10.8923,77.178077,170,25.49,56.59,Red,Cloudy,0,Medium
2026-09-20 19:02:00,CBE-PIN-1938,Vadambacheri SH 174 Four Roads (Checkpost 19),10.900069,77.179778,153,36.1,66.93,Green,Clear,0,Medium
2026-09-20 18:23:00,CBE-PIN-1939,Vadambacheri SH 174 Four Roads (Approach 20),10.892409,77.172911,81,52.91,30.43,Green,Cloudy,0,Low
2026-09-20 19:18:00,CBE-PIN-1940,Vadambacheri SH 174 Four Roads (Crossway 21),10.888848,77.176885,67,52.52,21.53,Green,Clear,0,Low
2026-09-20 19:39:00,CBE-PIN-1941,Vadambacheri SH 174 Four Roads (Checkpost 22),10.891208,77.171779,37,70.42,17.25,Green,Clear,0,Low
2026-09-20 17:40:00,CBE-PIN-1942,Vadambacheri SH 174 Four Roads (Junction 23),10.888216,77.17358,221,16.81,87.96,Green,Clear,0,High
2026-09-20 11:55:00,CBE-PIN-1943,Vadambacheri SH 174 Four Roads (Junction 24),10.890498,77.175614,116,32.59,58.5,Yellow,Clear,0,Medium
2026-09-20 11:20:00,CBE-PIN-1944,Vadambacheri SH 174 Four Roads (Checkpost 25),10.89203,77.175212,78,61.73,29.13,Green,Clear,0,Low
2026-09-20 16:03:00,CBE-PIN-1945,Vadambacheri SH 174 Four Roads (Checkpost 26),10.884162,77.183083,44,68.2,14.99,Red,Clear,0,Low
2026-09-20 11:12:00,CBE-PIN-1946,Vadambacheri SH 174 Four Roads (Approach 27),10.892795,77.175315,217,14.32,91.76,Red,Clear,0,High
2026-09-20 09:28:00,CBE-PIN-1947,Vadambacheri SH 174 Four Roads (Bypass 28),10.889903,77.17101,18,64.94,10.0,Green,Breezy,0,Low
2026-09-20 13:50:00,CBE-PIN-1948,Vadambacheri SH 174 Four Roads (Bypass 29),10.894131,77.168889,251,19.39,95.16,Yellow,Clear,0,High
2026-09-20 13:24:00,CBE-PIN-1949,Vadambacheri SH 174 Four Roads (Junction 30),10.892053,77.174687,102,63.86,32.97,Red,Clear,0,Low
2026-09-20 19:41:00,CBE-PIN-1950,Vadambacheri SH 174 Four Roads (Junction 31),10.891732,77.174848,247,17.37,94.13,Green,Clear,0,High
2026-09-20 14:48:00,CBE-PIN-1951,Vadambacheri SH 174 Four Roads (Junction 32),10.890974,77.182797,69,56.47,35.82,Green,Clear,0,Low
2026-09-20 19:06:00,CBE-PIN-1952,Vadambacheri SH 174 Four Roads (Crossway 33),10.891833,77.174998,66,50.01,28.13,Red,Clear,0,Low
2026-09-20 16:45:00,CBE-PIN-1953,Vadambacheri SH 174 Four Roads (Approach 34),10.893165,77.17268,250,14.37,84.41,Yellow,Clear,0,High
2026-09-20 13:59:00,CBE-PIN-1954,Vadambacheri SH 174 Four Roads (Checkpost 35),10.890291,77.167632,196,20.07,90.91,Green,Breezy,0,High
2026-09-20 16:25:00,CBE-PIN-1955,Vadambacheri SH 174 Four Roads (Checkpost 36),10.890511,77.175361,192,19.65,91.51,Green,Breezy,0,High
2026-09-20 13:48:00,CBE-PIN-1956,Vadambacheri SH 174 Four Roads (Bypass 37),10.891847,77.17391,297,20.11,95.51,Green,Clear,0,High
2026-09-20 09:53:00,CBE-PIN-1957,Vadambacheri SH 174 Four Roads (Crossway 38),10.897376,77.178247,106,61.88,33.79,Yellow,Clear,0,Low
2026-09-20 16:03:00,CBE-PIN-1958,Vadambacheri SH 174 Four Roads (Approach 39),10.889957,77.173881,22,62.38,10.52,Yellow,Clear,0,Low
2026-09-20 16:48:00,CBE-PIN-1959,Vadambacheri SH 174 Four Roads (Link Road 40),10.893204,77.172777,37,49.61,17.32,Red,Cloudy,0,Low
2026-09-20 08:07:00,CBE-PIN-1960,Vadambacheri SH 174 Four Roads (Link Road 41),10.891143,77.172043,55,61.66,24.3,Red,Cloudy,0,Low
2026-09-20 09:54:00,CBE-PIN-1961,Vadambacheri SH 174 Four Roads (Junction 42),10.889998,77.173187,27,58.02,12.16,Green,Breezy,0,Low
2026-09-20 15:23:00,CBE-PIN-1962,Vadambacheri SH 174 Four Roads (Crossway 43),10.890099,77.170013,139,39.05,53.14,Green,Clear,0,Medium
2026-09-20 15:54:00,CBE-PIN-1963,Vadambacheri SH 174 Four Roads (Bypass 44),10.889496,77.178243,63,58.28,21.1,Red,Clear,0,Low
2026-09-20 17:24:00,CBE-PIN-1964,Vadambacheri SH 174 Four Roads (Junction 45),10.890348,77.175908,85,51.94,33.84,Green,Clear,0,Low
2026-09-20 08:59:00,CBE-PIN-1965,Vadambacheri SH 174 Four Roads (Link Road 46),10.89379,77.179001,252,13.13,86.48,Green,Clear,0,High
2026-09-20 11:23:00,CBE-PIN-1966,Vadambacheri SH 174 Four Roads (Junction 47),10.891899,77.178141,179,37.29,69.34,Green,Clear,0,Medium
2026-09-20 09:10:00,CBE-PIN-1967,Vadambacheri SH 174 Four Roads (Bypass 48),10.891981,77.174705,290,13.78,95.72,Green,Cloudy,0,High
2026-09-20 13:58:00,CBE-PIN-1968,Vadambacheri SH 174 Four Roads (Approach 49),10.89106,77.173553,258,17.8,90.11,Green,Cloudy,0,High
2026-09-20 10:17:00,CBE-PIN-1969,Vadambacheri SH 174 Four Roads (Approach 50),10.893603,77.176697,162,27.79,68.61,Red,Clear,0,Medium
2026-09-20 18:46:00,CBE-PIN-1970,Vadambacheri SH 174 Four Roads (Crossway 51),10.891043,77.174632,90,50.09,29.46,Green,Cloudy,0,Low
2026-09-20 17:03:00,CBE-PIN-1971,Vadambacheri SH 174 Four Roads (Approach 52),10.891867,77.17427,51,46.21,16.18,Red,Cloudy,0,Low
2026-09-20 15:06:00,CBE-PIN-1972,Vadambacheri SH 174 Four Roads (Approach 53),10.89522,77.17477,48,47.55,17.93,Green,Rain,0,Low
2026-09-20 08:05:00,CBE-PIN-1973,Vadambacheri SH 174 Four Roads (Junction 54),10.891554,77.177794,40,50.28,14.31,Red,Clear,0,Low
2026-09-20 14:16:00,CBE-PIN-1974,Vadambacheri SH 174 Four Roads (Bypass 55),10.89185,77.174791,42,60.63,13.91,Red,Clear,0,Low
2026-09-20 16:17:00,CBE-PIN-1975,Vadambacheri SH 174 Four Roads (Junction 56),10.89038,77.175383,251,18.73,92.33,Yellow,Breezy,0,High
2026-09-20 08:15:00,CBE-PIN-1976,Vadambacheri SH 174 Four Roads (Checkpost 57),10.889778,77.175505,253,19.16,90.15,Red,Cloudy,0,High
2026-09-20 13:37:00,CBE-PIN-1977,Vadambacheri SH 174 Four Roads (Crossway 58),10.892449,77.175959,59,62.78,21.49,Green,Clear,0,Low
2026-09-20 16:19:00,CBE-PIN-1978,Vadambacheri SH 174 Four Roads (Crossway 59),10.891815,77.174823,28,48.77,12.39,Green,Clear,0,Low
2026-09-20 12:54:00,CBE-PIN-1979,Vadambacheri SH 174 Four Roads (Checkpost 60),10.893244,77.175204,178,18.47,84.75,Green,Clear,0,High
2026-09-20 15:13:00,CBE-PIN-1980,Vadambacheri SH 174 Four Roads (Approach 61),10.89155,77.171963,51,55.83,23.45,Red,Clear,0,Low
2026-09-20 13:03:00,CBE-PIN-1981,Vadambacheri SH 174 Four Roads (Junction 62),10.889244,77.174065,223,18.98,88.1,Red,Clear,0,High
2026-09-20 11:23:00,CBE-PIN-1982,Vadambacheri SH 174 Four Roads (Bypass 63),10.890352,77.177764,23,63.47,12.17,Green,Clear,0,Low
2026-09-20 14:10:00,CBE-PIN-1983,Vadambacheri SH 174 Four Roads (Link Road 64),10.892071,77.17471,92,55.44,34.5,Green,Clear,0,Low
2026-09-20 11:10:00,CBE-PIN-1984,Vadambacheri SH 174 Four Roads (Crossway 65),10.894877,77.175463,164,15.46,82.31,Red,Clear,0,High
2026-09-20 09:32:00,CBE-PIN-1985,Vadambacheri SH 174 Four Roads (Approach 66),10.881177,77.176809,176,21.46,90.4,Green,Cloudy,0,High
2026-09-20 18:02:00,CBE-PIN-1986,Vadambacheri SH 174 Four Roads (Bypass 67),10.89079,77.171876,54,47.88,30.03,Yellow,Clear,0,Low
2026-09-20 16:21:00,CBE-PIN-1987,Vadambacheri SH 174 Four Roads (Checkpost 68),10.893102,77.172839,219,20.72,78.27,Red,Cloudy,0,High
2026-09-20 16:49:00,CBE-PIN-1988,Vadambacheri SH 174 Four Roads (Junction 69),10.891791,77.175396,57,56.54,19.78,Red,Clear,0,Low
2026-09-20 11:56:00,CBE-PIN-1989,Vadambacheri SH 174 Four Roads (Checkpost 70),10.890519,77.175652,42,59.27,13.71,Red,Cloudy,0,Low
2026-09-20 09:00:00,CBE-PIN-1990,Vadambacheri SH 174 Four Roads (Approach 71),10.892483,77.175046,94,59.52,32.85,Green,Clear,0,Low
2026-09-20 18:18:00,CBE-PIN-1991,Vadambacheri SH 174 Four Roads (Link Road 72),10.890996,77.174833,54,64.19,17.14,Green,Rain,0,Low
2026-09-20 19:27:00,CBE-PIN-1992,Vadambacheri SH 174 Four Roads (Approach 73),10.888082,77.16576,64,50.95,22.82,Red,Clear,0,Low
2026-09-20 09:40:00,CBE-PIN-1993,Vadambacheri SH 174 Four Roads (Junction 74),10.890269,77.177572,41,47.24,21.18,Green,Clear,0,Low
2026-09-20 12:39:00,CBE-PIN-1994,Vadambacheri SH 174 Four Roads (Approach 75),10.891625,77.175556,62,46.48,22.7,Red,Clear,0,Low
2026-09-20 13:52:00,CBE-PIN-1995,Vadambacheri SH 174 Four Roads (Bypass 76),10.891181,77.174769,158,41.49,73.56,Red,Clear,0,Medium
2026-09-20 08:20:00,CBE-PIN-1996,Vadambacheri SH 174 Four Roads (Approach 77),10.888927,77.174447,61,51.08,28.61,Red,Cloudy,0,Low
2026-09-20 18:04:00,CBE-PIN-1997,Vadambacheri SH 174 Four Roads (Link Road 78),10.893037,77.175111,39,47.24,16.36,Green,Cloudy,0,Low
2026-09-20 09:10:00,CBE-PIN-1998,Vadambacheri SH 174 Four Roads (Bypass 79),10.891335,77.175195,163,36.18,72.23,Green,Clear,0,Medium
2026-09-20 10:54:00,CBE-PIN-1999,Vadambacheri SH 174 Four Roads (Link Road 80),10.893099,77.174997,41,60.4,23.07,Red,Clear,0,Low
2026-09-20 16:14:00,CBE-PIN-2000,Vadambacheri SH 174 Four Roads (Approach 81),10.894717,77.177195,165,19.67,79.35,Green,Clear,0,High
2026-09-20 19:03:00,CBE-PIN-2001,Vadambacheri SH 174 Four Roads (Crossway 82),10.887798,77.167311,74,71.11,37.31,Red,Rain,0,Low
2026-09-20 14:34:00,CBE-PIN-2002,Vadambacheri SH 174 Four Roads (Bypass 83),10.890651,77.173266,216,16.79,75.37,Yellow,Clear,0,High
2026-09-20 08:59:00,CBE-PIN-2003,Vadambacheri SH 174 Four Roads (Bypass 84),10.890757,77.170258,183,21.66,92.24,Green,Clear,0,High
2026-09-20 12:14:00,CBE-PIN-2004,Vadambacheri SH 174 Four Roads (Link Road 85),10.88655,77.175813,80,61.72,29.9,Red,Clear,0,Low
2026-09-20 16:30:00,CBE-PIN-2005,Vadambacheri SH 174 Four Roads (Crossway 86),10.898341,77.176175,92,52.9,29.95,Green,Cloudy,0,Low
2026-09-20 12:16:00,CBE-PIN-2006,Vadambacheri SH 174 Four Roads (Approach 87),10.890922,77.173631,80,60.96,38.57,Green,Clear,0,Low
2026-09-20 19:34:00,CBE-PIN-2007,Vadambacheri SH 174 Four Roads (Checkpost 88),10.892296,77.174548,101,70.63,35.65,Red,Clear,0,Low
2026-09-20 14:37:00,CBE-PIN-2008,Vadambacheri SH 174 Four Roads (Bypass 89),10.885811,77.175678,210,13.85,89.31,Green,Clear,0,High
2026-09-20 14:59:00,CBE-PIN-2009,Vadambacheri SH 174 Four Roads (Crossway 90),10.890643,77.176108,53,70.39,25.73,Green,Cloudy,0,Low
2026-09-20 10:45:00,CBE-PIN-2010,Vadambacheri SH 174 Four Roads (Bypass 91),10.892812,77.174928,54,46.39,17.67,Green,Clear,0,Low
2026-09-20 11:15:00,CBE-PIN-2011,Vadambacheri SH 174 Four Roads (Approach 92),10.883781,77.17956,40,51.2,13.79,Green,Cloudy,0,Low
2026-09-20 16:58:00,CBE-PIN-2012,Vadambacheri SH 174 Four Roads (Junction 93),10.881181,77.164153,103,48.94,34.02,Green,Clear,0,Low
2026-09-20 14:42:00,CBE-PIN-2013,Vadambacheri SH 174 Four Roads (Crossway 94),10.894214,77.175138,262,18.49,90.15,Yellow,Clear,0,High
2026-09-20 18:17:00,CBE-PIN-2014,Vadambacheri SH 174 Four Roads (Checkpost 95),10.886775,77.173623,70,56.64,35.97,Red,Clear,0,Low
2026-09-20 18:17:00,CBE-PIN-2015,Vadambacheri SH 174 Four Roads (Crossway 96),10.892558,77.174173,96,67.09,34.91,Green,Breezy,0,Low
2026-09-20 19:05:00,CBE-PIN-2016,Vadambacheri SH 174 Four Roads (Crossway 97),10.891923,77.174516,31,46.18,11.26,Green,Rain,0,Low
2026-09-20 16:24:00,CBE-PIN-2017,Vadambacheri SH 174 Four Roads (Approach 98),10.898569,77.172581,116,31.06,45.25,Green,Clear,0,Medium
2026-09-20 09:46:00,CBE-PIN-2018,Vadambacheri SH 174 Four Roads (Bypass 99),10.89632,77.174181,22,54.71,11.0,Green,Clear,0,Low
2026-09-20 10:37:00,CBE-PIN-2019,Vadambacheri SH 174 Four Roads (Approach 100),10.891221,77.174483,247,16.96,83.79,Green,Cloudy,0,High
2026-09-20 17:19:00,CBE-PIN-2020,Vadambacheri SH 174 Four Roads (Crossway 101),10.892636,77.17461,37,55.62,18.09,Green,Clear,0,Low
2026-09-20 14:00:00,CBE-PIN-2021,Vadambacheri SH 174 Four Roads (Crossway 102),10.893342,77.170225,75,71.19,26.63,Yellow,Clear,0,Low
2026-09-20 14:11:00,CBE-PIN-2022,Vadambacheri SH 174 Four Roads (Checkpost 103),10.889971,77.175107,69,54.93,37.94,Red,Rain,0,Low
2026-09-20 12:32:00,CBE-PIN-2023,Vadambacheri SH 174 Four Roads (Bypass 104),10.892099,77.174605,68,57.74,37.22,Yellow,Clear,0,Low
2026-09-20 19:07:00,CBE-PIN-2024,Vadambacheri SH 174 Four Roads (Junction 105),10.890558,77.181829,81,61.97,25.43,Green,Clear,0,Low
2026-09-20 08:29:00,CBE-PIN-2025,Vadambacheri SH 174 Four Roads (Approach 106),10.896556,77.171036,206,14.27,75.07,Green,Clear,0,High
2026-09-20 08:52:00,CBE-PIN-2026,Vadambacheri SH 174 Four Roads (Bypass 107),10.891752,77.165035,193,12.12,88.89,Green,Clear,0,High
2026-09-20 17:46:00,CBE-PIN-2027,Vadambacheri SH 174 Four Roads (Junction 108),10.889462,77.175723,48,56.07,17.29,Green,Clear,0,Low
2026-09-20 16:59:00,CBE-PIN-2028,Vadambacheri SH 174 Four Roads (Bypass 109),10.895248,77.161947,98,66.02,34.87,Green,Clear,0,Low
2026-09-20 18:16:00,CBE-PIN-2029,Vadambacheri SH 174 Four Roads (Crossway 110),10.892357,77.175938,203,35.92,68.27,Yellow,Rain,0,Medium
2026-09-20 19:33:00,CBE-PIN-2030,Vadambacheri SH 174 Four Roads (Approach 111),10.890457,77.175915,80,49.23,26.81,Green,Cloudy,0,Low
2026-09-20 08:28:00,CBE-PIN-2031,Vadambacheri SH 174 Four Roads (Checkpost 112),10.89125,77.175884,166,20.16,84.46,Green,Clear,0,High
2026-09-20 08:36:00,CBE-PIN-2032,Vadambacheri SH 174 Four Roads (Checkpost 113),10.900007,77.168639,150,28.56,52.7,Green,Clear,0,Medium
2026-09-20 15:44:00,CBE-PIN-2033,Vadambacheri SH 174 Four Roads (Checkpost 114),10.887788,77.18375,149,25.13,65.94,Green,Cloudy,0,Medium
2026-09-20 08:07:00,CBE-PIN-2034,Vadambacheri SH 174 Four Roads (Bypass 115),10.891824,77.174802,145,13.01,80.46,Green,Clear,0,High
2026-09-20 18:20:00,CBE-PIN-2035,Varapatti Windmill Road (Approach 1),10.889812,77.121756,92,63.0,29.49,Red,Clear,0,Low
2026-09-20 19:25:00,CBE-PIN-2036,Varapatti Windmill Road (Junction 2),10.882971,77.119568,103,59.5,38.8,Yellow,Clear,0,Low
2026-09-20 12:35:00,CBE-PIN-2037,Varapatti Windmill Road (Bypass 3),10.886093,77.115873,231,18.43,93.75,Yellow,Cloudy,0,High
2026-09-20 09:11:00,CBE-PIN-2038,Varapatti Windmill Road (Link Road 4),10.885313,77.112214,82,29.42,41.28,Green,Clear,0,Medium
2026-09-20 13:09:00,CBE-PIN-2039,Varapatti Windmill Road (Checkpost 5),10.882855,77.110367,82,69.25,37.15,Green,Cloudy,0,Low
2026-09-20 14:48:00,CBE-PIN-2040,Varapatti Windmill Road (Bypass 6),10.88478,77.115584,104,47.48,38.38,Yellow,Clear,0,Low
2026-09-20 12:55:00,CBE-PIN-2041,Varapatti Windmill Road (Bypass 7),10.888149,77.115464,73,56.84,31.96,Yellow,Clear,0,Low
2026-09-20 09:55:00,CBE-PIN-2042,Varapatti Windmill Road (Junction 8),10.896571,77.11322,46,52.9,18.78,Yellow,Clear,0,Low
2026-09-20 17:17:00,CBE-PIN-2043,Varapatti Windmill Road (Approach 9),10.885455,77.117038,162,35.37,62.96,Red,Cloudy,0,Medium
2026-09-20 12:36:00,CBE-PIN-2044,Varapatti Windmill Road (Bypass 10),10.888293,77.115321,119,38.05,65.4,Red,Rain,0,Medium
2026-09-20 08:27:00,CBE-PIN-2045,Varapatti Windmill Road (Junction 11),10.888331,77.111986,181,20.21,85.35,Green,Cloudy,0,High
2026-09-20 15:17:00,CBE-PIN-2046,Varapatti Windmill Road (Crossway 12),10.884763,77.114835,208,13.19,88.63,Green,Clear,0,High
2026-09-20 08:52:00,CBE-PIN-2047,Varapatti Windmill Road (Checkpost 13),10.885899,77.109531,53,68.31,21.35,Yellow,Rain,0,Low
2026-09-20 15:45:00,CBE-PIN-2048,Varapatti Windmill Road (Bypass 14),10.883888,77.114548,32,57.29,13.8,Green,Clear,0,Low
2026-09-20 15:36:00,CBE-PIN-2049,Varapatti Windmill Road (Crossway 15),10.88874,77.115624,75,57.58,35.34,Red,Clear,0,Low
2026-09-20 08:38:00,CBE-PIN-2050,Varapatti Windmill Road (Junction 16),10.889522,77.116794,72,62.29,31.1,Red,Cloudy,0,Low
2026-09-20 10:25:00,CBE-PIN-2051,Varapatti Windmill Road (Crossway 17),10.883377,77.112958,33,68.74,14.95,Red,Clear,0,Low
2026-09-20 18:26:00,CBE-PIN-2052,Varapatti Windmill Road (Junction 18),10.885589,77.11422,81,64.65,32.12,Red,Clear,0,Low
2026-09-20 15:15:00,CBE-PIN-2053,Varapatti Windmill Road (Approach 19),10.884437,77.116076,207,14.05,91.56,Red,Clear,0,High
2026-09-20 18:25:00,CBE-PIN-2054,Varapatti Windmill Road (Junction 20),10.877409,77.111253,53,62.19,19.14,Green,Clear,0,Low
2026-09-20 09:47:00,CBE-PIN-2055,Varapatti Windmill Road (Bypass 21),10.884896,77.114865,82,64.38,32.92,Red,Clear,0,Low
2026-09-20 09:04:00,CBE-PIN-2056,Varapatti Windmill Road (Approach 22),10.886338,77.113073,70,61.1,32.42,Green,Clear,0,Low
2026-09-20 10:34:00,CBE-PIN-2057,Varapatti Windmill Road (Crossway 23),10.885406,77.117001,216,29.6,72.88,Green,Clear,0,Medium
2026-09-20 14:53:00,CBE-PIN-2058,Varapatti Windmill Road (Checkpost 24),10.880891,77.122991,60,69.98,29.32,Red,Clear,0,Low
2026-09-20 11:55:00,CBE-PIN-2059,Varapatti Windmill Road (Crossway 25),10.884732,77.116059,86,64.55,36.86,Red,Clear,0,Low
2026-09-20 15:54:00,CBE-PIN-2060,Varapatti Windmill Road (Bypass 26),10.883282,77.115311,23,71.46,12.57,Green,Rain,0,Low
2026-09-20 11:36:00,CBE-PIN-2061,Varapatti Windmill Road (Crossway 27),10.885859,77.111875,64,57.85,31.72,Green,Cloudy,0,Low
2026-09-20 17:24:00,CBE-PIN-2062,Varapatti Windmill Road (Link Road 28),10.884794,77.114614,77,68.96,26.73,Green,Clear,0,Low
2026-09-20 13:16:00,CBE-PIN-2063,Varapatti Windmill Road (Checkpost 29),10.885472,77.115634,32,66.96,18.1,Red,Clear,0,Low
2026-09-20 15:19:00,CBE-PIN-2064,Varapatti Windmill Road (Link Road 30),10.888527,77.114899,87,53.74,36.47,Green,Clear,0,Low
2026-09-20 13:57:00,CBE-PIN-2065,Varapatti Windmill Road (Junction 31),10.889683,77.117443,54,66.81,17.36,Red,Clear,0,Low
2026-09-20 12:45:00,CBE-PIN-2066,Varapatti Windmill Road (Junction 32),10.885379,77.113643,51,53.54,27.79,Red,Clear,0,Low
2026-09-20 12:56:00,CBE-PIN-2067,Varapatti Windmill Road (Checkpost 33),10.904218,77.103713,52,53.46,21.67,Green,Cloudy,0,Low
2026-09-20 14:18:00,CBE-PIN-2068,Varapatti Windmill Road (Checkpost 34),10.892047,77.113671,251,12.08,85.33,Yellow,Clear,0,High
2026-09-20 09:59:00,CBE-PIN-2069,Varapatti Windmill Road (Link Road 35),10.889751,77.117171,89,48.61,28.38,Green,Rain,0,Low
2026-09-20 09:31:00,CBE-PIN-2070,Varapatti Windmill Road (Approach 36),10.886574,77.114823,70,55.52,27.44,Red,Cloudy,0,Low
2026-09-20 18:56:00,CBE-PIN-2071,Varapatti Windmill Road (Link Road 37),10.887028,77.117101,47,47.38,17.05,Red,Cloudy,0,Low
2026-09-20 08:04:00,CBE-PIN-2072,Varapatti Windmill Road (Approach 38),10.889974,77.108828,280,13.3,95.49,Yellow,Rain,0,High
2026-09-20 16:23:00,CBE-PIN-2073,Varapatti Windmill Road (Approach 39),10.891147,77.112726,171,32.4,54.39,Green,Cloudy,0,Medium
2026-09-20 08:39:00,CBE-PIN-2074,Varapatti Windmill Road (Approach 40),10.881975,77.116942,77,67.26,26.47,Green,Clear,0,Low
2026-09-20 19:58:00,CBE-PIN-2075,Varapatti Windmill Road (Bypass 41),10.884995,77.115988,78,67.47,30.24,Red,Clear,0,Low
2026-09-20 08:42:00,CBE-PIN-2076,Varapatti Windmill Road (Junction 42),10.881853,77.115828,159,40.4,68.58,Red,Clear,0,Medium
2026-09-20 15:22:00,CBE-PIN-2077,Varapatti Windmill Road (Junction 43),10.904696,77.098307,71,71.74,29.14,Red,Cloudy,0,Low
2026-09-20 15:52:00,CBE-PIN-2078,Varapatti Windmill Road (Checkpost 44),10.883173,77.11012,43,71.29,17.73,Green,Cloudy,0,Low
2026-09-20 13:32:00,CBE-PIN-2079,Varapatti Windmill Road (Checkpost 45),10.883491,77.10423,77,69.48,33.62,Red,Clear,0,Low
2026-09-20 15:18:00,CBE-PIN-2080,Varapatti Windmill Road (Approach 46),10.882466,77.11443,70,71.32,36.43,Red,Clear,0,Low
2026-09-20 13:45:00,CBE-PIN-2081,Varapatti Windmill Road (Approach 47),10.881756,77.116136,36,63.75,16.04,Yellow,Clear,0,Low
2026-09-20 11:05:00,CBE-PIN-2082,Varapatti Windmill Road (Junction 48),10.889388,77.113605,64,52.56,22.03,Green,Clear,0,Low
2026-09-20 16:25:00,CBE-PIN-2083,Varapatti Windmill Road (Junction 49),10.884957,77.11487,80,61.6,30.62,Red,Clear,0,Low
2026-09-20 17:26:00,CBE-PIN-2084,Varapatti Windmill Road (Crossway 50),10.88503,77.114829,228,19.39,81.68,Red,Clear,0,High
2026-09-20 08:08:00,CBE-PIN-2085,Varapatti Windmill Road (Bypass 51),10.886952,77.116766,186,33.29,62.0,Red,Clear,0,Medium
2026-09-20 09:38:00,CBE-PIN-2086,Varapatti Windmill Road (Link Road 52),10.887884,77.113646,33,48.33,13.67,Green,Cloudy,0,Low
2026-09-20 15:23:00,CBE-PIN-2087,Varapatti Windmill Road (Crossway 53),10.885004,77.114686,48,68.19,21.55,Red,Clear,0,Low
2026-09-20 12:14:00,CBE-PIN-2088,Varapatti Windmill Road (Crossway 54),10.882792,77.113925,272,18.12,90.5,Red,Rain,0,High
2026-09-20 15:39:00,CBE-PIN-2089,Varapatti Windmill Road (Link Road 55),10.88598,77.116484,75,60.97,26.92,Red,Cloudy,0,Low
2026-09-20 14:32:00,CBE-PIN-2090,Varapatti Windmill Road (Crossway 56),10.88361,77.114193,293,13.9,94.76,Green,Breezy,0,High
2026-09-20 18:31:00,CBE-PIN-2091,Varapatti Windmill Road (Bypass 57),10.880427,77.110036,216,31.44,70.8,Red,Rain,0,Medium
2026-09-20 15:44:00,CBE-PIN-2092,Varapatti Windmill Road (Crossway 58),10.885725,77.113149,79,58.28,26.06,Green,Clear,0,Low
2026-09-20 15:22:00,CBE-PIN-2093,Varapatti Windmill Road (Checkpost 59),10.888257,77.118834,44,56.64,17.37,Green,Rain,0,Low
2026-09-20 18:09:00,CBE-PIN-2094,Varapatti Windmill Road (Link Road 60),10.88679,77.116017,240,14.08,88.89,Green,Clear,0,High
2026-09-20 18:18:00,CBE-PIN-2095,Varapatti Windmill Road (Bypass 61),10.884825,77.107693,35,65.55,14.06,Green,Clear,0,Low
2026-09-20 12:30:00,CBE-PIN-2096,Varapatti Windmill Road (Junction 62),10.885256,77.114441,180,15.58,81.11,Green,Rain,0,High
2026-09-20 12:17:00,CBE-PIN-2097,Varapatti Windmill Road (Bypass 63),10.887106,77.115603,68,62.05,21.75,Yellow,Clear,0,Low
2026-09-20 10:23:00,CBE-PIN-2098,Varapatti Windmill Road (Junction 64),10.885056,77.109939,147,36.01,70.41,Red,Clear,0,Medium
2026-09-20 12:08:00,CBE-PIN-2099,Varapatti Windmill Road (Bypass 65),10.890013,77.110648,86,63.66,37.16,Green,Cloudy,0,Low
2026-09-20 12:04:00,CBE-PIN-2100,Varapatti Windmill Road (Checkpost 66),10.882434,77.115921,57,60.69,23.64,Green,Clear,0,Low
2026-09-20 08:26:00,CBE-PIN-2101,Varapatti Windmill Road (Crossway 67),10.884908,77.114809,82,38.8,43.37,Red,Rain,0,Medium
2026-09-20 08:58:00,CBE-PIN-2102,Varapatti Windmill Road (Crossway 68),10.884882,77.112789,80,60.75,37.57,Green,Clear,0,Low
2026-09-20 19:45:00,CBE-PIN-2103,Varapatti Windmill Road (Link Road 69),10.883751,77.11526,68,47.85,33.16,Green,Clear,0,Low
2026-09-20 10:57:00,CBE-PIN-2104,Varapatti Windmill Road (Link Road 70),10.889292,77.103599,42,64.91,20.75,Green,Clear,0,Low
2026-09-20 15:10:00,CBE-PIN-2105,Varapatti Windmill Road (Link Road 71),10.887462,77.11657,83,59.99,29.2,Red,Clear,0,Low
2026-09-20 09:21:00,CBE-PIN-2106,Varapatti Windmill Road (Checkpost 72),10.885679,77.114218,60,70.7,26.78,Red,Clear,0,Low
2026-09-20 12:48:00,CBE-PIN-2107,Varapatti Windmill Road (Bypass 73),10.885991,77.114778,80,50.3,31.21,Red,Clear,0,Low
2026-09-20 17:23:00,CBE-PIN-2108,Varapatti Windmill Road (Link Road 74),10.884463,77.114466,59,68.27,23.98,Red,Cloudy,0,Low
2026-09-20 15:23:00,CBE-PIN-2109,Varapatti Windmill Road (Approach 75),10.884778,77.114697,73,48.06,29.04,Red,Clear,0,Low
2026-09-20 16:50:00,CBE-PIN-2110,Varapatti Windmill Road (Crossway 76),10.884668,77.113463,59,53.41,31.82,Red,Clear,0,Low
2026-09-20 17:08:00,CBE-PIN-2111,Varapatti Windmill Road (Approach 77),10.896979,77.109531,54,52.56,17.56,Red,Cloudy,0,Low
2026-09-20 10:22:00,CBE-PIN-2112,Varapatti Windmill Road (Crossway 78),10.887296,77.114795,101,46.06,35.77,Green,Clear,0,Low
2026-09-20 16:25:00,CBE-PIN-2113,Varapatti Windmill Road (Checkpost 79),10.888191,77.125488,64,69.84,30.5,Green,Cloudy,0,Low
2026-09-20 09:45:00,CBE-PIN-2114,Varapatti Windmill Road (Approach 80),10.886521,77.112909,83,55.8,30.51,Red,Cloudy,0,Low
2026-09-20 16:14:00,CBE-PIN-2115,Varapatti Windmill Road (Junction 81),10.889076,77.115289,47,56.68,25.24,Red,Rain,0,Low
2026-09-20 15:18:00,CBE-PIN-2116,Varapatti Windmill Road (Link Road 82),10.884046,77.117375,54,54.35,20.34,Red,Clear,0,Low
2026-09-20 18:48:00,CBE-PIN-2117,Varapatti Windmill Road (Junction 83),10.884123,77.110387,54,49.5,21.83,Red,Clear,0,Low
2026-09-20 16:17:00,CBE-PIN-2118,Varapatti Windmill Road (Checkpost 84),10.89085,77.111757,39,51.95,13.53,Red,Clear,0,Low
2026-09-20 12:00:00,CBE-PIN-2119,Varapatti Windmill Road (Link Road 85),10.883277,77.114074,55,47.0,21.65,Red,Cloudy,0,Low
2026-09-20 16:45:00,CBE-PIN-2120,Varapatti Windmill Road (Crossway 86),10.887565,77.117723,59,71.46,30.65,Yellow,Clear,0,Low
2026-09-20 13:11:00,CBE-PIN-2121,Varapatti Windmill Road (Approach 87),10.884811,77.115176,51,59.28,26.15,Green,Clear,0,Low
2026-09-20 16:49:00,CBE-PIN-2122,Varapatti Windmill Road (Approach 88),10.879488,77.117246,282,14.05,88.56,Green,Clear,0,High
2026-09-20 08:17:00,CBE-PIN-2123,Varapatti Windmill Road (Crossway 89),10.884835,77.113806,97,56.53,37.9,Yellow,Clear,0,Low
2026-09-20 16:25:00,CBE-PIN-2124,Varapatti Windmill Road (Crossway 90),10.885671,77.11785,34,62.77,16.8,Green,Cloudy,0,Low
2026-09-20 09:10:00,CBE-PIN-2125,Varapatti Windmill Road (Approach 91),10.886166,77.112881,71,53.87,24.34,Green,Clear,0,Low
2026-09-20 09:56:00,CBE-PIN-2126,Varapatti Windmill Road (Crossway 92),10.879559,77.113493,29,53.8,14.65,Red,Cloudy,0,Low
2026-09-20 16:41:00,CBE-PIN-2127,Varapatti Windmill Road (Bypass 93),10.879638,77.117132,162,29.33,61.08,Red,Clear,0,Medium
2026-09-20 17:06:00,CBE-PIN-2128,Varapatti Windmill Road (Junction 94),10.884245,77.111706,191,24.53,65.51,Red,Clear,0,Medium
2026-09-20 12:17:00,CBE-PIN-2129,Varapatti Windmill Road (Crossway 95),10.884896,77.114914,142,36.28,54.31,Green,Breezy,0,Medium
2026-09-20 18:41:00,CBE-PIN-2130,Varapatti Windmill Road (Link Road 96),10.88489,77.114801,215,30.8,72.84,Red,Rain,0,Medium
2026-09-20 13:30:00,CBE-PIN-2131,Varapatti Windmill Road (Link Road 97),10.896522,77.106995,175,29.47,58.6,Yellow,Clear,0,Medium
2026-09-20 18:38:00,CBE-PIN-2132,Varapatti Windmill Road (Link Road 98),10.88406,77.112076,76,54.19,25.19,Red,Clear,0,Low
2026-09-20 15:46:00,CBE-PIN-2133,Varapatti Windmill Road (Approach 99),10.886677,77.11723,58,51.06,21.33,Green,Rain,0,Low
2026-09-20 18:48:00,CBE-PIN-2134,Varapatti Windmill Road (Crossway 100),10.875705,77.117907,80,57.91,26.51,Red,Cloudy,0,Low
2026-09-20 08:07:00,CBE-PIN-2135,Varapatti Windmill Road (Approach 101),10.88464,77.115601,190,12.43,93.27,Green,Cloudy,0,High
2026-09-20 13:12:00,CBE-PIN-2136,Varapatti Windmill Road (Bypass 102),10.887425,77.110573,91,59.46,35.83,Green,Clear,0,Low
2026-09-20 19:37:00,CBE-PIN-2137,Varapatti Windmill Road (Crossway 103),10.885376,77.117513,270,20.7,89.19,Red,Clear,0,High
2026-09-20 10:30:00,CBE-PIN-2138,Varapatti Windmill Road (Junction 104),10.878156,77.11625,67,51.03,35.87,Green,Clear,0,Low
2026-09-20 19:23:00,CBE-PIN-2139,Varapatti Windmill Road (Approach 105),10.88876,77.116666,152,20.42,84.78,Yellow,Cloudy,0,High
2026-09-20 10:45:00,CBE-PIN-2140,Varapatti Windmill Road (Link Road 106),10.884138,77.10924,52,61.82,17.38,Red,Rain,0,Low
2026-09-20 10:39:00,CBE-PIN-2141,Varapatti Windmill Road (Approach 107),10.892081,77.121745,44,54.09,24.22,Red,Cloudy,0,Low
2026-09-20 08:04:00,CBE-PIN-2142,Varapatti Windmill Road (Junction 108),10.8817,77.110115,76,55.01,27.38,Green,Rain,0,Low
2026-09-20 10:28:00,CBE-PIN-2143,Varapatti Windmill Road (Checkpost 109),10.89076,77.118466,26,46.87,12.64,Green,Clear,0,Low
2026-09-20 13:38:00,CBE-PIN-2144,Varapatti Windmill Road (Approach 110),10.877508,77.124042,93,57.54,33.06,Red,Clear,0,Low
2026-09-20 14:12:00,CBE-PIN-2145,Varapatti Windmill Road (Link Road 111),10.88545,77.115022,54,59.17,21.05,Yellow,Clear,0,Low
2026-09-20 13:06:00,CBE-PIN-2146,Varapatti Windmill Road (Bypass 112),10.878439,77.106287,51,47.04,19.64,Red,Clear,0,Low
2026-09-20 19:08:00,CBE-PIN-2147,Varapatti Windmill Road (Link Road 113),10.900996,77.121139,221,12.46,82.41,Red,Clear,0,High
2026-09-20 12:59:00,CBE-PIN-2148,Varapatti Windmill Road (Crossway 114),10.886954,77.113263,110,68.38,37.64,Yellow,Clear,0,Low
2026-09-20 14:21:00,CBE-PIN-2149,Varapatti Windmill Road (Crossway 115),10.89453,77.110672,245,21.57,82.73,Red,Clear,0,High
2026-09-20 08:05:00,CBE-PIN-2150,Kallapalayam Junction (Bypass 1),10.918484,77.099943,47,53.49,19.4,Red,Cloudy,0,Low
2026-09-20 09:17:00,CBE-PIN-2151,Kallapalayam Junction (Crossway 2),10.923955,77.096457,35,49.16,13.38,Red,Clear,0,Low
2026-09-20 08:46:00,CBE-PIN-2152,Kallapalayam Junction (Junction 3),10.924827,77.097842,31,67.12,14.7,Green,Cloudy,0,Low
2026-09-20 11:21:00,CBE-PIN-2153,Kallapalayam Junction (Checkpost 4),10.92695,77.102258,194,21.59,76.51,Red,Rain,0,High
2026-09-20 11:53:00,CBE-PIN-2154,Kallapalayam Junction (Junction 5),10.925397,77.10005,232,20.43,90.08,Green,Cloudy,0,High
2026-09-20 08:07:00,CBE-PIN-2155,Kallapalayam Junction (Link Road 6),10.928359,77.097281,181,19.24,94.01,Green,Clear,0,High
2026-09-20 14:24:00,CBE-PIN-2156,Kallapalayam Junction (Bypass 7),10.924055,77.101298,34,49.99,16.0,Green,Cloudy,0,Low
2026-09-20 09:25:00,CBE-PIN-2157,Kallapalayam Junction (Junction 8),10.923709,77.099874,65,51.91,21.3,Green,Cloudy,0,Low
2026-09-20 15:16:00,CBE-PIN-2158,Kallapalayam Junction (Crossway 9),10.924951,77.096905,167,15.84,77.97,Yellow,Cloudy,0,High
2026-09-20 10:35:00,CBE-PIN-2159,Kallapalayam Junction (Checkpost 10),10.923832,77.096091,47,47.71,21.64,Green,Cloudy,0,Low
2026-09-20 13:00:00,CBE-PIN-2160,Kallapalayam Junction (Link Road 11),10.928334,77.09803,114,30.27,62.36,Yellow,Cloudy,0,Medium
2026-09-20 16:31:00,CBE-PIN-2161,Kallapalayam Junction (Link Road 12),10.922128,77.098437,67,46.5,24.56,Red,Clear,0,Low
2026-09-20 11:52:00,CBE-PIN-2162,Kallapalayam Junction (Crossway 13),10.920069,77.108299,157,31.28,60.25,Red,Breezy,0,Medium
2026-09-20 16:39:00,CBE-PIN-2163,Kallapalayam Junction (Approach 14),10.927198,77.096072,137,41.41,53.59,Red,Clear,0,Medium
2026-09-20 08:12:00,CBE-PIN-2164,Kallapalayam Junction (Junction 15),10.924782,77.100953,253,15.24,88.37,Green,Clear,0,High
2026-09-20 12:01:00,CBE-PIN-2165,Kallapalayam Junction (Checkpost 16),10.924984,77.104853,96,24.93,48.32,Green,Cloudy,0,Medium
2026-09-20 19:01:00,CBE-PIN-2166,Kallapalayam Junction (Crossway 17),10.927545,77.095604,197,12.53,87.92,Green,Cloudy,0,High
2026-09-20 10:11:00,CBE-PIN-2167,Kallapalayam Junction (Checkpost 18),10.924782,77.09765,161,16.58,77.77,Green,Clear,0,High
2026-09-20 14:55:00,CBE-PIN-2168,Kallapalayam Junction (Crossway 19),10.924861,77.097855,191,21.54,77.99,Green,Clear,0,High
2026-09-20 14:08:00,CBE-PIN-2169,Kallapalayam Junction (Junction 20),10.929778,77.096002,36,57.83,20.33,Green,Rain,0,Low
2026-09-20 19:17:00,CBE-PIN-2170,Kallapalayam Junction (Link Road 21),10.929064,77.098314,69,49.86,32.22,Green,Clear,0,Low
2026-09-20 10:34:00,CBE-PIN-2171,Kallapalayam Junction (Junction 22),10.926089,77.09713,43,58.04,14.57,Green,Clear,0,Low
2026-09-20 15:24:00,CBE-PIN-2172,Kallapalayam Junction (Checkpost 23),10.923708,77.09226,63,49.0,22.7,Red,Cloudy,0,Low
2026-09-20 09:42:00,CBE-PIN-2173,Kallapalayam Junction (Checkpost 24),10.926566,77.097397,25,46.49,13.69,Red,Cloudy,0,Low
2026-09-20 15:28:00,CBE-PIN-2174,Kallapalayam Junction (Crossway 25),10.925543,77.097882,25,70.36,12.54,Red,Clear,0,Low
2026-09-20 19:14:00,CBE-PIN-2175,Kallapalayam Junction (Crossway 26),10.924592,77.097689,137,26.84,49.27,Green,Clear,0,Medium
2026-09-20 13:16:00,CBE-PIN-2176,Kallapalayam Junction (Bypass 27),10.923821,77.09868,170,24.39,64.64,Yellow,Clear,0,Medium
2026-09-20 08:22:00,CBE-PIN-2177,Kallapalayam Junction (Bypass 28),10.92633,77.097615,76,54.1,38.73,Green,Clear,0,Low
2026-09-20 10:22:00,CBE-PIN-2178,Kallapalayam Junction (Crossway 29),10.924549,77.099868,59,71.23,22.31,Yellow,Cloudy,0,Low
2026-09-20 09:48:00,CBE-PIN-2179,Kallapalayam Junction (Link Road 30),10.929833,77.093635,238,19.91,77.09,Red,Cloudy,0,High
2026-09-20 18:30:00,CBE-PIN-2180,Kallapalayam Junction (Approach 31),10.924931,77.095159,97,52.76,37.32,Green,Clear,0,Low
2026-09-20 12:05:00,CBE-PIN-2181,Kallapalayam Junction (Junction 32),10.923373,77.099321,100,40.97,44.44,Green,Breezy,0,Medium
2026-09-20 11:18:00,CBE-PIN-2182,Kallapalayam Junction (Approach 33),10.925154,77.098054,252,21.6,88.29,Red,Cloudy,0,High
2026-09-20 16:59:00,CBE-PIN-2183,Kallapalayam Junction (Checkpost 34),10.925302,77.096834,206,17.22,84.05,Green,Clear,0,High
2026-09-20 09:56:00,CBE-PIN-2184,Kallapalayam Junction (Crossway 35),10.926579,77.100023,136,32.24,49.5,Red,Rain,0,Medium
2026-09-20 17:42:00,CBE-PIN-2185,Kallapalayam Junction (Bypass 36),10.924932,77.097635,188,21.99,84.09,Green,Clear,0,High
2026-09-20 13:07:00,CBE-PIN-2186,Kallapalayam Junction (Link Road 37),10.923427,77.096756,34,61.0,14.8,Green,Clear,0,Low
2026-09-20 13:06:00,CBE-PIN-2187,Kallapalayam Junction (Approach 38),10.914994,77.09888,179,16.16,91.53,Yellow,Clear,0,High
2026-09-20 11:05:00,CBE-PIN-2188,Kallapalayam Junction (Checkpost 39),10.917922,77.077918,218,34.8,69.91,Yellow,Clear,0,Medium
2026-09-20 17:42:00,CBE-PIN-2189,Kallapalayam Junction (Bypass 40),10.921403,77.097741,241,21.31,82.59,Green,Clear,0,High
2026-09-20 15:25:00,CBE-PIN-2190,Kallapalayam Junction (Link Road 41),10.921257,77.100266,91,66.9,30.66,Green,Clear,0,Low
2026-09-20 18:19:00,CBE-PIN-2191,Kallapalayam Junction (Junction 42),10.920218,77.086234,199,21.01,77.65,Green,Rain,0,High
2026-09-20 10:12:00,CBE-PIN-2192,Kallapalayam Junction (Link Road 43),10.923682,77.099584,166,12.73,84.71,Green,Cloudy,0,High
2026-09-20 08:36:00,CBE-PIN-2193,Kallapalayam Junction (Junction 44),10.920815,77.096037,72,58.06,32.07,Yellow,Clear,0,Low
2026-09-20 12:58:00,CBE-PIN-2194,Kallapalayam Junction (Crossway 45),10.924216,77.099106,97,26.58,42.88,Green,Clear,0,Medium
2026-09-20 12:11:00,CBE-PIN-2195,Kallapalayam Junction (Link Road 46),10.927704,77.104891,95,59.53,31.0,Red,Clear,0,Low
2026-09-20 19:18:00,CBE-PIN-2196,Kallapalayam Junction (Crossway 47),10.927612,77.096846,153,34.41,57.06,Green,Clear,0,Medium
2026-09-20 12:30:00,CBE-PIN-2197,Kallapalayam Junction (Approach 48),10.924663,77.097882,69,63.65,23.71,Green,Rain,0,Low
2026-09-20 19:52:00,CBE-PIN-2198,Kallapalayam Junction (Link Road 49),10.924743,77.09837,68,52.7,36.76,Green,Clear,0,Low
2026-09-20 14:55:00,CBE-PIN-2199,Kallapalayam Junction (Junction 50),10.927542,77.095568,26,49.34,12.54,Green,Cloudy,0,Low
2026-09-20 08:39:00,CBE-PIN-2200,Kallapalayam Junction (Approach 51),10.930126,77.098644,155,24.79,71.21,Red,Clear,0,Medium
2026-09-20 08:17:00,CBE-PIN-2201,Kallapalayam Junction (Junction 52),10.925209,77.097933,162,19.61,85.2,Red,Clear,0,High
2026-09-20 08:31:00,CBE-PIN-2202,Kallapalayam Junction (Checkpost 53),10.924775,77.097724,80,64.05,32.27,Green,Cloudy,0,Low
2026-09-20 13:12:00,CBE-PIN-2203,Kallapalayam Junction (Junction 54),10.924865,77.097744,147,35.05,63.06,Green,Clear,0,Medium
2026-09-20 11:52:00,CBE-PIN-2204,Kallapalayam Junction (Bypass 55),10.929591,77.096281,137,25.14,45.73,Green,Clear,0,Medium
2026-09-20 18:42:00,CBE-PIN-2205,Kallapalayam Junction (Crossway 56),10.920992,77.093764,49,55.24,26.65,Green,Cloudy,0,Low
2026-09-20 12:18:00,CBE-PIN-2206,Kallapalayam Junction (Junction 57),10.924602,77.080792,105,32.74,45.86,Red,Clear,0,Medium
2026-09-20 10:51:00,CBE-PIN-2207,Kallapalayam Junction (Approach 58),10.925387,77.097296,65,53.34,33.57,Yellow,Clear,0,Low
2026-09-20 08:18:00,CBE-PIN-2208,Kallapalayam Junction (Bypass 59),10.924733,77.097138,192,20.65,93.59,Green,Clear,0,High
2026-09-20 16:27:00,CBE-PIN-2209,Kallapalayam Junction (Bypass 60),10.922706,77.097095,93,60.48,29.17,Red,Clear,0,Low
2026-09-20 17:26:00,CBE-PIN-2210,Kallapalayam Junction (Junction 61),10.919283,77.093843,231,18.9,83.59,Red,Clear,0,High
2026-09-20 19:32:00,CBE-PIN-2211,Kallapalayam Junction (Crossway 62),10.92463,77.098219,78,58.83,26.59,Green,Clear,0,Low
2026-09-20 12:34:00,CBE-PIN-2212,Kallapalayam Junction (Bypass 63),10.924756,77.098285,66,56.59,30.27,Green,Rain,0,Low
2026-09-20 12:16:00,CBE-PIN-2213,Kallapalayam Junction (Approach 64),10.929435,77.089778,55,65.98,27.16,Green,Clear,0,Low
2026-09-20 15:34:00,CBE-PIN-2214,Kallapalayam Junction (Approach 65),10.93188,77.100632,56,46.95,22.45,Green,Cloudy,0,Low
2026-09-20 08:50:00,CBE-PIN-2215,Kallapalayam Junction (Approach 66),10.929271,77.090669,35,64.05,13.24,Red,Clear,0,Low
2026-09-20 11:58:00,CBE-PIN-2216,Kallapalayam Junction (Junction 67),10.924834,77.097812,160,12.08,77.32,Red,Clear,0,High
2026-09-20 11:48:00,CBE-PIN-2217,Kallapalayam Junction (Bypass 68),10.925708,77.099233,288,15.05,95.48,Green,Cloudy,0,High
2026-09-20 11:14:00,CBE-PIN-2218,Kallapalayam Junction (Approach 69),10.921552,77.099332,117,46.15,38.77,Red,Clear,0,Low
2026-09-20 11:35:00,CBE-PIN-2219,Kallapalayam Junction (Crossway 70),10.924307,77.097872,167,27.72,52.36,Red,Clear,0,Medium
2026-09-20 19:31:00,CBE-PIN-2220,Kallapalayam Junction (Junction 71),10.924772,77.097616,201,13.05,95.28,Red,Clear,0,High
2026-09-20 10:44:00,CBE-PIN-2221,Kallapalayam Junction (Junction 72),10.925232,77.094874,186,16.3,87.32,Red,Clear,0,High
2026-09-20 19:05:00,CBE-PIN-2222,Kallapalayam Junction (Crossway 73),10.925358,77.097259,112,58.01,38.97,Red,Cloudy,0,Low
2026-09-20 12:55:00,CBE-PIN-2223,Kallapalayam Junction (Link Road 74),10.92482,77.097838,90,69.06,29.45,Green,Breezy,0,Low
2026-09-20 08:12:00,CBE-PIN-2224,Kallapalayam Junction (Checkpost 75),10.919808,77.109489,214,20.89,93.5,Green,Clear,0,High
2026-09-20 12:19:00,CBE-PIN-2225,Kallapalayam Junction (Crossway 76),10.925232,77.089359,253,20.09,94.71,Green,Clear,0,High
2026-09-20 14:38:00,CBE-PIN-2226,Kallapalayam Junction (Approach 77),10.92657,77.097654,135,37.11,68.07,Red,Rain,0,Medium
2026-09-20 13:39:00,CBE-PIN-2227,Kallapalayam Junction (Bypass 78),10.924793,77.09778,83,49.09,34.64,Green,Breezy,0,Low
2026-09-20 18:52:00,CBE-PIN-2228,Kallapalayam Junction (Link Road 79),10.923578,77.096916,81,47.67,33.08,Green,Clear,0,Low
2026-09-20 15:14:00,CBE-PIN-2229,Kallapalayam Junction (Link Road 80),10.926505,77.094049,36,59.7,12.78,Yellow,Clear,0,Low
2026-09-20 17:29:00,CBE-PIN-2230,Kallapalayam Junction (Junction 81),10.924765,77.097817,50,61.69,15.89,Green,Rain,0,Low
2026-09-20 14:27:00,CBE-PIN-2231,Kallapalayam Junction (Checkpost 82),10.925782,77.097786,36,67.4,16.7,Green,Clear,0,Low
2026-09-20 14:47:00,CBE-PIN-2232,Kallapalayam Junction (Crossway 83),10.924874,77.097802,70,52.21,30.01,Red,Clear,0,Low
2026-09-20 16:20:00,CBE-PIN-2233,Kallapalayam Junction (Checkpost 84),10.925294,77.095983,237,16.84,76.91,Green,Clear,0,High
2026-09-20 18:55:00,CBE-PIN-2234,Kallapalayam Junction (Checkpost 85),10.924239,77.098761,107,64.77,38.81,Green,Clear,0,Low
2026-09-20 19:06:00,CBE-PIN-2235,Kallapalayam Junction (Approach 86),10.92706,77.094534,75,59.29,36.5,Green,Breezy,0,Low
2026-09-20 15:26:00,CBE-PIN-2236,Kallapalayam Junction (Approach 87),10.917762,77.09994,242,14.58,90.79,Red,Clear,0,High
2026-09-20 09:11:00,CBE-PIN-2237,Kallapalayam Junction (Bypass 88),10.92613,77.096205,46,58.16,17.98,Yellow,Clear,0,Low
2026-09-20 10:04:00,CBE-PIN-2238,Kallapalayam Junction (Junction 89),10.913948,77.102982,19,56.71,10.55,Green,Clear,0,Low
2026-09-20 19:44:00,CBE-PIN-2239,Kallapalayam Junction (Junction 90),10.932038,77.098011,128,43.71,50.78,Green,Cloudy,0,Medium
2026-09-20 11:26:00,CBE-PIN-2240,Kallapalayam Junction (Junction 91),10.918367,77.100889,113,71.46,37.84,Red,Clear,0,Low
2026-09-20 08:15:00,CBE-PIN-2241,Kallapalayam Junction (Crossway 92),10.924612,77.097614,38,50.54,12.05,Yellow,Clear,0,Low
2026-09-20 12:13:00,CBE-PIN-2242,Kallapalayam Junction (Approach 93),10.929295,77.099594,59,57.65,18.97,Red,Clear,0,Low
2026-09-20 17:03:00,CBE-PIN-2243,Kallapalayam Junction (Crossway 94),10.925954,77.098166,39,65.56,16.06,Green,Clear,0,Low
2026-09-20 19:41:00,CBE-PIN-2244,Kallapalayam Junction (Junction 95),10.928061,77.098298,83,71.83,29.68,Green,Clear,0,Low
2026-09-20 17:44:00,CBE-PIN-2245,Kallapalayam Junction (Link Road 96),10.923309,77.098833,270,12.17,87.07,Yellow,Clear,0,High
2026-09-20 18:26:00,CBE-PIN-2246,Kallapalayam Junction (Link Road 97),10.91832,77.109346,57,54.4,23.45,Green,Clear,0,Low
2026-09-20 12:32:00,CBE-PIN-2247,Kallapalayam Junction (Checkpost 98),10.924182,77.094055,22,63.45,10.94,Red,Clear,0,Low
2026-09-20 11:53:00,CBE-PIN-2248,Kallapalayam Junction (Link Road 99),10.923963,77.101153,69,61.92,25.93,Red,Clear,0,Low
2026-09-20 12:16:00,CBE-PIN-2249,Kallapalayam Junction (Checkpost 100),10.92799,77.104281,63,63.14,21.8,Red,Clear,0,Low
2026-09-20 08:38:00,CBE-PIN-2250,Kallapalayam Junction (Checkpost 101),10.927665,77.093727,232,16.27,78.91,Green,Cloudy,0,High
2026-09-20 16:37:00,CBE-PIN-2251,Kallapalayam Junction (Crossway 102),10.926787,77.098838,84,66.51,32.04,Green,Clear,0,Low
2026-09-20 17:39:00,CBE-PIN-2252,Kallapalayam Junction (Approach 103),10.920595,77.105735,194,21.89,89.08,Red,Cloudy,0,High
2026-09-20 18:44:00,CBE-PIN-2253,Kallapalayam Junction (Junction 104),10.925927,77.098782,40,61.81,12.97,Green,Rain,0,Low
2026-09-20 10:39:00,CBE-PIN-2254,Kallapalayam Junction (Checkpost 105),10.925818,77.099803,25,46.73,10.43,Yellow,Clear,0,Low
2026-09-20 13:41:00,CBE-PIN-2255,Kallapalayam Junction (Junction 106),10.927334,77.100787,27,53.66,10.4,Yellow,Clear,0,Low
2026-09-20 12:03:00,CBE-PIN-2256,Kallapalayam Junction (Approach 107),10.925735,77.097473,45,61.91,20.93,Red,Clear,0,Low
2026-09-20 11:37:00,CBE-PIN-2257,Kallapalayam Junction (Approach 108),10.926131,77.09848,29,67.78,15.32,Red,Clear,0,Low
2026-09-20 17:04:00,CBE-PIN-2258,Kallapalayam Junction (Bypass 109),10.926957,77.096023,121,25.53,64.28,Green,Cloudy,0,Medium
2026-09-20 18:39:00,CBE-PIN-2259,Kallapalayam Junction (Crossway 110),10.925188,77.098762,255,21.65,92.89,Red,Cloudy,0,High
2026-09-20 14:25:00,CBE-PIN-2260,Kallapalayam Junction (Link Road 111),10.924929,77.097328,22,47.78,10.37,Green,Rain,0,Low
2026-09-20 19:26:00,CBE-PIN-2261,Kallapalayam Junction (Junction 112),10.908099,77.096854,44,62.51,22.84,Red,Clear,0,Low
2026-09-20 16:16:00,CBE-PIN-2262,Kallapalayam Junction (Approach 113),10.925037,77.097921,273,16.85,91.48,Red,Clear,0,High
2026-09-20 13:01:00,CBE-PIN-2263,Kallapalayam Junction (Checkpost 114),10.924887,77.098471,104,25.42,41.12,Green,Cloudy,0,Medium
2026-09-20 10:08:00,CBE-PIN-2264,Sri Eshwar College of Engineering (SECE Main Gate) (Approach 1),10.83669,77.062863,141,18.74,77.8,Green,Clear,0,High
2026-09-20 16:35:00,CBE-PIN-2265,Sri Eshwar College of Engineering (SECE Main Gate) (Bypass 2),10.826871,77.059841,285,12.08,89.57,Green,Clear,0,High
2026-09-20 13:02:00,CBE-PIN-2266,Sri Eshwar College of Engineering (SECE Main Gate) (Junction 3),10.82746,77.062527,32,57.61,11.99,Green,Clear,0,Low
2026-09-20 09:10:00,CBE-PIN-2267,Sri Eshwar College of Engineering (SECE Main Gate) (Approach 4),10.83051,77.066052,33,47.06,12.26,Red,Rain,0,Low
2026-09-20 11:04:00,CBE-PIN-2268,Sri Eshwar College of Engineering (SECE Main Gate) (Checkpost 5),10.811335,77.061749,155,16.18,81.13,Red,Cloudy,0,High
2026-09-20 12:32:00,CBE-PIN-2269,Sri Eshwar College of Engineering (SECE Main Gate) (Link Road 6),10.8257,77.061334,46,58.21,17.44,Red,Rain,0,Low
2026-09-20 09:23:00,CBE-PIN-2270,Sri Eshwar College of Engineering (SECE Main Gate) (Approach 7),10.81987,77.067299,67,54.96,28.14,Green,Rain,0,Low
2026-09-20 14:28:00,CBE-PIN-2271,Sri Eshwar College of Engineering (SECE Main Gate) (Link Road 8),10.83333,77.061166,49,68.29,20.88,Yellow,Clear,0,Low
2026-09-20 17:43:00,CBE-PIN-2272,Sri Eshwar College of Engineering (SECE Main Gate) (Bypass 9),10.833911,77.056186,22,69.01,10.24,Green,Cloudy,0,Low
2026-09-20 09:54:00,CBE-PIN-2273,Sri Eshwar College of Engineering (SECE Main Gate) (Bypass 10),10.826224,77.056977,230,13.04,77.7,Yellow,Clear,0,High
2026-09-20 12:14:00,CBE-PIN-2274,Sri Eshwar College of Engineering (SECE Main Gate) (Link Road 11),10.827085,77.059789,65,55.1,34.53,Green,Rain,0,Low
2026-09-20 19:50:00,CBE-PIN-2275,Sri Eshwar College of Engineering (SECE Main Gate) (Bypass 12),10.827374,77.060534,221,21.16,94.08,Yellow,Clear,0,High
2026-09-20 12:24:00,CBE-PIN-2276,Sri Eshwar College of Engineering (SECE Main Gate) (Bypass 13),10.827928,77.058322,34,57.22,17.31,Green,Clear,0,Low
2026-09-20 14:08:00,CBE-PIN-2277,Sri Eshwar College of Engineering (SECE Main Gate) (Approach 14),10.826648,77.061432,61,47.3,21.5,Red,Clear,0,Low
2026-09-20 12:21:00,CBE-PIN-2278,Sri Eshwar College of Engineering (SECE Main Gate) (Junction 15),10.826783,77.057962,64,54.14,26.65,Red,Clear,0,Low
2026-09-20 09:13:00,CBE-PIN-2279,Sri Eshwar College of Engineering (SECE Main Gate) (Bypass 16),10.827435,77.05842,58,52.78,29.8,Red,Rain,0,Low
2026-09-20 13:14:00,CBE-PIN-2280,Sri Eshwar College of Engineering (SECE Main Gate) (Junction 17),10.823343,77.058128,220,14.61,86.3,Red,Cloudy,0,High
2026-09-20 19:55:00,CBE-PIN-2281,Sri Eshwar College of Engineering (SECE Main Gate) (Bypass 18),10.828522,77.063294,31,49.13,13.56,Yellow,Clear,0,Low
2026-09-20 09:48:00,CBE-PIN-2282,Sri Eshwar College of Engineering (SECE Main Gate) (Crossway 19),10.827362,77.060524,60,64.59,30.03,Yellow,Clear,0,Low
2026-09-20 09:27:00,CBE-PIN-2283,Sri Eshwar College of Engineering (SECE Main Gate) (Junction 20),10.824666,77.054883,92,36.47,49.09,Yellow,Cloudy,0,Medium
2026-09-20 14:17:00,CBE-PIN-2284,Sri Eshwar College of Engineering (SECE Main Gate) (Bypass 21),10.828695,77.060651,294,15.76,95.57,Red,Clear,0,High
2026-09-20 15:29:00,CBE-PIN-2285,Sri Eshwar College of Engineering (SECE Main Gate) (Bypass 22),10.827375,77.060535,184,44.96,63.63,Red,Clear,0,Medium
2026-09-20 18:02:00,CBE-PIN-2286,Sri Eshwar College of Engineering (SECE Main Gate) (Crossway 23),10.82787,77.059378,247,14.26,84.84,Green,Clear,0,High
2026-09-20 09:26:00,CBE-PIN-2287,Sri Eshwar College of Engineering (SECE Main Gate) (Approach 24),10.827749,77.058578,40,55.07,19.47,Red,Cloudy,0,Low
2026-09-20 15:35:00,CBE-PIN-2288,Sri Eshwar College of Engineering (SECE Main Gate) (Junction 25),10.829871,77.057453,128,32.42,54.65,Red,Clear,0,Medium
2026-09-20 18:41:00,CBE-PIN-2289,Sri Eshwar College of Engineering (SECE Main Gate) (Link Road 26),10.829492,77.060731,216,17.7,85.64,Green,Clear,0,High
2026-09-20 18:22:00,CBE-PIN-2290,Sri Eshwar College of Engineering (SECE Main Gate) (Bypass 27),10.830182,77.062411,79,53.78,28.17,Red,Cloudy,0,Low
2026-09-20 19:17:00,CBE-PIN-2291,Sri Eshwar College of Engineering (SECE Main Gate) (Crossway 28),10.82603,77.064138,31,70.36,16.52,Yellow,Clear,0,Low
2026-09-20 09:24:00,CBE-PIN-2292,Sri Eshwar College of Engineering (SECE Main Gate) (Bypass 29),10.826584,77.061305,291,15.6,95.77,Red,Clear,0,High
2026-09-20 17:01:00,CBE-PIN-2293,Sri Eshwar College of Engineering (SECE Main Gate) (Approach 30),10.819627,77.062273,191,21.16,92.4,Green,Clear,0,High
2026-09-20 17:55:00,CBE-PIN-2294,Sri Eshwar College of Engineering (SECE Main Gate) (Crossway 31),10.828602,77.060956,169,17.8,88.9,Yellow,Clear,0,High
2026-09-20 08:19:00,CBE-PIN-2295,Sri Eshwar College of Engineering (SECE Main Gate) (Bypass 32),10.82817,77.060233,174,13.01,87.72,Red,Cloudy,0,High
2026-09-20 09:22:00,CBE-PIN-2296,Sri Eshwar College of Engineering (SECE Main Gate) (Junction 33),10.825622,77.057687,144,38.34,61.67,Yellow,Rain,0,Medium
2026-09-20 15:01:00,CBE-PIN-2297,Sri Eshwar College of Engineering (SECE Main Gate) (Checkpost 34),10.824854,77.055772,49,69.4,18.27,Green,Rain,0,Low
2026-09-20 16:23:00,CBE-PIN-2298,Sri Eshwar College of Engineering (SECE Main Gate) (Link Road 35),10.826057,77.060564,101,27.4,52.56,Red,Clear,0,Medium
2026-09-20 16:45:00,CBE-PIN-2299,Sri Eshwar College of Engineering (SECE Main Gate) (Link Road 36),10.828804,77.06138,37,69.58,12.08,Green,Cloudy,0,Low
2026-09-20 08:47:00,CBE-PIN-2300,Sri Eshwar College of Engineering (SECE Main Gate) (Bypass 37),10.82998,77.058105,207,16.26,76.58,Yellow,Cloudy,1,High
2026-09-20 15:15:00,CBE-PIN-2301,Sri Eshwar College of Engineering (SECE Main Gate) (Link Road 38),10.825848,77.05974,187,15.86,86.14,Red,Rain,0,High
2026-09-20 14:47:00,CBE-PIN-2302,Sri Eshwar College of Engineering (SECE Main Gate) (Approach 39),10.827281,77.061661,34,62.88,12.37,Green,Clear,0,Low
2026-09-20 09:08:00,CBE-PIN-2303,Sri Eshwar College of Engineering (SECE Main Gate) (Approach 40),10.823238,77.058733,79,26.03,41.36,Red,Clear,0,Medium
2026-09-20 11:35:00,CBE-PIN-2304,Sri Eshwar College of Engineering (SECE Main Gate) (Crossway 41),10.826094,77.063124,223,12.96,78.46,Yellow,Cloudy,0,High
2026-09-20 15:45:00,CBE-PIN-2305,Sri Eshwar College of Engineering (SECE Main Gate) (Crossway 42),10.825161,77.05597,60,54.98,21.92,Green,Clear,0,Low
2026-09-20 13:07:00,CBE-PIN-2306,Sri Eshwar College of Engineering (SECE Main Gate) (Junction 43),10.826813,77.060947,176,16.55,81.1,Green,Cloudy,0,High
2026-09-20 18:31:00,CBE-PIN-2307,Sri Eshwar College of Engineering (SECE Main Gate) (Approach 44),10.825543,77.057268,144,31.28,68.42,Green,Cloudy,0,Medium
2026-09-20 13:27:00,CBE-PIN-2308,Sri Eshwar College of Engineering (SECE Main Gate) (Crossway 45),10.825799,77.059918,62,63.16,30.91,Red,Clear,0,Low
2026-09-20 10:02:00,CBE-PIN-2309,Sri Eshwar College of Engineering (SECE Main Gate) (Checkpost 46),10.828769,77.061984,59,52.56,20.84,Red,Cloudy,0,Low
2026-09-20 14:38:00,CBE-PIN-2310,Sri Eshwar College of Engineering (SECE Main Gate) (Checkpost 47),10.827171,77.059636,60,60.56,30.17,Red,Clear,0,Low
2026-09-20 08:42:00,CBE-PIN-2311,Sri Eshwar College of Engineering (SECE Main Gate) (Junction 48),10.826377,77.065035,187,19.52,75.96,Red,Cloudy,0,High
2026-09-20 17:22:00,CBE-PIN-2312,Sri Eshwar College of Engineering (SECE Main Gate) (Crossway 49),10.825951,77.059356,239,18.4,84.17,Green,Rain,0,High
2026-09-20 19:46:00,CBE-PIN-2313,Sri Eshwar College of Engineering (SECE Main Gate) (Junction 50),10.830044,77.061552,278,21.04,94.05,Green,Rain,0,High
2026-09-20 16:46:00,CBE-PIN-2314,Sri Eshwar College of Engineering (SECE Main Gate) (Crossway 51),10.827063,77.061327,243,18.28,78.63,Green,Clear,0,High
2026-09-20 11:19:00,CBE-PIN-2315,Sri Eshwar College of Engineering (SECE Main Gate) (Checkpost 52),10.825827,77.057873,158,27.92,70.42,Red,Clear,0,Medium
2026-09-20 13:07:00,CBE-PIN-2316,Sri Eshwar College of Engineering (SECE Main Gate) (Checkpost 53),10.831849,77.064267,93,66.85,31.08,Red,Cloudy,0,Low
2026-09-20 13:43:00,CBE-PIN-2317,Sri Eshwar College of Engineering (SECE Main Gate) (Link Road 54),10.827099,77.061029,74,56.92,27.79,Green,Cloudy,0,Low
2026-09-20 15:56:00,CBE-PIN-2318,Sri Eshwar College of Engineering (SECE Main Gate) (Junction 55),10.826887,77.062004,31,61.89,15.18,Green,Clear,0,Low
2026-09-20 12:16:00,CBE-PIN-2319,Sri Eshwar College of Engineering (SECE Main Gate) (Approach 56),10.82675,77.059988,163,13.21,88.18,Green,Clear,1,High
2026-09-20 18:40:00,CBE-PIN-2320,Sri Eshwar College of Engineering (SECE Main Gate) (Crossway 57),10.825864,77.060955,226,13.74,91.62,Green,Clear,0,High
2026-09-20 11:35:00,CBE-PIN-2321,Sri Eshwar College of Engineering (SECE Main Gate) (Crossway 58),10.824732,77.061657,171,18.96,76.11,Yellow,Cloudy,0,High
2026-09-20 12:51:00,CBE-PIN-2322,Sri Eshwar College of Engineering (SECE Main Gate) (Crossway 59),10.826386,77.059843,36,53.74,11.61,Red,Clear,0,Low
2026-09-20 14:38:00,CBE-PIN-2323,Sri Eshwar College of Engineering (SECE Main Gate) (Bypass 60),10.827935,77.062301,41,51.55,18.45,Red,Rain,0,Low
2026-09-20 09:06:00,CBE-PIN-2324,Sri Eshwar College of Engineering (SECE Main Gate) (Bypass 61),10.82822,77.057426,236,21.47,76.64,Yellow,Clear,0,High
2026-09-20 08:47:00,CBE-PIN-2325,Sri Eshwar College of Engineering (SECE Main Gate) (Approach 62),10.827752,77.061553,72,60.86,23.2,Red,Clear,0,Low
2026-09-20 09:46:00,CBE-PIN-2326,Sri Eshwar College of Engineering (SECE Main Gate) (Checkpost 63),10.824685,77.060884,131,40.85,62.79,Green,Clear,0,Medium
2026-09-20 17:11:00,CBE-PIN-2327,Sri Eshwar College of Engineering (SECE Main Gate) (Bypass 64),10.825793,77.058963,224,15.34,95.16,Green,Clear,0,High
2026-09-20 15:55:00,CBE-PIN-2328,Sri Eshwar College of Engineering (SECE Main Gate) (Bypass 65),10.821305,77.059315,149,25.3,58.93,Green,Clear,0,Medium
2026-09-20 19:52:00,CBE-PIN-2329,Sri Eshwar College of Engineering (SECE Main Gate) (Junction 66),10.830223,77.058633,162,14.96,85.53,Red,Cloudy,0,High
2026-09-20 18:23:00,CBE-PIN-2330,Sri Eshwar College of Engineering (SECE Main Gate) (Bypass 67),10.831622,77.06287,207,13.0,86.8,Yellow,Cloudy,0,High
2026-09-20 18:48:00,CBE-PIN-2331,Sri Eshwar College of Engineering (SECE Main Gate) (Bypass 68),10.82858,77.059251,173,15.39,79.13,Green,Clear,0,High
2026-09-20 16:15:00,CBE-PIN-2332,Sri Eshwar College of Engineering (SECE Main Gate) (Junction 69),10.828134,77.057567,76,54.47,26.65,Red,Clear,0,Low
2026-09-20 10:12:00,CBE-PIN-2333,Sri Eshwar College of Engineering (SECE Main Gate) (Checkpost 70),10.828234,77.059121,194,43.78,63.16,Red,Cloudy,0,Medium
2026-09-20 09:58:00,CBE-PIN-2334,Sri Eshwar College of Engineering (SECE Main Gate) (Bypass 71),10.826004,77.059351,186,13.25,81.82,Green,Rain,0,High
2026-09-20 09:41:00,CBE-PIN-2335,Sri Eshwar College of Engineering (SECE Main Gate) (Bypass 72),10.826784,77.057721,175,13.7,80.99,Red,Cloudy,0,High
2026-09-20 16:52:00,CBE-PIN-2336,Sri Eshwar College of Engineering (SECE Main Gate) (Bypass 73),10.826522,77.060371,50,48.22,22.89,Yellow,Cloudy,0,Low
2026-09-20 18:15:00,CBE-PIN-2337,Sri Eshwar College of Engineering (SECE Main Gate) (Crossway 74),10.823953,77.048311,80,54.9,38.95,Red,Clear,0,Low
2026-09-20 16:53:00,CBE-PIN-2338,Sri Eshwar College of Engineering (SECE Main Gate) (Crossway 75),10.827517,77.062457,49,62.23,16.89,Red,Clear,0,Low
2026-09-20 08:19:00,CBE-PIN-2339,Sri Eshwar College of Engineering (SECE Main Gate) (Checkpost 76),10.831649,77.06004,190,12.35,78.54,Green,Clear,0,High
2026-09-20 08:13:00,CBE-PIN-2340,Sri Eshwar College of Engineering (SECE Main Gate) (Link Road 77),10.828723,77.061232,56,49.07,19.01,Red,Cloudy,0,Low
2026-09-20 19:59:00,CBE-PIN-2341,Sri Eshwar College of Engineering (SECE Main Gate) (Junction 78),10.835755,77.055943,278,12.34,95.79,Green,Clear,0,High
2026-09-20 10:22:00,CBE-PIN-2342,Sri Eshwar College of Engineering (SECE Main Gate) (Crossway 79),10.827686,77.061407,83,67.31,27.91,Yellow,Breezy,0,Low
2026-09-20 12:52:00,CBE-PIN-2343,Sri Eshwar College of Engineering (SECE Main Gate) (Checkpost 80),10.828682,77.060826,52,70.97,18.01,Green,Clear,0,Low
2026-09-20 17:26:00,CBE-PIN-2344,Sri Eshwar College of Engineering (SECE Main Gate) (Junction 81),10.824112,77.059235,173,16.33,80.36,Yellow,Clear,0,High
2026-09-20 12:19:00,CBE-PIN-2345,Sri Eshwar College of Engineering (SECE Main Gate) (Link Road 82),10.826943,77.061821,223,19.53,82.68,Green,Clear,0,High
2026-09-20 10:53:00,CBE-PIN-2346,Sri Eshwar College of Engineering (SECE Main Gate) (Crossway 83),10.828397,77.058877,81,50.6,26.26,Yellow,Breezy,0,Low
2026-09-20 11:10:00,CBE-PIN-2347,Sri Eshwar College of Engineering (SECE Main Gate) (Crossway 84),10.83039,77.060498,167,17.87,80.77,Green,Cloudy,1,High
2026-09-20 16:24:00,CBE-PIN-2348,Sri Eshwar College of Engineering (SECE Main Gate) (Approach 85),10.825283,77.062979,75,60.57,36.53,Green,Cloudy,0,Low
2026-09-20 19:55:00,CBE-PIN-2349,Sri Eshwar College of Engineering (SECE Main Gate) (Junction 86),10.830632,77.059469,69,62.99,34.34,Yellow,Rain,0,Low
2026-09-20 13:33:00,CBE-PIN-2350,Sri Eshwar College of Engineering (SECE Main Gate) (Bypass 87),10.827091,77.059659,194,15.43,95.35,Red,Clear,0,High
2026-09-20 19:45:00,CBE-PIN-2351,Sri Eshwar College of Engineering (SECE Main Gate) (Bypass 88),10.845013,77.048804,170,12.55,81.92,Green,Clear,0,High
2026-09-20 13:48:00,CBE-PIN-2352,Sri Eshwar College of Engineering (SECE Main Gate) (Junction 89),10.826538,77.05709,183,21.09,95.36,Yellow,Clear,0,High
2026-09-20 13:54:00,CBE-PIN-2353,Sri Eshwar College of Engineering (SECE Main Gate) (Junction 90),10.82511,77.05925,292,17.42,95.13,Green,Cloudy,0,High
2026-09-20 09:03:00,CBE-PIN-2354,Sri Eshwar College of Engineering (SECE Main Gate) (Junction 91),10.826937,77.06102,95,56.25,36.82,Red,Cloudy,0,Low
2026-09-20 09:42:00,CBE-PIN-2355,Sri Eshwar College of Engineering (SECE Main Gate) (Crossway 92),10.827,77.064841,73,55.19,33.45,Red,Clear,0,Low
2026-09-20 17:59:00,CBE-PIN-2356,Sri Eshwar College of Engineering (SECE Main Gate) (Link Road 93),10.82771,77.060747,51,70.55,27.71,Red,Cloudy,0,Low
2026-09-20 09:51:00,CBE-PIN-2357,Sri Eshwar College of Engineering (SECE Main Gate) (Checkpost 94),10.826788,77.0613,204,13.8,77.61,Green,Clear,0,High
2026-09-20 15:57:00,CBE-PIN-2358,Sri Eshwar College of Engineering (SECE Main Gate) (Link Road 95),10.828452,77.061303,234,15.96,78.96,Green,Cloudy,0,High
2026-09-20 13:17:00,CBE-PIN-2359,Sri Eshwar College of Engineering (SECE Main Gate) (Checkpost 96),10.827659,77.059365,225,18.27,86.62,Green,Clear,0,High
2026-09-20 11:22:00,CBE-PIN-2360,Sri Eshwar College of Engineering (SECE Main Gate) (Approach 97),10.828654,77.059904,192,16.22,83.28,Red,Clear,0,High
2026-09-20 14:20:00,CBE-PIN-2361,Sri Eshwar College of Engineering (SECE Main Gate) (Approach 98),10.827488,77.060254,151,21.66,78.22,Red,Clear,0,High
2026-09-20 13:39:00,CBE-PIN-2362,Sri Eshwar College of Engineering (SECE Main Gate) (Junction 99),10.826437,77.060515,130,28.61,62.1,Green,Rain,0,Medium
2026-09-20 14:40:00,CBE-PIN-2363,Sri Eshwar College of Engineering (SECE Main Gate) (Bypass 100),10.827166,77.060309,99,28.4,46.77,Red,Rain,0,Medium
2026-09-20 17:55:00,CBE-PIN-2364,Sri Eshwar College of Engineering (SECE Main Gate) (Checkpost 101),10.827374,77.060505,230,14.78,86.98,Red,Clear,0,High
2026-09-20 17:47:00,CBE-PIN-2365,Sri Eshwar College of Engineering (SECE Main Gate) (Approach 102),10.82724,77.059715,104,37.58,49.25,Red,Clear,0,Medium
2026-09-20 17:52:00,CBE-PIN-2366,Sri Eshwar College of Engineering (SECE Main Gate) (Checkpost 103),10.829888,77.063921,48,63.53,19.75,Green,Clear,0,Low
2026-09-20 15:58:00,CBE-PIN-2367,Sri Eshwar College of Engineering (SECE Main Gate) (Bypass 104),10.82601,77.061041,148,14.11,80.58,Yellow,Clear,0,High
2026-09-20 13:49:00,CBE-PIN-2368,Sri Eshwar College of Engineering (SECE Main Gate) (Bypass 105),10.827603,77.06119,241,14.48,89.38,Green,Clear,0,High
2026-09-20 18:32:00,CBE-PIN-2369,Sri Eshwar College of Engineering (SECE Main Gate) (Junction 106),10.828591,77.061964,66,70.24,27.44,Green,Clear,0,Low
2026-09-20 14:23:00,CBE-PIN-2370,Sri Eshwar College of Engineering (SECE Main Gate) (Junction 107),10.828792,77.056306,171,17.65,90.7,Green,Rain,0,High
2026-09-20 12:53:00,CBE-PIN-2371,Sri Eshwar College of Engineering (SECE Main Gate) (Checkpost 108),10.828779,77.059639,80,54.14,26.53,Red,Cloudy,0,Low
2026-09-20 11:32:00,CBE-PIN-2372,Sri Eshwar College of Engineering (SECE Main Gate) (Crossway 109),10.827029,77.064769,202,16.64,75.42,Green,Cloudy,0,High
2026-09-20 09:28:00,CBE-PIN-2373,Sri Eshwar College of Engineering (SECE Main Gate) (Junction 110),10.827974,77.060986,143,42.64,59.26,Green,Cloudy,0,Medium
2026-09-20 16:07:00,CBE-PIN-2374,Sri Eshwar College of Engineering (SECE Main Gate) (Junction 111),10.82962,77.061263,286,15.26,95.18,Yellow,Clear,0,High
2026-09-20 08:07:00,CBE-PIN-2375,Sri Eshwar College of Engineering (SECE Main Gate) (Bypass 112),10.827098,77.053733,213,15.93,82.49,Yellow,Clear,0,High
2026-09-20 17:30:00,CBE-PIN-2376,Sri Eshwar College of Engineering (SECE Main Gate) (Crossway 113),10.826614,77.060329,190,34.54,70.64,Red,Clear,0,Medium
2026-09-20 15:08:00,CBE-PIN-2377,Sri Eshwar College of Engineering (SECE Main Gate) (Bypass 114),10.82734,77.060395,56,68.69,18.62,Red,Clear,0,Low
2026-09-20 15:21:00,CBE-PIN-2378,SECE Academic Block (Bypass 1),10.831032,77.057151,81,46.07,28.22,Green,Clear,0,Low
2026-09-20 13:04:00,CBE-PIN-2379,SECE Academic Block (Junction 2),10.828678,77.058675,68,50.66,33.58,Green,Rain,0,Low
2026-09-20 12:04:00,CBE-PIN-2380,SECE Academic Block (Junction 3),10.826222,77.060264,87,36.75,46.3,Red,Cloudy,0,Medium
2026-09-20 08:11:00,CBE-PIN-2381,SECE Academic Block (Bypass 4),10.82901,77.06704,200,13.77,86.52,Yellow,Clear,0,High
2026-09-20 15:48:00,CBE-PIN-2382,SECE Academic Block (Junction 5),10.827946,77.060872,32,68.95,15.34,Red,Cloudy,0,Low
2026-09-20 16:20:00,CBE-PIN-2383,SECE Academic Block (Crossway 6),10.833627,77.06615,79,48.02,37.83,Green,Rain,0,Low
2026-09-20 15:20:00,CBE-PIN-2384,SECE Academic Block (Junction 7),10.825473,77.052767,63,55.01,32.46,Green,Clear,0,Low
2026-09-20 14:53:00,CBE-PIN-2385,SECE Academic Block (Checkpost 8),10.827444,77.061889,123,44.16,51.39,Red,Cloudy,0,Medium
2026-09-20 13:33:00,CBE-PIN-2386,SECE Academic Block (Junction 9),10.827979,77.050859,104,51.91,35.76,Green,Clear,0,Low
2026-09-20 18:50:00,CBE-PIN-2387,SECE Academic Block (Bypass 10),10.829124,77.059423,26,62.09,11.9,Green,Cloudy,0,Low
2026-09-20 18:51:00,CBE-PIN-2388,SECE Academic Block (Bypass 11),10.828331,77.05944,42,54.37,20.06,Yellow,Clear,0,Low
2026-09-20 19:15:00,CBE-PIN-2389,SECE Academic Block (Junction 12),10.829875,77.062028,203,15.34,84.9,Green,Clear,1,High
2026-09-20 12:14:00,CBE-PIN-2390,SECE Academic Block (Checkpost 13),10.82809,77.059373,69,48.44,32.65,Yellow,Breezy,0,Low
2026-09-20 10:56:00,CBE-PIN-2391,SECE Academic Block (Bypass 14),10.830032,77.058698,102,63.9,35.28,Green,Clear,0,Low
2026-09-20 09:05:00,CBE-PIN-2392,SECE Academic Block (Junction 15),10.831912,77.057528,234,17.06,75.68,Green,Clear,0,High
2026-09-20 11:36:00,CBE-PIN-2393,SECE Academic Block (Link Road 16),10.827768,77.060101,36,51.05,14.69,Green,Clear,0,Low
2026-09-20 15:36:00,CBE-PIN-2394,SECE Academic Block (Bypass 17),10.828049,77.0605,87,29.11,44.39,Green,Rain,0,Medium
2026-09-20 14:28:00,CBE-PIN-2395,SECE Academic Block (Approach 18),10.829345,77.05989,32,56.98,13.8,Green,Breezy,0,Low
2026-09-20 10:59:00,CBE-PIN-2396,SECE Academic Block (Crossway 19),10.828741,77.058304,22,68.72,11.53,Green,Rain,0,Low
2026-09-20 10:39:00,CBE-PIN-2397,SECE Academic Block (Bypass 20),10.829311,77.058519,258,19.04,90.3,Red,Clear,0,High
2026-09-20 19:50:00,CBE-PIN-2398,SECE Academic Block (Approach 21),10.82787,77.059379,124,36.62,58.91,Yellow,Clear,0,Medium
2026-09-20 18:34:00,CBE-PIN-2399,SECE Academic Block (Bypass 22),10.834466,77.057475,211,12.3,94.6,Yellow,Clear,0,High
2026-09-20 13:20:00,CBE-PIN-2400,SECE Academic Block (Bypass 23),10.831928,77.058636,247,13.33,79.29,Red,Clear,0,High
2026-09-20 09:57:00,CBE-PIN-2401,SECE Academic Block (Checkpost 24),10.829046,77.059457,243,16.22,94.33,Red,Clear,0,High
2026-09-20 10:22:00,CBE-PIN-2402,SECE Academic Block (Crossway 25),10.83738,77.062557,197,13.98,84.92,Green,Clear,0,High
2026-09-20 15:55:00,CBE-PIN-2403,SECE Academic Block (Crossway 26),10.82836,77.061307,55,69.1,19.46,Red,Clear,0,Low
2026-09-20 18:46:00,CBE-PIN-2404,SECE Academic Block (Checkpost 27),10.828044,77.059429,202,16.83,81.26,Red,Cloudy,0,High
2026-09-20 16:28:00,CBE-PIN-2405,SECE Academic Block (Junction 28),10.84555,77.045473,169,13.2,78.02,Red,Cloudy,0,High
2026-09-20 15:25:00,CBE-PIN-2406,SECE Academic Block (Junction 29),10.827923,77.059057,47,58.81,21.06,Yellow,Clear,0,Low
2026-09-20 08:28:00,CBE-PIN-2407,SECE Academic Block (Bypass 30),10.822597,77.048654,190,20.73,80.97,Red,Clear,0,High
2026-09-20 16:01:00,CBE-PIN-2408,SECE Academic Block (Junction 31),10.832786,77.061624,196,18.09,89.44,Green,Rain,0,High
2026-09-20 11:05:00,CBE-PIN-2409,SECE Academic Block (Bypass 32),10.828504,77.058921,246,12.9,81.02,Yellow,Clear,0,High
2026-09-20 16:54:00,CBE-PIN-2410,SECE Academic Block (Junction 33),10.824147,77.068497,64,67.94,24.86,Green,Cloudy,0,Low
2026-09-20 09:45:00,CBE-PIN-2411,SECE Academic Block (Junction 34),10.826691,77.064753,61,47.03,32.13,Green,Clear,0,Low
2026-09-20 19:02:00,CBE-PIN-2412,SECE Academic Block (Junction 35),10.827867,77.060268,232,21.46,89.95,Red,Clear,0,High
2026-09-20 13:20:00,CBE-PIN-2413,SECE Academic Block (Link Road 36),10.833616,77.058602,139,27.18,66.7,Green,Clear,0,Medium
2026-09-20 09:39:00,CBE-PIN-2414,SECE Academic Block (Crossway 37),10.828405,77.058115,284,16.65,90.71,Green,Clear,0,High
2026-09-20 10:49:00,CBE-PIN-2415,SECE Academic Block (Crossway 38),10.828359,77.058718,195,15.4,81.68,Red,Cloudy,0,High
2026-09-20 19:50:00,CBE-PIN-2416,SECE Academic Block (Junction 39),10.827613,77.059684,59,66.42,25.94,Yellow,Cloudy,0,Low
2026-09-20 08:42:00,CBE-PIN-2417,SECE Academic Block (Junction 40),10.828414,77.059023,126,36.12,63.0,Green,Cloudy,0,Medium
2026-09-20 11:45:00,CBE-PIN-2418,SECE Academic Block (Approach 41),10.828413,77.059563,75,67.3,32.46,Red,Rain,0,Low
2026-09-20 12:18:00,CBE-PIN-2419,SECE Academic Block (Bypass 42),10.829605,77.057601,177,19.08,83.16,Red,Rain,0,High
2026-09-20 14:47:00,CBE-PIN-2420,SECE Academic Block (Checkpost 43),10.827891,77.059738,81,51.39,36.86,Green,Clear,0,Low
2026-09-20 11:42:00,CBE-PIN-2421,SECE Academic Block (Bypass 44),10.82272,77.062031,99,70.17,31.94,Green,Clear,0,Low
2026-09-20 16:56:00,CBE-PIN-2422,SECE Academic Block (Checkpost 45),10.830447,77.061755,167,14.63,90.66,Green,Clear,0,High
2026-09-20 19:27:00,CBE-PIN-2423,SECE Academic Block (Link Road 46),10.822185,77.064357,141,33.07,57.95,Yellow,Clear,0,Medium
2026-09-20 14:53:00,CBE-PIN-2424,SECE Academic Block (Bypass 47),10.828868,77.05834,32,49.18,15.3,Green,Breezy,0,Low
2026-09-20 12:13:00,CBE-PIN-2425,SECE Academic Block (Approach 48),10.825547,77.061326,193,16.9,76.56,Green,Clear,1,High
2026-09-20 15:39:00,CBE-PIN-2426,SECE Academic Block (Link Road 49),10.827167,77.057658,288,13.03,90.84,Red,Clear,0,High
2026-09-20 10:44:00,CBE-PIN-2427,SECE Academic Block (Link Road 50),10.832589,77.060126,44,49.25,13.93,Red,Cloudy,0,Low
2026-09-20 19:42:00,CBE-PIN-2428,SECE Academic Block (Crossway 51),10.826514,77.066347,191,20.76,86.01,Green,Clear,0,High
2026-09-20 09:25:00,CBE-PIN-2429,SECE Academic Block (Crossway 52),10.827464,77.055575,75,52.68,27.92,Green,Clear,0,Low
2026-09-20 17:15:00,CBE-PIN-2430,SECE Academic Block (Checkpost 53),10.827903,77.059539,80,55.0,29.49,Red,Breezy,0,Low
2026-09-20 19:05:00,CBE-PIN-2431,SECE Academic Block (Crossway 54),10.827906,77.068194,47,46.35,15.93,Red,Cloudy,0,Low
2026-09-20 17:18:00,CBE-PIN-2432,SECE Academic Block (Approach 55),10.830657,77.058217,29,61.52,13.56,Green,Breezy,0,Low
2026-09-20 15:03:00,CBE-PIN-2433,SECE Academic Block (Junction 56),10.823415,77.055078,77,55.8,36.73,Green,Clear,0,Low
2026-09-20 18:37:00,CBE-PIN-2434,SECE Academic Block (Crossway 57),10.830048,77.061731,97,58.31,31.65,Yellow,Cloudy,0,Low
2026-09-20 12:52:00,CBE-PIN-2435,SECE Academic Block (Bypass 58),10.82818,77.059552,257,13.43,86.72,Green,Clear,0,High
2026-09-20 09:28:00,CBE-PIN-2436,SECE Academic Block (Bypass 59),10.823161,77.065518,211,21.8,87.94,Green,Cloudy,0,High
2026-09-20 17:21:00,CBE-PIN-2437,SECE Academic Block (Bypass 60),10.828768,77.060329,244,14.11,80.01,Green,Clear,0,High
2026-09-20 15:48:00,CBE-PIN-2438,SECE Academic Block (Approach 61),10.828363,77.047036,82,71.04,30.51,Red,Clear,0,Low
2026-09-20 19:47:00,CBE-PIN-2439,SECE Academic Block (Link Road 62),10.827659,77.062382,89,46.91,32.31,Green,Cloudy,0,Low
2026-09-20 11:53:00,CBE-PIN-2440,SECE Academic Block (Checkpost 63),10.836013,77.060755,174,39.63,65.83,Red,Cloudy,0,Medium
2026-09-20 10:14:00,CBE-PIN-2441,SECE Academic Block (Link Road 64),10.828127,77.059034,203,26.18,68.46,Red,Clear,0,Medium
2026-09-20 17:39:00,CBE-PIN-2442,SECE Academic Block (Crossway 65),10.82649,77.056873,207,14.01,80.62,Red,Clear,0,High
2026-09-20 09:36:00,CBE-PIN-2443,SECE Academic Block (Checkpost 66),10.826154,77.067619,50,52.99,27.36,Green,Clear,0,Low
2026-09-20 12:56:00,CBE-PIN-2444,SECE Academic Block (Junction 67),10.827205,77.053839,61,70.22,31.37,Green,Cloudy,0,Low
2026-09-20 19:17:00,CBE-PIN-2445,SECE Academic Block (Bypass 68),10.818653,77.054493,66,63.96,26.67,Green,Clear,0,Low
2026-09-20 19:37:00,CBE-PIN-2446,SECE Academic Block (Approach 69),10.829221,77.061269,62,58.73,24.17,Green,Clear,0,Low
2026-09-20 19:04:00,CBE-PIN-2447,SECE Academic Block (Checkpost 70),10.827655,77.061186,20,49.51,10.75,Red,Clear,0,Low
2026-09-20 13:00:00,CBE-PIN-2448,SECE Academic Block (Approach 71),10.827951,77.059642,197,21.11,75.41,Red,Clear,0,High
2026-09-20 08:59:00,CBE-PIN-2449,SECE Academic Block (Crossway 72),10.829459,77.057458,93,56.56,38.56,Green,Cloudy,0,Low
2026-09-20 10:09:00,CBE-PIN-2450,SECE Academic Block (Crossway 73),10.829094,77.058645,144,16.46,80.13,Green,Clear,0,High
2026-09-20 11:41:00,CBE-PIN-2451,SECE Academic Block (Junction 74),10.827448,77.060583,113,37.24,55.03,Yellow,Cloudy,0,Medium
2026-09-20 14:07:00,CBE-PIN-2452,SECE Academic Block (Bypass 75),10.828084,77.058243,235,17.41,95.09,Green,Clear,0,High
2026-09-20 18:42:00,CBE-PIN-2453,SECE Academic Block (Bypass 76),10.824453,77.047689,116,32.53,52.58,Green,Cloudy,0,Medium
2026-09-20 08:16:00,CBE-PIN-2454,SECE Academic Block (Checkpost 77),10.828124,77.065344,197,20.29,87.66,Red,Clear,0,High
2026-09-20 08:22:00,CBE-PIN-2455,SECE Academic Block (Bypass 78),10.841865,77.065185,233,18.62,82.8,Green,Clear,0,High
2026-09-20 13:35:00,CBE-PIN-2456,SECE Academic Block (Checkpost 79),10.830925,77.061858,157,12.29,83.71,Green,Clear,0,High
2026-09-20 16:29:00,CBE-PIN-2457,SECE Academic Block (Link Road 80),10.82673,77.058778,44,59.97,23.61,Green,Clear,0,Low
2026-09-20 09:12:00,CBE-PIN-2458,SECE Academic Block (Link Road 81),10.819176,77.061369,228,14.48,77.18,Green,Clear,0,High
2026-09-20 13:21:00,CBE-PIN-2459,SECE Academic Block (Link Road 82),10.825972,77.055761,93,56.06,29.8,Red,Rain,0,Low
2026-09-20 15:53:00,CBE-PIN-2460,SECE Academic Block (Crossway 83),10.827811,77.059803,238,20.15,94.29,Green,Breezy,0,High
2026-09-20 18:14:00,CBE-PIN-2461,SECE Academic Block (Bypass 84),10.846473,77.064098,50,71.45,20.59,Green,Clear,0,Low
2026-09-20 13:54:00,CBE-PIN-2462,SECE Academic Block (Bypass 85),10.827112,77.06271,114,25.28,56.64,Green,Cloudy,0,Medium
2026-09-20 13:45:00,CBE-PIN-2463,SECE Academic Block (Checkpost 86),10.827626,77.056525,87,69.1,32.23,Yellow,Cloudy,0,Low
2026-09-20 09:50:00,CBE-PIN-2464,SECE Academic Block (Link Road 87),10.834113,77.052552,189,12.52,95.13,Green,Rain,0,High
2026-09-20 19:38:00,CBE-PIN-2465,SECE Academic Block (Approach 88),10.823385,77.054465,90,56.68,34.31,Green,Breezy,0,Low
2026-09-20 11:01:00,CBE-PIN-2466,SECE Academic Block (Approach 89),10.826482,77.055448,190,36.09,60.2,Green,Clear,0,Medium
2026-09-20 11:19:00,CBE-PIN-2467,SECE Academic Block (Bypass 90),10.827758,77.061872,173,20.06,93.66,Green,Clear,0,High
2026-09-20 16:19:00,CBE-PIN-2468,SECE Academic Block (Checkpost 91),10.811195,77.067966,266,20.56,85.08,Red,Cloudy,0,High
2026-09-20 13:42:00,CBE-PIN-2469,SECE Academic Block (Link Road 92),10.829821,77.060374,106,58.31,34.05,Red,Cloudy,0,Low
2026-09-20 19:12:00,CBE-PIN-2470,SECE Academic Block (Bypass 93),10.82912,77.058642,31,56.98,14.98,Red,Clear,0,Low
2026-09-20 19:24:00,CBE-PIN-2471,SECE Academic Block (Junction 94),10.822516,77.059786,80,69.22,28.46,Green,Cloudy,0,Low
2026-09-20 13:42:00,CBE-PIN-2472,SECE Academic Block (Junction 95),10.819911,77.069949,22,67.62,11.17,Red,Clear,0,Low
2026-09-20 17:28:00,CBE-PIN-2473,SECE Academic Block (Checkpost 96),10.828516,77.062037,27,66.12,11.25,Yellow,Clear,0,Low
2026-09-20 18:48:00,CBE-PIN-2474,SECE Academic Block (Crossway 97),10.820284,77.059488,92,62.55,35.68,Green,Cloudy,0,Low
2026-09-20 12:28:00,CBE-PIN-2475,SECE Academic Block (Crossway 98),10.828089,77.059331,90,70.3,30.7,Green,Clear,0,Low
2026-09-20 14:14:00,CBE-PIN-2476,SECE Academic Block (Junction 99),10.823687,77.06409,68,49.21,34.53,Red,Clear,0,Low
2026-09-20 18:13:00,CBE-PIN-2477,SECE Academic Block (Junction 100),10.828826,77.060033,182,44.19,59.67,Red,Breezy,0,Medium
2026-09-20 10:43:00,CBE-PIN-2478,SECE Academic Block (Crossway 101),10.833836,77.05877,62,63.61,27.02,Red,Cloudy,0,Low
2026-09-20 11:23:00,CBE-PIN-2479,SECE Academic Block (Crossway 102),10.827032,77.059699,99,25.98,54.56,Red,Breezy,0,Medium
2026-09-20 11:42:00,CBE-PIN-2480,SECE Academic Block (Bypass 103),10.829626,77.056502,35,70.55,15.02,Green,Clear,0,Low
2026-09-20 15:22:00,CBE-PIN-2481,SECE Academic Block (Bypass 104),10.82814,77.059383,204,20.2,82.04,Red,Cloudy,0,High
2026-09-20 08:02:00,CBE-PIN-2482,SECE Academic Block (Checkpost 105),10.826611,77.057024,252,15.4,87.53,Green,Rain,0,High
2026-09-20 08:51:00,CBE-PIN-2483,SECE Academic Block (Bypass 106),10.828067,77.059384,36,48.77,13.39,Red,Cloudy,0,Low
2026-09-20 11:57:00,CBE-PIN-2484,SECE Academic Block (Bypass 107),10.830634,77.057528,164,14.62,84.08,Green,Clear,0,High
2026-09-20 10:14:00,CBE-PIN-2485,SECE Academic Block (Approach 108),10.827904,77.059473,67,48.15,34.0,Red,Cloudy,0,Low
2026-09-20 18:23:00,CBE-PIN-2486,SECE Academic Block (Junction 109),10.824592,77.059557,251,12.09,82.24,Red,Clear,0,High
2026-09-20 19:04:00,CBE-PIN-2487,SECE Academic Block (Bypass 110),10.833661,77.05256,123,39.11,55.03,Yellow,Cloudy,0,Medium
2026-09-20 13:58:00,CBE-PIN-2488,SECE Academic Block (Link Road 111),10.831898,77.064333,220,32.4,70.4,Green,Clear,0,Medium
2026-09-20 14:05:00,CBE-PIN-2489,SECE Academic Block (Junction 112),10.829187,77.061362,59,55.68,20.78,Green,Clear,0,Low
2026-09-20 14:21:00,CBE-PIN-2490,SECE Academic Block (Checkpost 113),10.828243,77.058435,236,21.85,82.15,Green,Rain,0,High
2026-09-20 15:00:00,CBE-PIN-2491,SECE Academic Block (Bypass 114),10.830716,77.060242,25,63.98,12.25,Red,Cloudy,0,Low
2026-09-20 09:36:00,CBE-PIN-2492,Kondampatti Village Bus Stop (Approach 1),10.830866,77.054302,112,25.54,53.78,Red,Clear,0,Medium
2026-09-20 19:09:00,CBE-PIN-2493,Kondampatti Village Bus Stop (Bypass 2),10.834197,77.050822,205,12.72,90.03,Yellow,Cloudy,0,High
2026-09-20 16:38:00,CBE-PIN-2494,Kondampatti Village Bus Stop (Link Road 3),10.830836,77.046183,241,17.24,75.69,Red,Rain,0,High
2026-09-20 16:31:00,CBE-PIN-2495,Kondampatti Village Bus Stop (Bypass 4),10.831294,77.05374,169,15.78,93.04,Green,Clear,0,High
2026-09-20 09:31:00,CBE-PIN-2496,Kondampatti Village Bus Stop (Checkpost 5),10.830313,77.055851,160,32.96,57.51,Green,Clear,0,Medium
2026-09-20 18:48:00,CBE-PIN-2497,Kondampatti Village Bus Stop (Crossway 6),10.830409,77.054517,77,66.1,28.51,Red,Clear,0,Low
2026-09-20 16:03:00,CBE-PIN-2498,Kondampatti Village Bus Stop (Checkpost 7),10.834158,77.052523,265,16.73,92.78,Red,Clear,0,High
2026-09-20 08:43:00,CBE-PIN-2499,Kondampatti Village Bus Stop (Checkpost 8),10.823099,77.050931,99,63.06,38.53,Red,Clear,0,Low
2026-09-20 11:29:00,CBE-PIN-2500,Kondampatti Village Bus Stop (Bypass 9),10.82916,77.055563,75,65.72,27.44,Red,Clear,0,Low
2026-09-20 12:15:00,CBE-PIN-2501,Kondampatti Village Bus Stop (Checkpost 10),10.829376,77.055079,60,68.98,30.28,Red,Clear,0,Low
2026-09-20 16:03:00,CBE-PIN-2502,Kondampatti Village Bus Stop (Approach 11),10.831161,77.05474,144,14.03,77.35,Yellow,Breezy,0,High
2026-09-20 18:10:00,CBE-PIN-2503,Kondampatti Village Bus Stop (Bypass 12),10.831231,77.053929,115,61.41,37.01,Green,Rain,0,Low
2026-09-20 09:03:00,CBE-PIN-2504,Kondampatti Village Bus Stop (Checkpost 13),10.817811,77.064279,242,14.54,76.87,Green,Cloudy,0,High
2026-09-20 14:50:00,CBE-PIN-2505,Kondampatti Village Bus Stop (Junction 14),10.830879,77.054316,38,67.78,16.37,Green,Clear,0,Low
2026-09-20 14:56:00,CBE-PIN-2506,Kondampatti Village Bus Stop (Checkpost 15),10.823217,77.054671,208,31.76,70.22,Red,Clear,0,Medium
2026-09-20 12:28:00,CBE-PIN-2507,Kondampatti Village Bus Stop (Junction 16),10.830156,77.053237,194,18.67,87.07,Red,Clear,0,High
2026-09-20 08:06:00,CBE-PIN-2508,Kondampatti Village Bus Stop (Junction 17),10.830911,77.054258,252,15.75,93.53,Yellow,Cloudy,0,High
2026-09-20 08:42:00,CBE-PIN-2509,Kondampatti Village Bus Stop (Bypass 18),10.827729,77.064362,236,15.46,93.88,Yellow,Clear,0,High
2026-09-20 09:22:00,CBE-PIN-2510,Kondampatti Village Bus Stop (Junction 19),10.82973,77.054762,60,53.07,24.21,Green,Clear,0,Low
2026-09-20 12:54:00,CBE-PIN-2511,Kondampatti Village Bus Stop (Junction 20),10.835173,77.057782,146,12.37,78.9,Green,Clear,0,High
2026-09-20 19:30:00,CBE-PIN-2512,Kondampatti Village Bus Stop (Checkpost 21),10.829897,77.057004,23,53.95,11.41,Green,Cloudy,0,Low
2026-09-20 17:47:00,CBE-PIN-2513,Kondampatti Village Bus Stop (Junction 22),10.830499,77.053694,217,13.32,83.04,Red,Cloudy,0,High
2026-09-20 15:33:00,CBE-PIN-2514,Kondampatti Village Bus Stop (Checkpost 23),10.828589,77.057411,144,29.36,53.57,Green,Cloudy,0,Medium
2026-09-20 11:10:00,CBE-PIN-2515,Kondampatti Village Bus Stop (Crossway 24),10.827551,77.053617,23,57.4,11.92,Red,Breezy,0,Low
2026-09-20 18:05:00,CBE-PIN-2516,Kondampatti Village Bus Stop (Junction 25),10.83085,77.062969,79,61.08,25.09,Red,Rain,0,Low
2026-09-20 12:33:00,CBE-PIN-2517,Kondampatti Village Bus Stop (Checkpost 26),10.833016,77.057665,27,46.48,11.8,Green,Rain,0,Low
2026-09-20 15:18:00,CBE-PIN-2518,Kondampatti Village Bus Stop (Link Road 27),10.826138,77.051134,106,26.38,54.75,Green,Clear,0,Medium
2026-09-20 18:37:00,CBE-PIN-2519,Kondampatti Village Bus Stop (Crossway 28),10.830939,77.055094,60,59.97,22.75,Green,Cloudy,0,Low
2026-09-20 10:20:00,CBE-PIN-2520,Kondampatti Village Bus Stop (Checkpost 29),10.833833,77.054783,69,46.45,21.75,Red,Rain,0,Low
2026-09-20 08:45:00,CBE-PIN-2521,Kondampatti Village Bus Stop (Approach 30),10.837208,77.057057,54,58.27,24.91,Red,Cloudy,0,Low
2026-09-20 08:34:00,CBE-PIN-2522,Kondampatti Village Bus Stop (Junction 31),10.824111,77.055192,102,70.86,35.51,Green,Clear,0,Low
2026-09-20 12:38:00,CBE-PIN-2523,Kondampatti Village Bus Stop (Checkpost 32),10.830599,77.054244,43,57.85,20.54,Green,Cloudy,0,Low
2026-09-20 16:15:00,CBE-PIN-2524,Kondampatti Village Bus Stop (Bypass 33),10.83073,77.055021,138,39.34,72.83,Green,Cloudy,0,Medium
2026-09-20 10:41:00,CBE-PIN-2525,Kondampatti Village Bus Stop (Bypass 34),10.829366,77.060286,45,71.24,17.39,Yellow,Clear,0,Low
2026-09-20 17:20:00,CBE-PIN-2526,Kondampatti Village Bus Stop (Bypass 35),10.829421,77.054838,171,17.22,82.04,Yellow,Clear,1,High
2026-09-20 15:57:00,CBE-PIN-2527,Kondampatti Village Bus Stop (Checkpost 36),10.823203,77.055055,201,21.31,84.47,Green,Clear,0,High
2026-09-20 13:09:00,CBE-PIN-2528,Kondampatti Village Bus Stop (Crossway 37),10.831568,77.055608,184,15.59,79.84,Green,Cloudy,0,High
2026-09-20 16:53:00,CBE-PIN-2529,Kondampatti Village Bus Stop (Link Road 38),10.829427,77.053328,95,64.98,31.73,Green,Clear,0,Low
2026-09-20 08:09:00,CBE-PIN-2530,Kondampatti Village Bus Stop (Junction 39),10.82965,77.051484,56,53.4,26.69,Green,Clear,0,Low
2026-09-20 16:59:00,CBE-PIN-2531,Kondampatti Village Bus Stop (Link Road 40),10.830835,77.052992,76,46.58,25.27,Red,Clear,0,Low
2026-09-20 16:35:00,CBE-PIN-2532,Kondampatti Village Bus Stop (Approach 41),10.83173,77.052644,272,19.33,87.52,Yellow,Clear,0,High
2026-09-20 13:51:00,CBE-PIN-2533,Kondampatti Village Bus Stop (Link Road 42),10.837014,77.057957,166,14.04,80.9,Red,Clear,0,High
2026-09-20 08:00:00,CBE-PIN-2534,Kondampatti Village Bus Stop (Link Road 43),10.828456,77.056196,32,56.26,12.01,Red,Clear,0,Low
2026-09-20 09:53:00,CBE-PIN-2535,Kondampatti Village Bus Stop (Crossway 44),10.830192,77.056982,174,17.51,77.41,Green,Clear,0,High
2026-09-20 14:30:00,CBE-PIN-2536,Kondampatti Village Bus Stop (Checkpost 45),10.831003,77.058197,231,17.09,89.15,Red,Clear,0,High
2026-09-20 19:33:00,CBE-PIN-2537,Kondampatti Village Bus Stop (Crossway 46),10.830906,77.055231,236,17.36,87.22,Green,Clear,0,High
2026-09-20 09:51:00,CBE-PIN-2538,Kondampatti Village Bus Stop (Checkpost 47),10.832949,77.050795,144,29.06,47.56,Green,Breezy,0,Medium
2026-09-20 08:20:00,CBE-PIN-2539,Kondampatti Village Bus Stop (Crossway 48),10.827448,77.054068,124,32.79,41.31,Red,Clear,0,Medium
2026-09-20 13:38:00,CBE-PIN-2540,Kondampatti Village Bus Stop (Bypass 49),10.834836,77.058645,67,52.29,25.56,Red,Clear,0,Low
2026-09-20 18:56:00,CBE-PIN-2541,Kondampatti Village Bus Stop (Crossway 50),10.823965,77.054226,48,67.9,17.26,Red,Rain,0,Low
2026-09-20 09:25:00,CBE-PIN-2542,Kondampatti Village Bus Stop (Crossway 51),10.833616,77.052013,36,55.39,14.22,Green,Clear,0,Low
2026-09-20 18:42:00,CBE-PIN-2543,Kondampatti Village Bus Stop (Bypass 52),10.824727,77.052479,199,15.16,93.66,Red,Clear,0,High
2026-09-20 08:15:00,CBE-PIN-2544,Kondampatti Village Bus Stop (Crossway 53),10.831102,77.050642,275,12.51,89.34,Yellow,Clear,0,High
2026-09-20 14:59:00,CBE-PIN-2545,Kondampatti Village Bus Stop (Link Road 54),10.830785,77.051551,206,18.71,95.12,Red,Cloudy,0,High
2026-09-20 17:27:00,CBE-PIN-2546,Kondampatti Village Bus Stop (Crossway 55),10.835163,77.05519,74,62.51,36.25,Green,Cloudy,0,Low
2026-09-20 17:40:00,CBE-PIN-2547,Kondampatti Village Bus Stop (Crossway 56),10.83309,77.055981,243,14.71,88.56,Green,Rain,0,High
2026-09-20 13:10:00,CBE-PIN-2548,Kondampatti Village Bus Stop (Link Road 57),10.827564,77.046855,211,12.86,76.16,Red,Breezy,0,High
2026-09-20 12:11:00,CBE-PIN-2549,Kondampatti Village Bus Stop (Crossway 58),10.832449,77.058111,166,16.69,88.91,Green,Clear,0,High
2026-09-20 13:57:00,CBE-PIN-2550,Kondampatti Village Bus Stop (Link Road 59),10.830963,77.05442,104,42.18,45.13,Green,Clear,0,Medium
2026-09-20 15:34:00,CBE-PIN-2551,Kondampatti Village Bus Stop (Bypass 60),10.832896,77.059628,60,64.09,24.14,Red,Clear,0,Low
2026-09-20 17:12:00,CBE-PIN-2552,Kondampatti Village Bus Stop (Approach 61),10.830285,77.052939,193,14.78,78.79,Red,Clear,0,High
2026-09-20 08:55:00,CBE-PIN-2553,Kondampatti Village Bus Stop (Link Road 62),10.83163,77.054989,148,20.07,77.84,Green,Clear,0,High
2026-09-20 13:41:00,CBE-PIN-2554,Kondampatti Village Bus Stop (Link Road 63),10.830396,77.054357,111,70.85,34.84,Yellow,Cloudy,0,Low
2026-09-20 18:50:00,CBE-PIN-2555,Kondampatti Village Bus Stop (Checkpost 64),10.833948,77.059321,147,17.26,77.69,Yellow,Clear,0,High
2026-09-20 12:24:00,CBE-PIN-2556,Kondampatti Village Bus Stop (Checkpost 65),10.829869,77.054526,71,56.86,35.06,Yellow,Clear,0,Low
2026-09-20 09:42:00,CBE-PIN-2557,Kondampatti Village Bus Stop (Approach 66),10.832465,77.055634,140,28.69,61.83,Red,Breezy,0,Medium
2026-09-20 16:25:00,CBE-PIN-2558,Kondampatti Village Bus Stop (Checkpost 67),10.839344,77.053516,227,19.71,77.32,Green,Clear,1,High
2026-09-20 10:45:00,CBE-PIN-2559,Kondampatti Village Bus Stop (Junction 68),10.835232,77.053818,171,38.68,73.98,Red,Cloudy,0,Medium
2026-09-20 19:34:00,CBE-PIN-2560,Kondampatti Village Bus Stop (Crossway 69),10.827915,77.052239,178,39.6,56.66,Green,Clear,0,Medium
2026-09-20 16:18:00,CBE-PIN-2561,Kondampatti Village Bus Stop (Bypass 70),10.829064,77.05857,169,26.64,56.16,Red,Cloudy,0,Medium
2026-09-20 19:37:00,CBE-PIN-2562,Kondampatti Village Bus Stop (Link Road 71),10.817876,77.072298,148,40.91,67.37,Green,Rain,0,Medium
2026-09-20 15:02:00,CBE-PIN-2563,Kondampatti Village Bus Stop (Crossway 72),10.831295,77.054529,246,19.75,85.79,Green,Cloudy,1,High
2026-09-20 10:37:00,CBE-PIN-2564,Kondampatti Village Bus Stop (Crossway 73),10.831673,77.054546,70,54.39,33.87,Green,Cloudy,0,Low
2026-09-20 17:44:00,CBE-PIN-2565,Kondampatti Village Bus Stop (Crossway 74),10.829226,77.052363,115,28.03,56.6,Green,Clear,0,Medium
2026-09-20 08:30:00,CBE-PIN-2566,Kondampatti Village Bus Stop (Bypass 75),10.837865,77.060829,175,20.78,80.94,Green,Clear,0,High
2026-09-20 17:49:00,CBE-PIN-2567,Kondampatti Village Bus Stop (Checkpost 76),10.82974,77.052923,69,58.09,38.12,Green,Clear,0,Low
2026-09-20 16:02:00,CBE-PIN-2568,Kondampatti Village Bus Stop (Junction 77),10.828603,77.055532,123,56.11,38.95,Green,Breezy,0,Low
2026-09-20 19:18:00,CBE-PIN-2569,Kondampatti Village Bus Stop (Crossway 78),10.838691,77.053761,208,40.48,71.01,Red,Cloudy,0,Medium
2026-09-20 13:53:00,CBE-PIN-2570,Kondampatti Village Bus Stop (Junction 79),10.831248,77.053264,229,17.17,79.13,Red,Cloudy,0,High
2026-09-20 09:02:00,CBE-PIN-2571,Kondampatti Village Bus Stop (Approach 80),10.832024,77.050904,59,67.64,26.64,Red,Clear,0,Low
2026-09-20 19:03:00,CBE-PIN-2572,Kondampatti Village Bus Stop (Checkpost 81),10.830217,77.053697,234,12.01,87.77,Red,Cloudy,0,High
2026-09-20 17:17:00,CBE-PIN-2573,Kondampatti Village Bus Stop (Crossway 82),10.830485,77.054856,234,18.15,82.88,Yellow,Clear,0,High
2026-09-20 11:21:00,CBE-PIN-2574,Kondampatti Village Bus Stop (Bypass 83),10.818193,77.055894,147,37.61,53.35,Red,Rain,0,Medium
2026-09-20 15:32:00,CBE-PIN-2575,Kondampatti Village Bus Stop (Approach 84),10.832372,77.053976,57,54.28,28.35,Green,Breezy,0,Low
2026-09-20 15:44:00,CBE-PIN-2576,Kondampatti Village Bus Stop (Bypass 85),10.829753,77.055944,173,31.06,58.45,Red,Clear,0,Medium
2026-09-20 11:42:00,CBE-PIN-2577,Kondampatti Village Bus Stop (Link Road 86),10.831434,77.059248,67,66.35,31.64,Green,Clear,0,Low
2026-09-20 17:04:00,CBE-PIN-2578,Kondampatti Village Bus Stop (Approach 87),10.830512,77.053811,28,58.69,11.67,Red,Rain,0,Low
2026-09-20 19:14:00,CBE-PIN-2579,Kondampatti Village Bus Stop (Bypass 88),10.830916,77.054263,92,31.46,51.5,Green,Clear,0,Medium
2026-09-20 08:37:00,CBE-PIN-2580,Kondampatti Village Bus Stop (Checkpost 89),10.831794,77.052799,75,51.92,28.04,Green,Clear,0,Low
2026-09-20 12:11:00,CBE-PIN-2581,Kondampatti Village Bus Stop (Bypass 90),10.827184,77.05776,42,70.1,21.55,Red,Clear,0,Low
2026-09-20 17:00:00,CBE-PIN-2582,Kondampatti Village Bus Stop (Link Road 91),10.830931,77.054289,27,57.73,10.12,Green,Clear,0,Low
2026-09-20 17:46:00,CBE-PIN-2583,Kondampatti Village Bus Stop (Approach 92),10.830766,77.054331,86,67.89,30.89,Green,Cloudy,0,Low
2026-09-20 10:55:00,CBE-PIN-2584,Kondampatti Village Bus Stop (Crossway 93),10.830205,77.051328,82,67.56,30.79,Green,Clear,0,Low
2026-09-20 10:52:00,CBE-PIN-2585,Kondampatti Village Bus Stop (Link Road 94),10.83068,77.054815,46,53.43,16.76,Green,Clear,0,Low
2026-09-20 18:39:00,CBE-PIN-2586,Kondampatti Village Bus Stop (Checkpost 95),10.834646,77.059664,179,21.32,80.26,Green,Clear,0,High
2026-09-20 14:16:00,CBE-PIN-2587,Kondampatti Village Bus Stop (Junction 96),10.823875,77.051696,208,18.92,90.81,Red,Clear,0,High
2026-09-20 10:11:00,CBE-PIN-2588,Kondampatti Village Bus Stop (Bypass 97),10.830579,77.053536,81,70.31,26.39,Yellow,Cloudy,0,Low
2026-09-20 19:30:00,CBE-PIN-2589,Kondampatti Village Bus Stop (Approach 98),10.838094,77.056213,204,20.68,83.23,Green,Clear,0,High
2026-09-20 09:06:00,CBE-PIN-2590,Kondampatti Village Bus Stop (Junction 99),10.827289,77.052317,35,46.9,19.45,Red,Breezy,0,Low
2026-09-20 13:44:00,CBE-PIN-2591,Kondampatti Village Bus Stop (Junction 100),10.833284,77.054227,110,50.33,35.94,Green,Clear,0,Low
2026-09-20 11:12:00,CBE-PIN-2592,Kondampatti Village Bus Stop (Approach 101),10.831103,77.052675,97,66.52,31.77,Green,Breezy,0,Low
2026-09-20 13:47:00,CBE-PIN-2593,Kondampatti Village Bus Stop (Bypass 102),10.830654,77.054212,48,59.69,15.34,Red,Rain,0,Low
2026-09-20 10:16:00,CBE-PIN-2594,Kondampatti Village Bus Stop (Bypass 103),10.830256,77.053806,59,64.79,30.95,Red,Cloudy,0,Low
2026-09-20 13:50:00,CBE-PIN-2595,Kondampatti Village Bus Stop (Crossway 104),10.82998,77.05209,153,17.53,83.56,Red,Cloudy,0,High
2026-09-20 18:04:00,CBE-PIN-2596,Kondampatti Village Bus Stop (Junction 105),10.837917,77.045431,79,55.47,37.22,Green,Cloudy,0,Low
2026-09-20 19:07:00,CBE-PIN-2597,Kondampatti Village Bus Stop (Junction 106),10.832528,77.047446,205,15.56,88.43,Yellow,Cloudy,1,High
2026-09-20 14:51:00,CBE-PIN-2598,Kondampatti Village Bus Stop (Junction 107),10.830892,77.054306,96,55.46,34.59,Green,Clear,0,Low
2026-09-20 14:28:00,CBE-PIN-2599,Kondampatti Village Bus Stop (Checkpost 108),10.830591,77.054291,40,69.69,12.7,Red,Clear,0,Low
2026-09-20 08:21:00,CBE-PIN-2600,Kondampatti Village Bus Stop (Junction 109),10.829876,77.051311,44,63.31,20.77,Red,Rain,0,Low
2026-09-20 08:16:00,CBE-PIN-2601,Kondampatti Village Bus Stop (Bypass 110),10.826898,77.057459,91,57.11,32.45,Green,Clear,0,Low
2026-09-20 14:33:00,CBE-PIN-2602,Kondampatti Village Bus Stop (Bypass 111),10.831282,77.055539,76,50.85,36.94,Green,Clear,0,Low
2026-09-20 13:31:00,CBE-PIN-2603,Kondampatti Village Bus Stop (Link Road 112),10.830565,77.049693,229,20.95,84.32,Green,Breezy,0,High
2026-09-20 14:59:00,CBE-PIN-2604,Kondampatti Village Bus Stop (Approach 113),10.830992,77.044339,122,28.33,58.73,Red,Clear,0,Medium
2026-09-20 18:41:00,CBE-PIN-2605,Kondampatti Village Bus Stop (Link Road 114),10.830997,77.054393,67,61.87,30.54,Red,Cloudy,0,Low
2026-09-20 12:15:00,CBE-PIN-2606,Kondampatti Mariamman Temple Ground (Junction 1),10.834152,77.049789,199,15.41,95.3,Green,Cloudy,0,High
2026-09-20 10:48:00,CBE-PIN-2607,Kondampatti Mariamman Temple Ground (Crossway 2),10.829932,77.050121,94,60.65,31.34,Red,Clear,0,Low
2026-09-20 16:20:00,CBE-PIN-2608,Kondampatti Mariamman Temple Ground (Link Road 3),10.827434,77.052582,54,57.32,22.41,Red,Cloudy,0,Low
2026-09-20 08:36:00,CBE-PIN-2609,Kondampatti Mariamman Temple Ground (Link Road 4),10.825829,77.049184,61,48.82,22.42,Yellow,Clear,0,Low
2026-09-20 15:04:00,CBE-PIN-2610,Kondampatti Mariamman Temple Ground (Bypass 5),10.834378,77.054275,200,20.34,90.8,Red,Clear,0,High
2026-09-20 10:12:00,CBE-PIN-2611,Kondampatti Mariamman Temple Ground (Approach 6),10.836881,77.051638,40,51.08,14.16,Red,Clear,0,Low
2026-09-20 10:52:00,CBE-PIN-2612,Kondampatti Mariamman Temple Ground (Approach 7),10.831367,77.052793,33,71.56,17.1,Yellow,Clear,0,Low
2026-09-20 17:30:00,CBE-PIN-2613,Kondampatti Mariamman Temple Ground (Junction 8),10.828495,77.056669,29,60.15,10.93,Green,Cloudy,0,Low
2026-09-20 12:25:00,CBE-PIN-2614,Kondampatti Mariamman Temple Ground (Crossway 9),10.83343,77.059469,34,67.14,18.85,Red,Clear,0,Low
2026-09-20 17:12:00,CBE-PIN-2615,Kondampatti Mariamman Temple Ground (Link Road 10),10.830977,77.053466,70,58.07,27.32,Green,Clear,0,Low
2026-09-20 08:53:00,CBE-PIN-2616,Kondampatti Mariamman Temple Ground (Approach 11),10.831053,77.057483,151,36.32,60.57,Green,Clear,0,Medium
2026-09-20 14:10:00,CBE-PIN-2617,Kondampatti Mariamman Temple Ground (Link Road 12),10.840267,77.058118,33,70.4,13.11,Red,Rain,0,Low
2026-09-20 08:33:00,CBE-PIN-2618,Kondampatti Mariamman Temple Ground (Bypass 13),10.831843,77.053672,82,46.01,35.59,Green,Clear,0,Low
2026-09-20 09:23:00,CBE-PIN-2619,Kondampatti Mariamman Temple Ground (Approach 14),10.83129,77.053949,95,47.85,36.74,Red,Clear,0,Low
2026-09-20 13:41:00,CBE-PIN-2620,Kondampatti Mariamman Temple Ground (Crossway 15),10.830911,77.054199,67,55.97,23.77,Red,Cloudy,0,Low
2026-09-20 10:36:00,CBE-PIN-2621,Kondampatti Mariamman Temple Ground (Link Road 16),10.829872,77.054589,79,69.86,29.34,Red,Clear,0,Low
2026-09-20 16:13:00,CBE-PIN-2622,Kondampatti Mariamman Temple Ground (Approach 17),10.831612,77.053877,56,67.47,19.08,Green,Clear,0,Low
2026-09-20 19:49:00,CBE-PIN-2623,Kondampatti Mariamman Temple Ground (Checkpost 18),10.831454,77.054233,217,13.07,81.14,Green,Clear,0,High
2026-09-20 08:23:00,CBE-PIN-2624,Kondampatti Mariamman Temple Ground (Approach 19),10.830542,77.053484,32,48.51,16.57,Red,Rain,0,Low
2026-09-20 12:42:00,CBE-PIN-2625,Kondampatti Mariamman Temple Ground (Bypass 20),10.822251,77.049984,63,48.93,28.21,Green,Cloudy,0,Low
2026-09-20 09:35:00,CBE-PIN-2626,Kondampatti Mariamman Temple Ground (Crossway 21),10.830939,77.054671,38,60.26,18.27,Red,Rain,0,Low
2026-09-20 08:30:00,CBE-PIN-2627,Kondampatti Mariamman Temple Ground (Checkpost 22),10.831861,77.053462,224,16.94,80.8,Green,Clear,0,High
2026-09-20 18:51:00,CBE-PIN-2628,Kondampatti Mariamman Temple Ground (Approach 23),10.832097,77.054961,56,65.04,19.99,Green,Cloudy,0,Low
2026-09-20 15:23:00,CBE-PIN-2629,Kondampatti Mariamman Temple Ground (Checkpost 24),10.825244,77.059531,103,28.31,52.38,Green,Cloudy,0,Medium
2026-09-20 15:48:00,CBE-PIN-2630,Kondampatti Mariamman Temple Ground (Crossway 25),10.83269,77.050944,45,50.73,14.92,Green,Rain,0,Low
2026-09-20 12:59:00,CBE-PIN-2631,Kondampatti Mariamman Temple Ground (Crossway 26),10.830173,77.055692,30,47.76,16.3,Green,Clear,0,Low
2026-09-20 14:15:00,CBE-PIN-2632,Kondampatti Mariamman Temple Ground (Bypass 27),10.830588,77.048683,156,16.44,78.71,Red,Clear,0,High
2026-09-20 08:39:00,CBE-PIN-2633,Kondampatti Mariamman Temple Ground (Approach 28),10.825698,77.071679,138,43.67,53.34,Red,Clear,0,Medium
2026-09-20 10:19:00,CBE-PIN-2634,Kondampatti Mariamman Temple Ground (Checkpost 29),10.8343,77.045161,49,54.89,19.45,Yellow,Clear,0,Low
2026-09-20 15:28:00,CBE-PIN-2635,Kondampatti Mariamman Temple Ground (Link Road 30),10.832038,77.053447,175,12.73,79.69,Red,Clear,1,High
2026-09-20 11:58:00,CBE-PIN-2636,Kondampatti Mariamman Temple Ground (Crossway 31),10.829615,77.053877,232,13.63,82.2,Green,Clear,0,High
2026-09-20 16:49:00,CBE-PIN-2637,Kondampatti Mariamman Temple Ground (Bypass 32),10.831082,77.054004,37,55.92,14.0,Yellow,Breezy,0,Low
2026-09-20 18:30:00,CBE-PIN-2638,Kondampatti Mariamman Temple Ground (Bypass 33),10.831625,77.053956,31,52.42,17.07,Red,Breezy,0,Low
2026-09-20 12:52:00,CBE-PIN-2639,Kondampatti Mariamman Temple Ground (Crossway 34),10.830298,77.053094,170,16.44,77.22,Yellow,Cloudy,0,High
2026-09-20 10:52:00,CBE-PIN-2640,Kondampatti Mariamman Temple Ground (Link Road 35),10.830332,77.053418,93,44.64,41.42,Green,Breezy,0,Medium
2026-09-20 08:15:00,CBE-PIN-2641,Kondampatti Mariamman Temple Ground (Crossway 36),10.833302,77.054092,206,15.71,78.63,Red,Rain,0,High
2026-09-20 14:35:00,CBE-PIN-2642,Kondampatti Mariamman Temple Ground (Crossway 37),10.831337,77.056561,187,18.79,85.32,Red,Rain,0,High
2026-09-20 14:25:00,CBE-PIN-2643,Kondampatti Mariamman Temple Ground (Junction 38),10.83179,77.053697,197,12.81,95.59,Red,Cloudy,0,High
2026-09-20 16:47:00,CBE-PIN-2644,Kondampatti Mariamman Temple Ground (Bypass 39),10.826707,77.055592,141,30.53,60.4,Red,Clear,0,Medium
2026-09-20 18:56:00,CBE-PIN-2645,Kondampatti Mariamman Temple Ground (Checkpost 40),10.824278,77.058862,96,30.78,42.24,Red,Cloudy,0,Medium
2026-09-20 14:37:00,CBE-PIN-2646,Kondampatti Mariamman Temple Ground (Link Road 41),10.836107,77.052512,31,53.94,16.4,Green,Cloudy,0,Low
2026-09-20 19:28:00,CBE-PIN-2647,Kondampatti Mariamman Temple Ground (Link Road 42),10.836031,77.044586,156,18.31,86.94,Yellow,Cloudy,0,High
2026-09-20 17:54:00,CBE-PIN-2648,Kondampatti Mariamman Temple Ground (Checkpost 43),10.844129,77.056151,209,16.73,76.28,Red,Clear,0,High
2026-09-20 17:37:00,CBE-PIN-2649,Kondampatti Mariamman Temple Ground (Junction 44),10.829706,77.054293,228,20.33,88.06,Red,Cloudy,0,High
2026-09-20 11:58:00,CBE-PIN-2650,Kondampatti Mariamman Temple Ground (Bypass 45),10.829339,77.050708,49,50.25,17.42,Green,Clear,0,Low
2026-09-20 12:14:00,CBE-PIN-2651,Kondampatti Mariamman Temple Ground (Bypass 46),10.827218,77.057727,39,56.15,13.18,Red,Rain,0,Low
2026-09-20 11:27:00,CBE-PIN-2652,Kondampatti Mariamman Temple Ground (Junction 47),10.825774,77.046937,260,17.67,91.05,Green,Clear,0,High
2026-09-20 17:04:00,CBE-PIN-2653,Kondampatti Mariamman Temple Ground (Junction 48),10.831613,77.052275,33,57.3,10.71,Yellow,Clear,0,Low
2026-09-20 19:58:00,CBE-PIN-2654,Kondampatti Mariamman Temple Ground (Link Road 49),10.828271,77.052537,53,52.68,27.73,Green,Clear,0,Low
2026-09-20 14:59:00,CBE-PIN-2655,Kondampatti Mariamman Temple Ground (Approach 50),10.832618,77.052777,43,62.7,22.02,Red,Rain,0,Low
2026-09-20 10:39:00,CBE-PIN-2656,Kondampatti Mariamman Temple Ground (Bypass 51),10.843482,77.043996,123,27.02,56.4,Green,Cloudy,0,Medium
2026-09-20 10:27:00,CBE-PIN-2657,Kondampatti Mariamman Temple Ground (Link Road 52),10.830858,77.052175,72,71.47,24.32,Green,Clear,0,Low
2026-09-20 15:54:00,CBE-PIN-2658,Kondampatti Mariamman Temple Ground (Link Road 53),10.834127,77.054559,165,19.79,81.89,Red,Cloudy,0,High
2026-09-20 15:44:00,CBE-PIN-2659,Kondampatti Mariamman Temple Ground (Approach 54),10.831682,77.055232,75,67.46,35.63,Green,Rain,0,Low
2026-09-20 08:53:00,CBE-PIN-2660,Kondampatti Mariamman Temple Ground (Approach 55),10.831096,77.052948,77,59.17,25.32,Yellow,Rain,0,Low
2026-09-20 10:38:00,CBE-PIN-2661,Kondampatti Mariamman Temple Ground (Junction 56),10.831288,77.044482,49,47.48,15.97,Red,Clear,0,Low
2026-09-20 17:35:00,CBE-PIN-2662,Kondampatti Mariamman Temple Ground (Checkpost 57),10.830786,77.054023,66,71.08,23.88,Red,Clear,0,Low
2026-09-20 17:14:00,CBE-PIN-2663,Kondampatti Mariamman Temple Ground (Link Road 58),10.841403,77.045332,41,60.71,18.63,Red,Clear,0,Low
2026-09-20 17:13:00,CBE-PIN-2664,Kondampatti Mariamman Temple Ground (Link Road 59),10.831487,77.054572,82,61.64,27.65,Yellow,Clear,0,Low
2026-09-20 19:37:00,CBE-PIN-2665,Kondampatti Mariamman Temple Ground (Crossway 60),10.833521,77.053644,92,47.31,28.95,Red,Rain,0,Low
2026-09-20 19:55:00,CBE-PIN-2666,Kondampatti Mariamman Temple Ground (Checkpost 61),10.829634,77.052844,76,50.09,34.83,Red,Rain,0,Low
2026-09-20 12:29:00,CBE-PIN-2667,Kondampatti Mariamman Temple Ground (Crossway 62),10.83097,77.052602,91,63.45,28.72,Green,Clear,0,Low
2026-09-20 14:30:00,CBE-PIN-2668,Kondampatti Mariamman Temple Ground (Junction 63),10.835738,77.050755,42,49.87,20.11,Green,Clear,0,Low
2026-09-20 10:03:00,CBE-PIN-2669,Kondampatti Mariamman Temple Ground (Approach 64),10.831775,77.053792,64,53.53,29.99,Green,Clear,0,Low
2026-09-20 08:04:00,CBE-PIN-2670,Kondampatti Mariamman Temple Ground (Crossway 65),10.831609,77.05389,65,49.21,24.64,Green,Breezy,0,Low
2026-09-20 08:02:00,CBE-PIN-2671,Kondampatti Mariamman Temple Ground (Junction 66),10.83235,77.055592,140,44.01,48.24,Green,Clear,0,Medium
2026-09-20 12:51:00,CBE-PIN-2672,Kondampatti Mariamman Temple Ground (Junction 67),10.830395,77.052905,44,53.58,14.78,Green,Cloudy,0,Low
2026-09-20 08:14:00,CBE-PIN-2673,Kondampatti Mariamman Temple Ground (Approach 68),10.831635,77.053631,115,66.4,38.48,Red,Clear,0,Low
2026-09-20 17:11:00,CBE-PIN-2674,Kondampatti Mariamman Temple Ground (Link Road 69),10.830089,77.052799,58,65.04,20.48,Red,Cloudy,0,Low
2026-09-20 11:11:00,CBE-PIN-2675,Kondampatti Mariamman Temple Ground (Crossway 70),10.828768,77.050766,41,61.69,21.99,Green,Clear,0,Low
2026-09-20 14:17:00,CBE-PIN-2676,Kondampatti Mariamman Temple Ground (Crossway 71),10.832178,77.052475,45,70.24,17.88,Red,Cloudy,0,Low
2026-09-20 17:20:00,CBE-PIN-2677,Kondampatti Mariamman Temple Ground (Junction 72),10.830702,77.052895,62,67.01,23.45,Red,Clear,0,Low
2026-09-20 18:17:00,CBE-PIN-2678,Kondampatti Mariamman Temple Ground (Approach 73),10.832844,77.053947,284,20.13,92.74,Green,Clear,0,High
2026-09-20 08:34:00,CBE-PIN-2679,Kondampatti Mariamman Temple Ground (Checkpost 74),10.830455,77.052238,38,56.03,19.85,Green,Cloudy,0,Low
2026-09-20 09:33:00,CBE-PIN-2680,Kondampatti Mariamman Temple Ground (Crossway 75),10.826308,77.055829,42,68.0,19.08,Red,Clear,0,Low
2026-09-20 18:47:00,CBE-PIN-2681,Kondampatti Mariamman Temple Ground (Junction 76),10.831455,77.053801,36,66.71,15.57,Green,Clear,0,Low
2026-09-20 16:03:00,CBE-PIN-2682,Kondampatti Mariamman Temple Ground (Bypass 77),10.824901,77.056091,36,46.6,18.54,Green,Clear,0,Low
2026-09-20 19:58:00,CBE-PIN-2683,Kondampatti Mariamman Temple Ground (Bypass 78),10.829019,77.061094,33,55.61,14.85,Green,Clear,0,Low
2026-09-20 10:42:00,CBE-PIN-2684,Kondampatti Mariamman Temple Ground (Approach 79),10.82676,77.054824,201,12.13,83.77,Red,Clear,0,High
2026-09-20 08:29:00,CBE-PIN-2685,Kondampatti Mariamman Temple Ground (Bypass 80),10.833079,77.05288,154,26.05,66.97,Green,Cloudy,0,Medium
2026-09-20 17:55:00,CBE-PIN-2686,Kondampatti Mariamman Temple Ground (Link Road 81),10.833067,77.053251,36,56.24,15.21,Yellow,Clear,0,Low
2026-09-20 19:04:00,CBE-PIN-2687,Kondampatti Mariamman Temple Ground (Bypass 82),10.832171,77.054216,218,16.82,86.11,Green,Clear,0,High
2026-09-20 17:02:00,CBE-PIN-2688,Kondampatti Mariamman Temple Ground (Checkpost 83),10.832063,77.053224,219,18.72,82.25,Red,Clear,1,High
2026-09-20 17:57:00,CBE-PIN-2689,Kondampatti Mariamman Temple Ground (Checkpost 84),10.82953,77.054998,32,71.32,11.32,Yellow,Breezy,0,Low
2026-09-20 17:09:00,CBE-PIN-2690,Kondampatti Mariamman Temple Ground (Approach 85),10.824408,77.055917,35,52.21,15.78,Green,Clear,0,Low
2026-09-20 10:39:00,CBE-PIN-2691,Kondampatti Mariamman Temple Ground (Approach 86),10.830128,77.048703,108,56.46,38.04,Green,Cloudy,0,Low
2026-09-20 12:16:00,CBE-PIN-2692,Kondampatti Mariamman Temple Ground (Bypass 87),10.82965,77.053807,189,20.92,80.18,Green,Clear,0,High
2026-09-20 08:59:00,CBE-PIN-2693,Kondampatti Mariamman Temple Ground (Checkpost 88),10.832595,77.051984,78,59.88,37.24,Red,Cloudy,0,Low
2026-09-20 11:07:00,CBE-PIN-2694,Kondampatti Mariamman Temple Ground (Checkpost 89),10.833689,77.054845,27,54.5,13.72,Red,Clear,0,Low
2026-09-20 16:48:00,CBE-PIN-2695,Kondampatti Mariamman Temple Ground (Junction 90),10.832222,77.052265,83,59.06,30.84,Red,Clear,0,Low
2026-09-20 11:50:00,CBE-PIN-2696,Kondampatti Mariamman Temple Ground (Link Road 91),10.831906,77.054197,63,61.29,21.04,Green,Clear,0,Low
2026-09-20 14:29:00,CBE-PIN-2697,Kondampatti Mariamman Temple Ground (Junction 92),10.825637,77.052889,22,56.41,12.4,Green,Cloudy,0,Low
2026-09-20 13:48:00,CBE-PIN-2698,Kondampatti Mariamman Temple Ground (Bypass 93),10.824643,77.050128,47,70.09,20.27,Green,Cloudy,0,Low
2026-09-20 18:06:00,CBE-PIN-2699,Kondampatti Mariamman Temple Ground (Approach 94),10.833944,77.053274,21,53.86,10.9,Yellow,Clear,0,Low
2026-09-20 16:51:00,CBE-PIN-2700,Kondampatti Mariamman Temple Ground (Crossway 95),10.831259,77.054189,120,42.62,50.27,Red,Cloudy,0,Medium
2026-09-20 16:31:00,CBE-PIN-2701,Kondampatti Mariamman Temple Ground (Bypass 96),10.829366,77.056101,117,28.51,43.96,Yellow,Rain,0,Medium
2026-09-20 17:26:00,CBE-PIN-2702,Kondampatti Mariamman Temple Ground (Crossway 97),10.833429,77.051811,69,70.04,30.87,Red,Clear,0,Low
2026-09-20 13:13:00,CBE-PIN-2703,Kondampatti Mariamman Temple Ground (Bypass 98),10.821957,77.060117,100,60.38,37.31,Red,Rain,0,Low
2026-09-20 13:41:00,CBE-PIN-2704,Kondampatti Mariamman Temple Ground (Crossway 99),10.832478,77.055362,51,62.48,21.1,Green,Cloudy,0,Low
2026-09-20 11:59:00,CBE-PIN-2705,Kondampatti Mariamman Temple Ground (Approach 100),10.827965,77.052745,22,71.79,11.58,Green,Clear,0,Low
2026-09-20 14:34:00,CBE-PIN-2706,Kondampatti Mariamman Temple Ground (Bypass 101),10.835432,77.051556,213,16.03,75.05,Green,Clear,0,High
2026-09-20 14:55:00,CBE-PIN-2707,Kondampatti Mariamman Temple Ground (Checkpost 102),10.838359,77.049006,121,61.81,38.9,Red,Clear,0,Low
2026-09-20 11:59:00,CBE-PIN-2708,Kondampatti Mariamman Temple Ground (Checkpost 103),10.831605,77.054379,135,39.21,45.61,Red,Clear,0,Medium
2026-09-20 09:46:00,CBE-PIN-2709,Kondampatti Mariamman Temple Ground (Bypass 104),10.832047,77.057007,246,16.66,84.16,Green,Cloudy,0,High
2026-09-20 16:54:00,CBE-PIN-2710,Kondampatti Mariamman Temple Ground (Checkpost 105),10.828093,77.055231,243,13.8,88.17,Green,Cloudy,0,High
2026-09-20 15:01:00,CBE-PIN-2711,Kondampatti Mariamman Temple Ground (Approach 106),10.83211,77.056541,37,71.96,15.83,Green,Clear,0,Low
2026-09-20 17:56:00,CBE-PIN-2712,Kondampatti Mariamman Temple Ground (Crossway 107),10.831431,77.055325,193,17.72,89.65,Red,Clear,0,High
2026-09-20 13:21:00,CBE-PIN-2713,Kondampatti Mariamman Temple Ground (Approach 108),10.82963,77.056381,214,18.48,93.12,Red,Clear,0,High
2026-09-20 18:02:00,CBE-PIN-2714,Kondampatti Mariamman Temple Ground (Approach 109),10.833303,77.053261,102,49.71,33.56,Red,Rain,0,Low
2026-09-20 12:31:00,CBE-PIN-2715,Kondampatti Mariamman Temple Ground (Approach 110),10.828149,77.054299,29,68.39,16.26,Red,Clear,0,Low
2026-09-20 14:00:00,CBE-PIN-2716,Kondampatti Mariamman Temple Ground (Bypass 111),10.823652,77.059846,48,59.3,26.39,Green,Clear,0,Low
2026-09-20 10:09:00,CBE-PIN-2717,Kondampatti Mariamman Temple Ground (Junction 112),10.835838,77.05944,40,51.96,14.57,Red,Cloudy,0,Low
2026-09-20 18:13:00,CBE-PIN-2718,Kondampatti Mariamman Temple Ground (Junction 113),10.830389,77.05312,63,65.47,27.82,Red,Clear,0,Low
2026-09-20 14:22:00,CBE-PIN-2719,Kondampatti Mariamman Temple Ground (Crossway 114),10.824123,77.059515,79,48.18,35.66,Green,Clear,0,Low
2026-09-20 16:39:00,CBE-PIN-2720,Kothavadi Lake Breeze View Point (Link Road 1),10.840826,77.048544,89,54.23,32.68,Green,Clear,0,Low
2026-09-20 15:17:00,CBE-PIN-2721,Kothavadi Lake Breeze View Point (Link Road 2),10.839277,77.049645,145,20.52,76.17,Green,Clear,0,High
2026-09-20 14:53:00,CBE-PIN-2722,Kothavadi Lake Breeze View Point (Link Road 3),10.846315,77.048662,60,65.28,19.52,Yellow,Clear,0,Low
2026-09-20 19:05:00,CBE-PIN-2723,Kothavadi Lake Breeze View Point (Crossway 4),10.842917,77.051027,62,67.99,20.34,Red,Clear,0,Low
2026-09-20 19:23:00,CBE-PIN-2724,Kothavadi Lake Breeze View Point (Crossway 5),10.843841,77.047059,47,59.14,20.94,Yellow,Cloudy,0,Low
2026-09-20 18:18:00,CBE-PIN-2725,Kothavadi Lake Breeze View Point (Crossway 6),10.843192,77.049903,95,51.22,33.01,Green,Clear,0,Low
2026-09-20 11:17:00,CBE-PIN-2726,Kothavadi Lake Breeze View Point (Link Road 7),10.843615,77.051749,76,48.89,33.05,Green,Clear,0,Low
2026-09-20 09:50:00,CBE-PIN-2727,Kothavadi Lake Breeze View Point (Checkpost 8),10.842517,77.049239,139,44.42,45.13,Red,Cloudy,0,Medium
2026-09-20 15:13:00,CBE-PIN-2728,Kothavadi Lake Breeze View Point (Link Road 9),10.837494,77.048191,144,35.07,48.18,Green,Cloudy,0,Medium
2026-09-20 10:59:00,CBE-PIN-2729,Kothavadi Lake Breeze View Point (Checkpost 10),10.840412,77.045562,64,56.0,28.8,Red,Rain,0,Low
2026-09-20 18:48:00,CBE-PIN-2730,Kothavadi Lake Breeze View Point (Checkpost 11),10.842854,77.049306,81,58.85,27.06,Green,Clear,0,Low
2026-09-20 12:25:00,CBE-PIN-2731,Kothavadi Lake Breeze View Point (Bypass 12),10.842968,77.049124,44,64.35,19.74,Green,Clear,0,Low
2026-09-20 12:18:00,CBE-PIN-2732,Kothavadi Lake Breeze View Point (Link Road 13),10.842892,77.049078,65,58.71,25.57,Green,Cloudy,0,Low
2026-09-20 08:53:00,CBE-PIN-2733,Kothavadi Lake Breeze View Point (Bypass 14),10.836898,77.048501,72,59.48,28.78,Green,Clear,0,Low
2026-09-20 12:25:00,CBE-PIN-2734,Kothavadi Lake Breeze View Point (Bypass 15),10.843809,77.051726,162,13.21,85.73,Green,Clear,0,High
2026-09-20 12:43:00,CBE-PIN-2735,Kothavadi Lake Breeze View Point (Crossway 16),10.841516,77.057062,33,68.65,16.21,Red,Clear,0,Low
2026-09-20 08:15:00,CBE-PIN-2736,Kothavadi Lake Breeze View Point (Checkpost 17),10.843095,77.049113,57,47.84,20.92,Red,Clear,0,Low
2026-09-20 14:16:00,CBE-PIN-2737,Kothavadi Lake Breeze View Point (Link Road 18),10.837439,77.054793,175,18.99,95.05,Green,Breezy,0,High
2026-09-20 17:20:00,CBE-PIN-2738,Kothavadi Lake Breeze View Point (Link Road 19),10.842654,77.051219,63,52.98,22.51,Red,Clear,0,Low
2026-09-20 18:39:00,CBE-PIN-2739,Kothavadi Lake Breeze View Point (Approach 20),10.842862,77.04911,162,35.9,67.44,Red,Clear,0,Medium
2026-09-20 15:32:00,CBE-PIN-2740,Kothavadi Lake Breeze View Point (Bypass 21),10.843035,77.051654,85,65.34,27.14,Green,Clear,0,Low
2026-09-20 11:31:00,CBE-PIN-2741,Kothavadi Lake Breeze View Point (Bypass 22),10.843077,77.050115,27,59.59,10.22,Red,Cloudy,0,Low
2026-09-20 17:21:00,CBE-PIN-2742,Kothavadi Lake Breeze View Point (Approach 23),10.836894,77.056508,31,53.42,14.55,Yellow,Clear,0,Low
2026-09-20 15:59:00,CBE-PIN-2743,Kothavadi Lake Breeze View Point (Link Road 24),10.84331,77.048997,27,60.85,10.92,Red,Rain,0,Low
2026-09-20 17:58:00,CBE-PIN-2744,Kothavadi Lake Breeze View Point (Junction 25),10.849986,77.052504,78,51.12,27.99,Yellow,Cloudy,0,Low
2026-09-20 14:40:00,CBE-PIN-2745,Kothavadi Lake Breeze View Point (Approach 26),10.843669,77.048909,136,25.33,67.05,Red,Cloudy,0,Medium
2026-09-20 15:34:00,CBE-PIN-2746,Kothavadi Lake Breeze View Point (Checkpost 27),10.844156,77.051031,129,29.44,69.77,Red,Clear,0,Medium
2026-09-20 11:58:00,CBE-PIN-2747,Kothavadi Lake Breeze View Point (Junction 28),10.842384,77.049294,181,20.7,94.73,Green,Clear,0,High
2026-09-20 19:38:00,CBE-PIN-2748,Kothavadi Lake Breeze View Point (Crossway 29),10.856291,77.046874,42,50.23,15.86,Green,Rain,0,Low
2026-09-20 08:31:00,CBE-PIN-2749,Kothavadi Lake Breeze View Point (Link Road 30),10.84286,77.045413,80,63.82,25.49,Red,Clear,0,Low
2026-09-20 12:29:00,CBE-PIN-2750,Kothavadi Lake Breeze View Point (Link Road 31),10.845021,77.050751,76,47.04,33.95,Green,Clear,0,Low
2026-09-20 13:57:00,CBE-PIN-2751,Kothavadi Lake Breeze View Point (Crossway 32),10.843301,77.049778,205,37.13,67.57,Green,Clear,0,Medium
2026-09-20 13:11:00,CBE-PIN-2752,Kothavadi Lake Breeze View Point (Junction 33),10.845116,77.050155,57,48.42,20.95,Green,Clear,0,Low
2026-09-20 08:30:00,CBE-PIN-2753,Kothavadi Lake Breeze View Point (Junction 34),10.846931,77.053644,53,69.12,23.03,Green,Rain,0,Low
2026-09-20 17:45:00,CBE-PIN-2754,Kothavadi Lake Breeze View Point (Checkpost 35),10.841098,77.040199,25,61.84,13.36,Green,Clear,0,Low
2026-09-20 14:09:00,CBE-PIN-2755,Kothavadi Lake Breeze View Point (Crossway 36),10.842982,77.04803,119,33.85,40.74,Green,Cloudy,0,Medium
2026-09-20 17:20:00,CBE-PIN-2756,Kothavadi Lake Breeze View Point (Checkpost 37),10.844281,77.051702,72,53.87,34.15,Green,Cloudy,0,Low
2026-09-20 19:47:00,CBE-PIN-2757,Kothavadi Lake Breeze View Point (Link Road 38),10.841597,77.041917,31,55.89,15.35,Red,Cloudy,0,Low
2026-09-20 13:51:00,CBE-PIN-2758,Kothavadi Lake Breeze View Point (Approach 39),10.843092,77.050374,70,50.18,36.98,Yellow,Clear,0,Low
2026-09-20 08:58:00,CBE-PIN-2759,Kothavadi Lake Breeze View Point (Approach 40),10.847163,77.047379,230,14.24,89.15,Green,Clear,0,High
2026-09-20 09:32:00,CBE-PIN-2760,Kothavadi Lake Breeze View Point (Bypass 41),10.847751,77.047937,59,55.2,26.08,Green,Cloudy,0,Low
2026-09-20 13:03:00,CBE-PIN-2761,Kothavadi Lake Breeze View Point (Checkpost 42),10.841869,77.048886,102,47.71,37.4,Green,Cloudy,0,Low
2026-09-20 15:45:00,CBE-PIN-2762,Kothavadi Lake Breeze View Point (Junction 43),10.845693,77.049482,110,47.16,37.73,Yellow,Clear,0,Low
2026-09-20 09:31:00,CBE-PIN-2763,Kothavadi Lake Breeze View Point (Link Road 44),10.841615,77.047283,23,49.59,11.12,Green,Clear,0,Low
2026-09-20 11:29:00,CBE-PIN-2764,Kothavadi Lake Breeze View Point (Link Road 45),10.842967,77.049238,223,12.91,82.41,Red,Clear,1,High
2026-09-20 10:13:00,CBE-PIN-2765,Kothavadi Lake Breeze View Point (Bypass 46),10.844141,77.049802,47,53.17,16.42,Yellow,Clear,0,Low
2026-09-20 13:43:00,CBE-PIN-2766,Kothavadi Lake Breeze View Point (Checkpost 47),10.842601,77.04895,89,56.66,33.44,Red,Cloudy,0,Low
2026-09-20 12:42:00,CBE-PIN-2767,Kothavadi Lake Breeze View Point (Checkpost 48),10.853708,77.048415,104,64.17,33.24,Green,Cloudy,0,Low
2026-09-20 18:13:00,CBE-PIN-2768,Kothavadi Lake Breeze View Point (Checkpost 49),10.838761,77.044196,42,65.06,16.79,Yellow,Clear,0,Low
2026-09-20 17:49:00,CBE-PIN-2769,Kothavadi Lake Breeze View Point (Approach 50),10.846406,77.049141,87,54.68,34.11,Green,Cloudy,0,Low
2026-09-20 09:40:00,CBE-PIN-2770,Kothavadi Lake Breeze View Point (Link Road 51),10.835782,77.044614,70,71.25,29.36,Green,Breezy,0,Low
2026-09-20 14:16:00,CBE-PIN-2771,Kothavadi Lake Breeze View Point (Checkpost 52),10.841714,77.050336,89,67.05,28.16,Green,Cloudy,0,Low
2026-09-20 19:28:00,CBE-PIN-2772,Kothavadi Lake Breeze View Point (Link Road 53),10.841862,77.049505,111,28.47,53.91,Red,Breezy,0,Medium
2026-09-20 18:33:00,CBE-PIN-2773,Kothavadi Lake Breeze View Point (Bypass 54),10.842788,77.047711,42,49.86,21.74,Green,Clear,0,Low
2026-09-20 16:29:00,CBE-PIN-2774,Kothavadi Lake Breeze View Point (Crossway 55),10.838983,77.047369,31,55.92,12.85,Green,Clear,0,Low
2026-09-20 17:02:00,CBE-PIN-2775,Kothavadi Lake Breeze View Point (Bypass 56),10.84551,77.044976,185,18.22,76.69,Red,Clear,0,High
2026-09-20 13:17:00,CBE-PIN-2776,Kothavadi Lake Breeze View Point (Link Road 57),10.843023,77.05016,207,20.41,78.58,Green,Clear,0,High
2026-09-20 16:44:00,CBE-PIN-2777,Kothavadi Lake Breeze View Point (Checkpost 58),10.838434,77.052686,30,64.28,12.7,Green,Clear,0,Low
2026-09-20 09:33:00,CBE-PIN-2778,Kothavadi Lake Breeze View Point (Link Road 59),10.843376,77.049117,45,54.13,16.54,Yellow,Clear,0,Low
2026-09-20 11:43:00,CBE-PIN-2779,Kothavadi Lake Breeze View Point (Link Road 60),10.843798,77.048588,40,48.51,19.72,Red,Clear,0,Low
2026-09-20 10:57:00,CBE-PIN-2780,Kothavadi Lake Breeze View Point (Crossway 61),10.841957,77.047959,50,67.74,24.47,Red,Cloudy,0,Low
2026-09-20 18:41:00,CBE-PIN-2781,Kothavadi Lake Breeze View Point (Checkpost 62),10.841824,77.048773,80,58.8,34.83,Red,Clear,0,Low
2026-09-20 13:39:00,CBE-PIN-2782,Kothavadi Lake Breeze View Point (Checkpost 63),10.847362,77.04813,32,57.34,13.19,Yellow,Clear,0,Low
2026-09-20 16:49:00,CBE-PIN-2783,Kothavadi Lake Breeze View Point (Bypass 64),10.840909,77.050174,71,53.76,27.84,Green,Clear,0,Low
2026-09-20 08:14:00,CBE-PIN-2784,Kothavadi Lake Breeze View Point (Junction 65),10.847312,77.044991,43,65.58,22.57,Green,Clear,0,Low
2026-09-20 08:06:00,CBE-PIN-2785,Kothavadi Lake Breeze View Point (Checkpost 66),10.843704,77.049438,52,46.03,18.19,Green,Clear,0,Low
2026-09-20 18:49:00,CBE-PIN-2786,Kothavadi Lake Breeze View Point (Crossway 67),10.838585,77.048933,65,61.82,36.04,Green,Clear,0,Low
2026-09-20 09:53:00,CBE-PIN-2787,Kothavadi Lake Breeze View Point (Junction 68),10.845512,77.049657,36,60.3,17.82,Red,Cloudy,0,Low
2026-09-20 18:38:00,CBE-PIN-2788,Kothavadi Lake Breeze View Point (Checkpost 69),10.842928,77.048359,130,39.74,46.05,Green,Clear,0,Medium
2026-09-20 11:12:00,CBE-PIN-2789,Kothavadi Lake Breeze View Point (Checkpost 70),10.843373,77.048198,44,63.14,22.75,Green,Cloudy,0,Low
2026-09-20 08:10:00,CBE-PIN-2790,Kothavadi Lake Breeze View Point (Approach 71),10.842416,77.04553,154,14.68,83.26,Green,Clear,0,High
2026-09-20 12:52:00,CBE-PIN-2791,Kothavadi Lake Breeze View Point (Junction 72),10.841767,77.049316,163,12.75,75.94,Red,Clear,0,High
2026-09-20 11:08:00,CBE-PIN-2792,Kothavadi Lake Breeze View Point (Checkpost 73),10.843288,77.048817,45,62.63,19.92,Red,Clear,0,Low
2026-09-20 14:03:00,CBE-PIN-2793,Kothavadi Lake Breeze View Point (Junction 74),10.843079,77.049389,65,49.78,31.95,Green,Clear,0,Low
2026-09-20 18:56:00,CBE-PIN-2794,Kothavadi Lake Breeze View Point (Link Road 75),10.841573,77.051855,152,16.95,78.12,Red,Clear,0,High
2026-09-20 09:28:00,CBE-PIN-2795,Kothavadi Lake Breeze View Point (Crossway 76),10.832226,77.041802,51,63.87,25.64,Green,Clear,0,Low
2026-09-20 18:19:00,CBE-PIN-2796,Kothavadi Lake Breeze View Point (Checkpost 77),10.840283,77.050984,49,55.85,21.25,Yellow,Clear,0,Low
2026-09-20 13:27:00,CBE-PIN-2797,Kothavadi Lake Breeze View Point (Approach 78),10.844609,77.049059,26,49.57,11.9,Green,Rain,0,Low
2026-09-20 11:38:00,CBE-PIN-2798,Kothavadi Lake Breeze View Point (Link Road 79),10.845928,77.052438,186,19.57,86.48,Green,Rain,0,High
2026-09-20 18:51:00,CBE-PIN-2799,Kothavadi Lake Breeze View Point (Approach 80),10.843105,77.044387,73,58.65,29.55,Red,Cloudy,0,Low
2026-09-20 09:23:00,CBE-PIN-2800,Kothavadi Lake Breeze View Point (Approach 81),10.843881,77.045219,28,56.9,12.11,Green,Clear,0,Low
2026-09-20 09:12:00,CBE-PIN-2801,Kothavadi Lake Breeze View Point (Bypass 82),10.833785,77.046642,161,21.9,81.26,Green,Clear,0,High
2026-09-20 16:31:00,CBE-PIN-2802,Kothavadi Lake Breeze View Point (Checkpost 83),10.83492,77.057113,48,71.57,15.96,Green,Clear,0,Low
2026-09-20 16:34:00,CBE-PIN-2803,Kothavadi Lake Breeze View Point (Approach 84),10.843621,77.049796,59,61.34,19.64,Green,Cloudy,0,Low
2026-09-20 11:29:00,CBE-PIN-2804,Kothavadi Lake Breeze View Point (Bypass 85),10.833545,77.06628,62,57.14,33.46,Red,Clear,0,Low
2026-09-20 11:04:00,CBE-PIN-2805,Kothavadi Lake Breeze View Point (Checkpost 86),10.840822,77.048985,97,58.47,37.1,Green,Clear,0,Low
2026-09-20 18:28:00,CBE-PIN-2806,Kothavadi Lake Breeze View Point (Junction 87),10.842775,77.049239,209,21.02,88.23,Yellow,Clear,0,High
2026-09-20 09:10:00,CBE-PIN-2807,Kothavadi Lake Breeze View Point (Bypass 88),10.843585,77.049394,29,64.19,11.39,Green,Clear,0,Low
2026-09-20 12:00:00,CBE-PIN-2808,Kothavadi Lake Breeze View Point (Checkpost 89),10.849306,77.044923,66,62.72,21.43,Green,Clear,0,Low
2026-09-20 18:07:00,CBE-PIN-2809,Kothavadi Lake Breeze View Point (Checkpost 90),10.847386,77.054274,79,55.39,25.04,Yellow,Cloudy,0,Low
2026-09-20 12:33:00,CBE-PIN-2810,Kothavadi Lake Breeze View Point (Checkpost 91),10.841863,77.043835,60,68.28,25.84,Yellow,Clear,0,Low
2026-09-20 08:04:00,CBE-PIN-2811,Kothavadi Lake Breeze View Point (Checkpost 92),10.848235,77.04962,166,20.29,86.36,Green,Cloudy,0,High
2026-09-20 10:11:00,CBE-PIN-2812,Kothavadi Lake Breeze View Point (Approach 93),10.840062,77.046932,85,66.38,32.65,Red,Rain,0,Low
2026-09-20 09:38:00,CBE-PIN-2813,Kothavadi Lake Breeze View Point (Junction 94),10.837855,77.050577,148,12.57,76.41,Green,Clear,0,High
2026-09-20 16:44:00,CBE-PIN-2814,Kothavadi Lake Breeze View Point (Approach 95),10.842634,77.050173,59,60.53,20.51,Red,Cloudy,0,Low
2026-09-20 09:41:00,CBE-PIN-2815,Kothavadi Lake Breeze View Point (Junction 96),10.845993,77.053686,30,50.75,13.37,Green,Cloudy,0,Low
2026-09-20 10:42:00,CBE-PIN-2816,Kothavadi Lake Breeze View Point (Link Road 97),10.84486,77.050941,177,15.92,76.57,Green,Clear,0,High
2026-09-20 14:23:00,CBE-PIN-2817,Kothavadi Lake Breeze View Point (Crossway 98),10.843036,77.049202,44,67.59,16.87,Green,Clear,0,Low
2026-09-20 12:52:00,CBE-PIN-2818,Kothavadi Lake Breeze View Point (Crossway 99),10.845412,77.04905,65,62.77,26.11,Yellow,Cloudy,0,Low
2026-09-20 16:50:00,CBE-PIN-2819,Kothavadi Lake Breeze View Point (Checkpost 100),10.841739,77.047563,39,46.42,15.05,Red,Clear,0,Low
2026-09-20 14:50:00,CBE-PIN-2820,Kothavadi Lake Breeze View Point (Crossway 101),10.842977,77.050764,205,12.46,93.42,Green,Clear,1,High
2026-09-20 19:41:00,CBE-PIN-2821,Kothavadi Lake Breeze View Point (Junction 102),10.843675,77.049954,25,71.7,12.13,Green,Clear,0,Low
2026-09-20 10:32:00,CBE-PIN-2822,Kothavadi Lake Breeze View Point (Junction 103),10.848692,77.053076,241,20.62,86.3,Green,Clear,0,High
2026-09-20 08:28:00,CBE-PIN-2823,Kothavadi Lake Breeze View Point (Link Road 104),10.845311,77.051161,31,63.74,12.48,Green,Cloudy,0,Low
2026-09-20 12:12:00,CBE-PIN-2824,Kothavadi Lake Breeze View Point (Bypass 105),10.842978,77.048774,28,71.2,14.55,Red,Rain,0,Low
2026-09-20 10:56:00,CBE-PIN-2825,Kothavadi Lake Breeze View Point (Crossway 106),10.850421,77.050018,95,60.76,38.96,Red,Breezy,0,Low
2026-09-20 15:10:00,CBE-PIN-2826,Kothavadi Lake Breeze View Point (Checkpost 107),10.842502,77.049141,52,70.51,19.92,Red,Clear,0,Low
2026-09-20 08:35:00,CBE-PIN-2827,Kothavadi Lake Breeze View Point (Link Road 108),10.848358,77.064273,161,41.6,55.99,Green,Clear,0,Medium
2026-09-20 09:31:00,CBE-PIN-2828,Kothavadi Lake Breeze View Point (Checkpost 109),10.843076,77.049549,168,19.93,84.15,Green,Clear,0,High
2026-09-20 14:46:00,CBE-PIN-2829,Kothavadi Lake Breeze View Point (Bypass 110),10.841377,77.047692,65,50.69,23.91,Yellow,Cloudy,0,Low
2026-09-20 15:17:00,CBE-PIN-2830,Kothavadi Lake Breeze View Point (Checkpost 111),10.842465,77.050296,63,46.6,29.39,Red,Cloudy,0,Low
2026-09-20 10:24:00,CBE-PIN-2831,Kothavadi Lake Breeze View Point (Link Road 112),10.839891,77.052628,152,36.07,54.13,Green,Clear,0,Medium
2026-09-20 09:31:00,CBE-PIN-2832,Kothavadi Lake Breeze View Point (Link Road 113),10.843556,77.049627,50,67.15,20.13,Green,Clear,0,Low
2026-09-20 14:40:00,CBE-PIN-2833,Kothavadi Lake Breeze View Point (Checkpost 114),10.84625,77.05726,99,26.16,54.93,Red,Cloudy,0,Medium
2026-09-20 11:01:00,CBE-PIN-2834,Nallattipalayam Pirivu (SECE Highway Access) (Bypass 1),10.834137,77.025056,20,57.16,10.51,Green,Clear,0,Low
2026-09-20 10:26:00,CBE-PIN-2835,Nallattipalayam Pirivu (SECE Highway Access) (Approach 2),10.834204,77.026477,43,58.15,21.37,Green,Cloudy,0,Low
2026-09-20 19:45:00,CBE-PIN-2836,Nallattipalayam Pirivu (SECE Highway Access) (Junction 3),10.835046,77.02483,76,50.57,28.3,Green,Clear,0,Low
2026-09-20 10:58:00,CBE-PIN-2837,Nallattipalayam Pirivu (SECE Highway Access) (Crossway 4),10.834543,77.025815,82,67.03,36.33,Red,Cloudy,0,Low
2026-09-20 09:39:00,CBE-PIN-2838,Nallattipalayam Pirivu (SECE Highway Access) (Junction 5),10.830643,77.026482,54,52.95,24.89,Green,Cloudy,0,Low
2026-09-20 10:03:00,CBE-PIN-2839,Nallattipalayam Pirivu (SECE Highway Access) (Crossway 6),10.837965,77.032641,51,55.5,20.91,Yellow,Cloudy,0,Low
2026-09-20 14:25:00,CBE-PIN-2840,Nallattipalayam Pirivu (SECE Highway Access) (Checkpost 7),10.83417,77.025532,146,40.55,64.32,Green,Rain,0,Medium
2026-09-20 09:25:00,CBE-PIN-2841,Nallattipalayam Pirivu (SECE Highway Access) (Junction 8),10.834113,77.027572,286,15.56,92.69,Red,Breezy,0,High
2026-09-20 16:18:00,CBE-PIN-2842,Nallattipalayam Pirivu (SECE Highway Access) (Link Road 9),10.833563,77.025191,144,25.89,72.02,Green,Cloudy,0,Medium
2026-09-20 15:52:00,CBE-PIN-2843,Nallattipalayam Pirivu (SECE Highway Access) (Junction 10),10.834426,77.025453,183,17.14,83.53,Green,Breezy,0,High
2026-09-20 18:18:00,CBE-PIN-2844,Nallattipalayam Pirivu (SECE Highway Access) (Junction 11),10.833314,77.02489,213,16.91,83.8,Red,Cloudy,0,High
2026-09-20 13:58:00,CBE-PIN-2845,Nallattipalayam Pirivu (SECE Highway Access) (Junction 12),10.82891,77.024462,60,55.21,30.13,Green,Rain,0,Low
2026-09-20 13:49:00,CBE-PIN-2846,Nallattipalayam Pirivu (SECE Highway Access) (Link Road 13),10.83984,77.029748,80,32.09,41.94,Red,Clear,0,Medium
2026-09-20 12:28:00,CBE-PIN-2847,Nallattipalayam Pirivu (SECE Highway Access) (Crossway 14),10.827414,77.030386,28,49.13,13.45,Red,Rain,0,Low
2026-09-20 11:26:00,CBE-PIN-2848,Nallattipalayam Pirivu (SECE Highway Access) (Approach 15),10.833487,77.029426,213,34.85,71.19,Green,Clear,0,Medium
2026-09-20 18:47:00,CBE-PIN-2849,Nallattipalayam Pirivu (SECE Highway Access) (Junction 16),10.834032,77.026707,177,18.48,76.29,Green,Clear,0,High
2026-09-20 15:30:00,CBE-PIN-2850,Nallattipalayam Pirivu (SECE Highway Access) (Approach 17),10.834357,77.025378,70,65.94,30.59,Green,Cloudy,0,Low
2026-09-20 16:03:00,CBE-PIN-2851,Nallattipalayam Pirivu (SECE Highway Access) (Crossway 18),10.832589,77.024539,221,16.07,87.05,Red,Clear,0,High
2026-09-20 17:58:00,CBE-PIN-2852,Nallattipalayam Pirivu (SECE Highway Access) (Junction 19),10.829029,77.030911,79,54.4,37.21,Red,Clear,0,Low
2026-09-20 09:31:00,CBE-PIN-2853,Nallattipalayam Pirivu (SECE Highway Access) (Crossway 20),10.832726,77.025969,76,66.72,34.43,Red,Clear,0,Low
2026-09-20 08:34:00,CBE-PIN-2854,Nallattipalayam Pirivu (SECE Highway Access) (Approach 21),10.836646,77.028726,93,33.49,45.34,Red,Cloudy,0,Medium
2026-09-20 15:32:00,CBE-PIN-2855,Nallattipalayam Pirivu (SECE Highway Access) (Bypass 22),10.837422,77.027164,150,16.94,78.21,Red,Clear,0,High
2026-09-20 13:48:00,CBE-PIN-2856,Nallattipalayam Pirivu (SECE Highway Access) (Crossway 23),10.83284,77.024416,83,65.28,30.2,Green,Rain,0,Low
2026-09-20 09:16:00,CBE-PIN-2857,Nallattipalayam Pirivu (SECE Highway Access) (Crossway 24),10.833052,77.023911,216,39.05,69.79,Green,Clear,0,Medium
2026-09-20 18:24:00,CBE-PIN-2858,Nallattipalayam Pirivu (SECE Highway Access) (Crossway 25),10.835796,77.02878,80,67.41,31.63,Green,Clear,0,Low
2026-09-20 18:50:00,CBE-PIN-2859,Nallattipalayam Pirivu (SECE Highway Access) (Link Road 26),10.834042,77.025537,199,29.67,64.32,Green,Breezy,0,Medium
2026-09-20 17:31:00,CBE-PIN-2860,Nallattipalayam Pirivu (SECE Highway Access) (Bypass 27),10.830683,77.023473,55,63.32,17.68,Yellow,Clear,0,Low
2026-09-20 14:23:00,CBE-PIN-2861,Nallattipalayam Pirivu (SECE Highway Access) (Crossway 28),10.832735,77.020884,106,60.22,35.57,Green,Clear,0,Low
2026-09-20 08:54:00,CBE-PIN-2862,Nallattipalayam Pirivu (SECE Highway Access) (Bypass 29),10.834455,77.024916,213,21.34,78.1,Green,Cloudy,0,High
2026-09-20 08:39:00,CBE-PIN-2863,Nallattipalayam Pirivu (SECE Highway Access) (Checkpost 30),10.832483,77.026182,184,25.73,70.33,Green,Rain,0,Medium
2026-09-20 19:46:00,CBE-PIN-2864,Nallattipalayam Pirivu (SECE Highway Access) (Checkpost 31),10.835279,77.029025,104,69.43,34.09,Red,Rain,0,Low
2026-09-20 18:06:00,CBE-PIN-2865,Nallattipalayam Pirivu (SECE Highway Access) (Approach 32),10.833305,77.034109,64,58.59,20.86,Green,Clear,0,Low
2026-09-20 17:27:00,CBE-PIN-2866,Nallattipalayam Pirivu (SECE Highway Access) (Bypass 33),10.832515,77.025865,177,15.72,77.33,Green,Clear,0,High
2026-09-20 13:05:00,CBE-PIN-2867,Nallattipalayam Pirivu (SECE Highway Access) (Bypass 34),10.834026,77.025314,19,53.16,10.47,Red,Clear,0,Low
2026-09-20 17:19:00,CBE-PIN-2868,Nallattipalayam Pirivu (SECE Highway Access) (Checkpost 35),10.833852,77.025051,168,16.18,78.35,Red,Clear,0,High
2026-09-20 10:48:00,CBE-PIN-2869,Nallattipalayam Pirivu (SECE Highway Access) (Bypass 36),10.826484,77.029312,93,67.21,35.29,Red,Breezy,0,Low
2026-09-20 09:18:00,CBE-PIN-2870,Nallattipalayam Pirivu (SECE Highway Access) (Link Road 37),10.835841,77.029033,73,58.15,30.99,Green,Clear,0,Low
2026-09-20 19:45:00,CBE-PIN-2871,Nallattipalayam Pirivu (SECE Highway Access) (Checkpost 38),10.83091,77.028928,37,68.96,16.6,Green,Rain,0,Low
2026-09-20 18:58:00,CBE-PIN-2872,Nallattipalayam Pirivu (SECE Highway Access) (Checkpost 39),10.834086,77.025519,144,39.15,51.12,Green,Cloudy,0,Medium
2026-09-20 10:45:00,CBE-PIN-2873,Nallattipalayam Pirivu (SECE Highway Access) (Checkpost 40),10.833569,77.025602,256,16.32,89.99,Green,Clear,1,High
2026-09-20 12:50:00,CBE-PIN-2874,Nallattipalayam Pirivu (SECE Highway Access) (Bypass 41),10.837973,77.026323,105,71.06,38.03,Green,Clear,0,Low
2026-09-20 10:53:00,CBE-PIN-2875,Nallattipalayam Pirivu (SECE Highway Access) (Link Road 42),10.83428,77.025611,40,69.8,18.02,Green,Clear,0,Low
2026-09-20 17:10:00,CBE-PIN-2876,Nallattipalayam Pirivu (SECE Highway Access) (Crossway 43),10.834256,77.025425,179,14.86,77.37,Green,Cloudy,0,High
2026-09-20 14:03:00,CBE-PIN-2877,Nallattipalayam Pirivu (SECE Highway Access) (Checkpost 44),10.834298,77.026291,78,60.58,32.29,Green,Cloudy,0,Low
2026-09-20 17:47:00,CBE-PIN-2878,Nallattipalayam Pirivu (SECE Highway Access) (Link Road 45),10.82253,77.014069,49,47.15,19.3,Green,Clear,0,Low
2026-09-20 13:09:00,CBE-PIN-2879,Nallattipalayam Pirivu (SECE Highway Access) (Bypass 46),10.834005,77.026036,204,17.73,89.46,Red,Cloudy,0,High
2026-09-20 17:28:00,CBE-PIN-2880,Nallattipalayam Pirivu (SECE Highway Access) (Bypass 47),10.832665,77.024525,168,16.0,79.4,Red,Clear,0,High
2026-09-20 14:36:00,CBE-PIN-2881,Nallattipalayam Pirivu (SECE Highway Access) (Junction 48),10.830157,77.022806,201,13.05,90.05,Green,Clear,0,High
2026-09-20 19:38:00,CBE-PIN-2882,Nallattipalayam Pirivu (SECE Highway Access) (Checkpost 49),10.834104,77.025397,215,14.91,88.85,Green,Clear,0,High
2026-09-20 11:54:00,CBE-PIN-2883,Nallattipalayam Pirivu (SECE Highway Access) (Crossway 50),10.833103,77.019263,240,18.84,93.11,Green,Clear,0,High
2026-09-20 12:49:00,CBE-PIN-2884,Nallattipalayam Pirivu (SECE Highway Access) (Junction 51),10.833546,77.025647,159,28.94,59.08,Red,Clear,0,Medium
2026-09-20 13:38:00,CBE-PIN-2885,Nallattipalayam Pirivu (SECE Highway Access) (Link Road 52),10.831169,77.027119,54,63.81,29.47,Green,Clear,0,Low
2026-09-20 17:16:00,CBE-PIN-2886,Nallattipalayam Pirivu (SECE Highway Access) (Checkpost 53),10.835176,77.025025,196,16.76,92.99,Red,Clear,0,High
2026-09-20 11:18:00,CBE-PIN-2887,Nallattipalayam Pirivu (SECE Highway Access) (Link Road 54),10.833679,77.025176,252,17.1,93.98,Green,Cloudy,0,High
2026-09-20 11:33:00,CBE-PIN-2888,Nallattipalayam Pirivu (SECE Highway Access) (Bypass 55),10.835156,77.022883,169,14.43,76.79,Red,Rain,0,High
2026-09-20 17:00:00,CBE-PIN-2889,Nallattipalayam Pirivu (SECE Highway Access) (Checkpost 56),10.835548,77.02363,208,21.35,91.73,Red,Breezy,0,High
2026-09-20 09:23:00,CBE-PIN-2890,Nallattipalayam Pirivu (SECE Highway Access) (Approach 57),10.834284,77.026109,45,69.08,16.69,Red,Clear,0,Low
2026-09-20 10:09:00,CBE-PIN-2891,Nallattipalayam Pirivu (SECE Highway Access) (Link Road 58),10.829603,77.023889,98,44.99,50.13,Green,Breezy,0,Medium
2026-09-20 10:50:00,CBE-PIN-2892,Nallattipalayam Pirivu (SECE Highway Access) (Bypass 59),10.832428,77.019766,212,21.31,77.51,Yellow,Clear,1,High
2026-09-20 08:12:00,CBE-PIN-2893,Nallattipalayam Pirivu (SECE Highway Access) (Checkpost 60),10.834142,77.025554,203,16.6,89.43,Yellow,Rain,0,High
2026-09-20 15:38:00,CBE-PIN-2894,Nallattipalayam Pirivu (SECE Highway Access) (Approach 61),10.833006,77.023237,31,61.83,11.15,Red,Clear,0,Low
2026-09-20 18:22:00,CBE-PIN-2895,Nallattipalayam Pirivu (SECE Highway Access) (Junction 62),10.836971,77.026434,67,49.52,23.73,Green,Clear,0,Low
2026-09-20 19:24:00,CBE-PIN-2896,Nallattipalayam Pirivu (SECE Highway Access) (Link Road 63),10.83669,77.025524,245,18.59,86.88,Green,Clear,1,High
2026-09-20 12:03:00,CBE-PIN-2897,Nallattipalayam Pirivu (SECE Highway Access) (Junction 64),10.839733,77.034801,201,16.58,77.41,Red,Clear,0,High
2026-09-20 10:50:00,CBE-PIN-2898,Nallattipalayam Pirivu (SECE Highway Access) (Bypass 65),10.833796,77.024825,166,20.55,86.84,Green,Clear,0,High
2026-09-20 08:04:00,CBE-PIN-2899,Nallattipalayam Pirivu (SECE Highway Access) (Checkpost 66),10.833894,77.025172,65,57.55,32.19,Red,Clear,0,Low
2026-09-20 10:26:00,CBE-PIN-2900,Nallattipalayam Pirivu (SECE Highway Access) (Crossway 67),10.834526,77.021064,41,69.01,17.17,Red,Rain,0,Low
2026-09-20 16:14:00,CBE-PIN-2901,Nallattipalayam Pirivu (SECE Highway Access) (Approach 68),10.833939,77.023918,67,50.26,25.65,Yellow,Clear,0,Low
2026-09-20 08:22:00,CBE-PIN-2902,Nallattipalayam Pirivu (SECE Highway Access) (Crossway 69),10.834489,77.02343,179,21.76,80.08,Green,Clear,0,High
2026-09-20 14:26:00,CBE-PIN-2903,Nallattipalayam Pirivu (SECE Highway Access) (Link Road 70),10.834247,77.02536,99,66.72,31.79,Red,Clear,0,Low
2026-09-20 08:03:00,CBE-PIN-2904,Nallattipalayam Pirivu (SECE Highway Access) (Approach 71),10.831776,77.018883,113,44.26,49.01,Red,Clear,0,Medium
2026-09-20 17:09:00,CBE-PIN-2905,Nallattipalayam Pirivu (SECE Highway Access) (Link Road 72),10.827701,77.024629,153,33.1,70.78,Green,Clear,0,Medium
2026-09-20 12:17:00,CBE-PIN-2906,Nallattipalayam Pirivu (SECE Highway Access) (Crossway 73),10.832578,77.024528,65,68.93,31.74,Red,Clear,0,Low
2026-09-20 17:25:00,CBE-PIN-2907,Nallattipalayam Pirivu (SECE Highway Access) (Junction 74),10.834467,77.023248,75,49.85,24.74,Green,Cloudy,0,Low
2026-09-20 14:32:00,CBE-PIN-2908,Nallattipalayam Pirivu (SECE Highway Access) (Approach 75),10.834514,77.025664,196,18.81,82.83,Green,Clear,0,High
2026-09-20 11:31:00,CBE-PIN-2909,Nallattipalayam Pirivu (SECE Highway Access) (Link Road 76),10.836278,77.028603,293,17.0,91.81,Yellow,Cloudy,0,High
2026-09-20 12:40:00,CBE-PIN-2910,Nallattipalayam Pirivu (SECE Highway Access) (Bypass 77),10.835213,77.026791,71,68.05,23.34,Red,Clear,0,Low
2026-09-20 14:12:00,CBE-PIN-2911,Nallattipalayam Pirivu (SECE Highway Access) (Bypass 78),10.835078,77.027727,34,47.15,16.41,Green,Clear,0,Low
2026-09-20 11:07:00,CBE-PIN-2912,Nallattipalayam Pirivu (SECE Highway Access) (Approach 79),10.840398,77.011677,292,15.15,93.96,Green,Clear,0,High
2026-09-20 19:44:00,CBE-PIN-2913,Nallattipalayam Pirivu (SECE Highway Access) (Approach 80),10.834638,77.025489,233,14.45,90.34,Red,Clear,0,High
2026-09-20 08:40:00,CBE-PIN-2914,Nallattipalayam Pirivu (SECE Highway Access) (Link Road 81),10.835095,77.025079,93,64.87,31.48,Red,Cloudy,0,Low
2026-09-20 17:18:00,CBE-PIN-2915,Nallattipalayam Pirivu (SECE Highway Access) (Checkpost 82),10.827922,77.029844,134,42.21,61.31,Green,Clear,0,Medium
2026-09-20 17:23:00,CBE-PIN-2916,Nallattipalayam Pirivu (SECE Highway Access) (Crossway 83),10.831177,77.023523,64,63.06,34.61,Yellow,Clear,0,Low
2026-09-20 11:18:00,CBE-PIN-2917,Nallattipalayam Pirivu (SECE Highway Access) (Link Road 84),10.83396,77.027007,191,12.6,84.8,Red,Clear,0,High
2026-09-20 11:58:00,CBE-PIN-2918,Nallattipalayam Pirivu (SECE Highway Access) (Crossway 85),10.835284,77.030547,199,13.44,81.96,Red,Cloudy,0,High
2026-09-20 12:44:00,CBE-PIN-2919,Nallattipalayam Pirivu (SECE Highway Access) (Checkpost 86),10.831695,77.027229,77,65.49,29.44,Yellow,Clear,0,Low
2026-09-20 17:47:00,CBE-PIN-2920,Nallattipalayam Pirivu (SECE Highway Access) (Link Road 87),10.835565,77.024479,261,18.08,88.1,Green,Clear,0,High
2026-09-20 14:10:00,CBE-PIN-2921,Nallattipalayam Pirivu (SECE Highway Access) (Crossway 88),10.835058,77.026636,232,20.49,81.79,Green,Clear,0,High
2026-09-20 10:25:00,CBE-PIN-2922,Nallattipalayam Pirivu (SECE Highway Access) (Bypass 89),10.830422,77.024922,130,24.6,42.24,Red,Clear,0,Medium
2026-09-20 12:18:00,CBE-PIN-2923,Nallattipalayam Pirivu (SECE Highway Access) (Crossway 90),10.833551,77.025994,32,68.0,15.99,Yellow,Cloudy,0,Low
2026-09-20 17:29:00,CBE-PIN-2924,Nallattipalayam Pirivu (SECE Highway Access) (Bypass 91),10.834083,77.025277,108,27.25,58.42,Red,Cloudy,0,Medium
2026-09-20 16:24:00,CBE-PIN-2925,Nallattipalayam Pirivu (SECE Highway Access) (Junction 92),10.833053,77.024484,72,50.25,32.53,Green,Rain,0,Low
2026-09-20 13:49:00,CBE-PIN-2926,Nallattipalayam Pirivu (SECE Highway Access) (Link Road 93),10.833236,77.030292,224,19.63,84.23,Red,Cloudy,0,High
2026-09-20 17:22:00,CBE-PIN-2927,Nallattipalayam Pirivu (SECE Highway Access) (Link Road 94),10.834454,77.025602,65,49.68,23.56,Green,Clear,0,Low
2026-09-20 13:20:00,CBE-PIN-2928,Nallattipalayam Pirivu (SECE Highway Access) (Junction 95),10.832419,77.025734,52,54.6,17.52,Red,Cloudy,0,Low
2026-09-20 11:01:00,CBE-PIN-2929,Nallattipalayam Pirivu (SECE Highway Access) (Link Road 96),10.834102,77.025186,200,31.21,67.77,Green,Breezy,0,Medium
2026-09-20 19:50:00,CBE-PIN-2930,Nallattipalayam Pirivu (SECE Highway Access) (Crossway 97),10.839861,77.024153,267,19.13,86.25,Green,Clear,1,High
2026-09-20 19:09:00,CBE-PIN-2931,Nallattipalayam Pirivu (SECE Highway Access) (Approach 98),10.839862,77.024683,225,14.88,75.64,Green,Clear,0,High
2026-09-20 14:14:00,CBE-PIN-2932,Nallattipalayam Pirivu (SECE Highway Access) (Crossway 99),10.827282,77.019192,129,42.67,55.44,Green,Clear,0,Medium
2026-09-20 15:32:00,CBE-PIN-2933,Nallattipalayam Pirivu (SECE Highway Access) (Junction 100),10.832341,77.028688,73,46.66,36.1,Green,Clear,0,Low
2026-09-20 19:26:00,CBE-PIN-2934,Nallattipalayam Pirivu (SECE Highway Access) (Crossway 101),10.836831,77.026222,239,13.34,91.21,Green,Clear,0,High
2026-09-20 19:32:00,CBE-PIN-2935,Nallattipalayam Pirivu (SECE Highway Access) (Approach 102),10.835113,77.025447,194,30.97,70.06,Green,Cloudy,0,Medium
2026-09-20 10:34:00,CBE-PIN-2936,Nallattipalayam Pirivu (SECE Highway Access) (Crossway 103),10.829704,77.022326,55,60.87,19.05,Green,Cloudy,0,Low
2026-09-20 13:31:00,CBE-PIN-2937,Nallattipalayam Pirivu (SECE Highway Access) (Link Road 104),10.833413,77.025467,188,19.43,93.61,Red,Clear,0,High
2026-09-20 16:49:00,CBE-PIN-2938,Nallattipalayam Pirivu (SECE Highway Access) (Junction 105),10.834399,77.025115,48,48.31,23.64,Red,Clear,0,Low
2026-09-20 14:34:00,CBE-PIN-2939,Nallattipalayam Pirivu (SECE Highway Access) (Checkpost 106),10.833554,77.028918,148,12.81,78.96,Green,Cloudy,0,High
2026-09-20 15:49:00,CBE-PIN-2940,Nallattipalayam Pirivu (SECE Highway Access) (Crossway 107),10.825968,77.017634,180,12.71,85.34,Red,Clear,0,High
2026-09-20 16:40:00,CBE-PIN-2941,Nallattipalayam Pirivu (SECE Highway Access) (Approach 108),10.835245,77.025014,186,42.87,63.03,Green,Cloudy,0,Medium
2026-09-20 16:32:00,CBE-PIN-2942,Nallattipalayam Pirivu (SECE Highway Access) (Approach 109),10.829325,77.019306,100,53.21,35.52,Red,Clear,0,Low
2026-09-20 08:49:00,CBE-PIN-2943,Nallattipalayam Pirivu (SECE Highway Access) (Crossway 110),10.83472,77.026142,44,47.73,15.45,Green,Clear,0,Low
2026-09-20 15:28:00,CBE-PIN-2944,Nallattipalayam Pirivu (SECE Highway Access) (Link Road 111),10.838176,77.024889,25,47.49,14.03,Green,Clear,0,Low
2026-09-20 14:00:00,CBE-PIN-2945,Nallattipalayam Pirivu (SECE Highway Access) (Junction 112),10.834014,77.035677,46,46.87,21.7,Green,Breezy,0,Low
2026-09-20 16:14:00,CBE-PIN-2946,Nallattipalayam Pirivu (SECE Highway Access) (Approach 113),10.835827,77.026454,174,15.47,89.68,Green,Rain,0,High
2026-09-20 17:59:00,CBE-PIN-2947,Nallattipalayam Pirivu (SECE Highway Access) (Checkpost 114),10.83406,77.025634,202,16.09,88.23,Green,Cloudy,0,High
2026-09-20 18:40:00,CBE-PIN-2948,Akshaya College of Engineering Road (Checkpost 1),10.826118,77.041675,155,33.73,56.93,Green,Clear,0,Medium
2026-09-20 17:32:00,CBE-PIN-2949,Akshaya College of Engineering Road (Approach 2),10.825427,77.041601,44,55.26,24.24,Yellow,Rain,0,Low
2026-09-20 10:44:00,CBE-PIN-2950,Akshaya College of Engineering Road (Link Road 3),10.828076,77.037013,58,52.49,23.49,Red,Clear,0,Low
2026-09-20 15:09:00,CBE-PIN-2951,Akshaya College of Engineering Road (Checkpost 4),10.826721,77.039594,25,57.89,11.97,Red,Cloudy,0,Low
2026-09-20 12:59:00,CBE-PIN-2952,Akshaya College of Engineering Road (Junction 5),10.825642,77.039419,176,18.17,83.64,Green,Clear,0,High
2026-09-20 12:43:00,CBE-PIN-2953,Akshaya College of Engineering Road (Checkpost 6),10.824311,77.033731,215,16.48,89.26,Green,Clear,0,High
2026-09-20 18:04:00,CBE-PIN-2954,Akshaya College of Engineering Road (Bypass 7),10.829949,77.043348,82,59.01,38.15,Green,Clear,0,Low
2026-09-20 09:43:00,CBE-PIN-2955,Akshaya College of Engineering Road (Checkpost 8),10.820481,77.044332,146,41.87,61.65,Red,Clear,0,Medium
2026-09-20 14:06:00,CBE-PIN-2956,Akshaya College of Engineering Road (Link Road 9),10.826625,77.041915,53,58.52,24.54,Red,Clear,0,Low
2026-09-20 15:27:00,CBE-PIN-2957,Akshaya College of Engineering Road (Junction 10),10.825442,77.050465,42,63.41,18.15,Green,Clear,0,Low
2026-09-20 13:02:00,CBE-PIN-2958,Akshaya College of Engineering Road (Crossway 11),10.821824,77.036173,195,16.3,77.04,Green,Clear,0,High
2026-09-20 19:24:00,CBE-PIN-2959,Akshaya College of Engineering Road (Approach 12),10.82664,77.042132,275,15.87,91.86,Red,Clear,0,High
2026-09-20 16:54:00,CBE-PIN-2960,Akshaya College of Engineering Road (Checkpost 13),10.826661,77.040818,127,25.55,70.12,Red,Clear,0,Medium
2026-09-20 12:48:00,CBE-PIN-2961,Akshaya College of Engineering Road (Checkpost 14),10.826714,77.041853,135,26.55,43.55,Red,Rain,0,Medium
2026-09-20 19:54:00,CBE-PIN-2962,Akshaya College of Engineering Road (Link Road 15),10.825446,77.041081,28,49.37,10.06,Green,Rain,0,Low
2026-09-20 14:42:00,CBE-PIN-2963,Akshaya College of Engineering Road (Link Road 16),10.825624,77.04183,35,55.44,16.51,Green,Rain,0,Low
2026-09-20 16:36:00,CBE-PIN-2964,Akshaya College of Engineering Road (Crossway 17),10.814913,77.033053,118,71.3,37.6,Green,Clear,0,Low
2026-09-20 16:11:00,CBE-PIN-2965,Akshaya College of Engineering Road (Checkpost 18),10.807317,77.043705,39,47.79,13.41,Green,Rain,0,Low
2026-09-20 09:19:00,CBE-PIN-2966,Akshaya College of Engineering Road (Junction 19),10.825635,77.041856,217,12.67,78.96,Red,Clear,0,High
2026-09-20 17:17:00,CBE-PIN-2967,Akshaya College of Engineering Road (Link Road 20),10.827767,77.040539,111,44.06,54.9,Green,Cloudy,0,Medium
2026-09-20 09:31:00,CBE-PIN-2968,Akshaya College of Engineering Road (Approach 21),10.824088,77.042198,56,59.76,30.45,Green,Cloudy,0,Low
2026-09-20 13:02:00,CBE-PIN-2969,Akshaya College of Engineering Road (Bypass 22),10.82637,77.042471,79,52.89,29.18,Green,Cloudy,0,Low
2026-09-20 19:17:00,CBE-PIN-2970,Akshaya College of Engineering Road (Bypass 23),10.827486,77.044498,101,33.65,49.76,Green,Clear,0,Medium
2026-09-20 12:57:00,CBE-PIN-2971,Akshaya College of Engineering Road (Crossway 24),10.825835,77.039962,49,60.22,19.2,Green,Cloudy,0,Low
2026-09-20 15:46:00,CBE-PIN-2972,Akshaya College of Engineering Road (Link Road 25),10.825867,77.041895,248,21.8,92.4,Red,Rain,0,High
2026-09-20 09:41:00,CBE-PIN-2973,Akshaya College of Engineering Road (Junction 26),10.824907,77.040892,35,53.17,11.48,Green,Rain,0,Low
2026-09-20 19:15:00,CBE-PIN-2974,Akshaya College of Engineering Road (Crossway 27),10.825782,77.041832,94,58.82,37.22,Green,Clear,0,Low
2026-09-20 11:22:00,CBE-PIN-2975,Akshaya College of Engineering Road (Crossway 28),10.826644,77.0425,39,52.92,18.6,Green,Clear,0,Low
2026-09-20 13:04:00,CBE-PIN-2976,Akshaya College of Engineering Road (Junction 29),10.823086,77.042582,170,20.02,91.47,Green,Clear,1,High
2026-09-20 15:40:00,CBE-PIN-2977,Akshaya College of Engineering Road (Checkpost 30),10.825467,77.040796,59,64.63,23.32,Green,Cloudy,0,Low
2026-09-20 09:41:00,CBE-PIN-2978,Akshaya College of Engineering Road (Approach 31),10.824684,77.049901,89,69.9,32.56,Green,Cloudy,0,Low
2026-09-20 15:57:00,CBE-PIN-2979,Akshaya College of Engineering Road (Junction 32),10.828516,77.04155,194,18.84,95.57,Red,Clear,0,High
2026-09-20 08:43:00,CBE-PIN-2980,Akshaya College of Engineering Road (Link Road 33),10.822152,77.047796,168,16.29,91.01,Green,Breezy,0,High
2026-09-20 09:44:00,CBE-PIN-2981,Akshaya College of Engineering Road (Junction 34),10.825173,77.041015,83,49.37,35.28,Red,Clear,0,Low
2026-09-20 15:07:00,CBE-PIN-2982,Akshaya College of Engineering Road (Junction 35),10.821436,77.046793,57,51.74,21.98,Green,Clear,0,Low
2026-09-20 16:11:00,CBE-PIN-2983,Akshaya College of Engineering Road (Crossway 36),10.824167,77.034745,117,46.84,38.28,Green,Rain,0,Low
2026-09-20 11:55:00,CBE-PIN-2984,Akshaya College of Engineering Road (Bypass 37),10.825775,77.041743,109,62.36,38.84,Red,Breezy,0,Low
2026-09-20 16:44:00,CBE-PIN-2985,Akshaya College of Engineering Road (Approach 38),10.822686,77.038631,181,13.4,90.04,Red,Rain,0,High
2026-09-20 13:45:00,CBE-PIN-2986,Akshaya College of Engineering Road (Link Road 39),10.809136,77.053422,256,13.45,94.22,Green,Clear,0,High
2026-09-20 17:24:00,CBE-PIN-2987,Akshaya College of Engineering Road (Approach 40),10.809172,77.042375,155,14.34,83.33,Yellow,Rain,0,High
2026-09-20 12:03:00,CBE-PIN-2988,Akshaya College of Engineering Road (Bypass 41),10.815602,77.047703,65,62.53,30.68,Green,Cloudy,0,Low
2026-09-20 14:36:00,CBE-PIN-2989,Akshaya College of Engineering Road (Approach 42),10.825269,77.03709,88,66.87,34.05,Red,Breezy,0,Low
2026-09-20 09:23:00,CBE-PIN-2990,Akshaya College of Engineering Road (Junction 43),10.828479,77.037543,54,71.93,17.52,Red,Cloudy,0,Low
2026-09-20 10:12:00,CBE-PIN-2991,Akshaya College of Engineering Road (Junction 44),10.827812,77.04198,96,71.41,32.72,Red,Clear,0,Low
2026-09-20 12:22:00,CBE-PIN-2992,Akshaya College of Engineering Road (Approach 45),10.832047,77.044076,46,49.34,21.21,Green,Clear,0,Low
2026-09-20 18:56:00,CBE-PIN-2993,Akshaya College of Engineering Road (Checkpost 46),10.824303,77.043661,224,14.76,89.21,Green,Clear,0,High
2026-09-20 16:06:00,CBE-PIN-2994,Akshaya College of Engineering Road (Crossway 47),10.823744,77.040731,90,62.76,33.24,Red,Cloudy,0,Low
2026-09-20 13:40:00,CBE-PIN-2995,Akshaya College of Engineering Road (Approach 48),10.82237,77.03982,26,46.79,12.65,Red,Clear,0,Low
2026-09-20 10:11:00,CBE-PIN-2996,Akshaya College of Engineering Road (Junction 49),10.833223,77.037722,193,12.64,81.16,Red,Rain,0,High
2026-09-20 17:20:00,CBE-PIN-2997,Akshaya College of Engineering Road (Link Road 50),10.831213,77.042309,40,51.75,14.39,Green,Clear,0,Low
2026-09-20 11:15:00,CBE-PIN-2998,Akshaya College of Engineering Road (Junction 51),10.826321,77.0388,263,19.34,87.37,Green,Rain,1,High
2026-09-20 10:32:00,CBE-PIN-2999,Akshaya College of Engineering Road (Junction 52),10.823467,77.042641,207,33.44,70.44,Green,Cloudy,0,Medium
2026-09-20 08:57:00,CBE-PIN-3000,Akshaya College of Engineering Road (Crossway 53),10.826113,77.041856,56,56.43,26.45,Yellow,Clear,0,Low
2026-09-20 14:20:00,CBE-PIN-3001,Akshaya College of Engineering Road (Crossway 54),10.825121,77.041891,64,59.67,35.14,Red,Clear,0,Low
2026-09-20 16:48:00,CBE-PIN-3002,Akshaya College of Engineering Road (Bypass 55),10.825973,77.04203,94,69.7,37.18,Red,Breezy,0,Low
2026-09-20 17:39:00,CBE-PIN-3003,Akshaya College of Engineering Road (Junction 56),10.829179,77.045734,83,66.4,34.2,Green,Clear,0,Low
2026-09-20 14:20:00,CBE-PIN-3004,Akshaya College of Engineering Road (Crossway 57),10.828832,77.040797,189,14.59,82.64,Green,Clear,0,High
2026-09-20 13:14:00,CBE-PIN-3005,Akshaya College of Engineering Road (Link Road 58),10.822158,77.041713,118,27.96,47.58,Red,Cloudy,0,Medium
2026-09-20 11:24:00,CBE-PIN-3006,Akshaya College of Engineering Road (Bypass 59),10.827191,77.038142,168,15.51,89.33,Green,Breezy,0,High
2026-09-20 17:56:00,CBE-PIN-3007,Akshaya College of Engineering Road (Crossway 60),10.82373,77.045235,76,59.08,34.74,Red,Cloudy,0,Low
2026-09-20 12:23:00,CBE-PIN-3008,Akshaya College of Engineering Road (Junction 61),10.817238,77.03356,102,24.68,55.16,Red,Clear,0,Medium
2026-09-20 11:16:00,CBE-PIN-3009,Akshaya College of Engineering Road (Crossway 62),10.826771,77.040721,190,18.46,95.93,Green,Clear,0,High
2026-09-20 09:40:00,CBE-PIN-3010,Akshaya College of Engineering Road (Junction 63),10.826458,77.039928,67,69.73,26.52,Red,Clear,0,Low
2026-09-20 09:04:00,CBE-PIN-3011,Akshaya College of Engineering Road (Junction 64),10.806666,77.025454,57,55.68,19.62,Green,Rain,0,Low
2026-09-20 12:22:00,CBE-PIN-3012,Akshaya College of Engineering Road (Approach 65),10.830165,77.040952,107,53.0,38.98,Green,Clear,0,Low
2026-09-20 19:23:00,CBE-PIN-3013,Akshaya College of Engineering Road (Crossway 66),10.826669,77.041853,56,69.27,29.87,Green,Clear,0,Low
2026-09-20 16:49:00,CBE-PIN-3014,Akshaya College of Engineering Road (Crossway 67),10.82082,77.041223,31,70.96,11.65,Green,Clear,0,Low
2026-09-20 17:54:00,CBE-PIN-3015,Akshaya College of Engineering Road (Link Road 68),10.826008,77.041944,151,16.27,77.31,Red,Clear,0,High
2026-09-20 18:43:00,CBE-PIN-3016,Akshaya College of Engineering Road (Crossway 69),10.826274,77.041965,244,16.3,90.01,Red,Cloudy,0,High
2026-09-20 17:10:00,CBE-PIN-3017,Akshaya College of Engineering Road (Junction 70),10.822283,77.043176,63,70.75,21.48,Yellow,Cloudy,0,Low
2026-09-20 18:57:00,CBE-PIN-3018,Akshaya College of Engineering Road (Crossway 71),10.825764,77.042315,107,64.79,38.12,Red,Rain,0,Low
2026-09-20 16:55:00,CBE-PIN-3019,Akshaya College of Engineering Road (Crossway 72),10.824243,77.038294,148,14.34,77.18,Red,Rain,0,High
2026-09-20 14:57:00,CBE-PIN-3020,Akshaya College of Engineering Road (Link Road 73),10.826878,77.040881,165,19.16,81.7,Red,Cloudy,0,High
2026-09-20 15:38:00,CBE-PIN-3021,Akshaya College of Engineering Road (Bypass 74),10.824845,77.043832,79,57.21,31.06,Green,Cloudy,0,Low
2026-09-20 11:03:00,CBE-PIN-3022,Akshaya College of Engineering Road (Link Road 75),10.827354,77.041783,57,55.93,29.99,Red,Clear,0,Low
2026-09-20 11:19:00,CBE-PIN-3023,Akshaya College of Engineering Road (Approach 76),10.8225,77.045277,205,18.06,81.07,Red,Cloudy,0,High
2026-09-20 18:48:00,CBE-PIN-3024,Akshaya College of Engineering Road (Link Road 77),10.826063,77.041129,217,13.84,89.16,Yellow,Cloudy,0,High
2026-09-20 08:23:00,CBE-PIN-3025,Akshaya College of Engineering Road (Crossway 78),10.824798,77.04301,282,21.81,93.29,Red,Clear,0,High
2026-09-20 16:15:00,CBE-PIN-3026,Akshaya College of Engineering Road (Link Road 79),10.818553,77.038243,174,40.94,54.63,Green,Cloudy,0,Medium
2026-09-20 10:36:00,CBE-PIN-3027,Akshaya College of Engineering Road (Junction 80),10.825098,77.042572,193,19.07,82.82,Green,Clear,0,High
2026-09-20 09:57:00,CBE-PIN-3028,Akshaya College of Engineering Road (Crossway 81),10.824241,77.040157,244,13.7,92.9,Red,Cloudy,0,High
2026-09-20 08:00:00,CBE-PIN-3029,Akshaya College of Engineering Road (Approach 82),10.82205,77.043615,93,46.48,37.65,Green,Cloudy,0,Low
2026-09-20 16:16:00,CBE-PIN-3030,Akshaya College of Engineering Road (Checkpost 83),10.827255,77.042073,121,62.34,38.47,Green,Rain,0,Low
2026-09-20 13:41:00,CBE-PIN-3031,Akshaya College of Engineering Road (Junction 84),10.815822,77.051954,220,18.61,80.59,Green,Clear,0,High
2026-09-20 16:59:00,CBE-PIN-3032,Akshaya College of Engineering Road (Link Road 85),10.825252,77.042239,64,67.56,27.4,Yellow,Cloudy,0,Low
2026-09-20 16:25:00,CBE-PIN-3033,Akshaya College of Engineering Road (Junction 86),10.830637,77.041482,157,33.6,56.99,Red,Cloudy,0,Medium
2026-09-20 18:14:00,CBE-PIN-3034,Akshaya College of Engineering Road (Link Road 87),10.819888,77.045519,129,44.25,45.87,Red,Clear,0,Medium
2026-09-20 14:08:00,CBE-PIN-3035,Akshaya College of Engineering Road (Crossway 88),10.82605,77.044787,200,16.22,85.22,Red,Clear,0,High
2026-09-20 11:15:00,CBE-PIN-3036,Akshaya College of Engineering Road (Approach 89),10.819485,77.040728,173,13.13,76.68,Red,Clear,0,High
2026-09-20 17:56:00,CBE-PIN-3037,Akshaya College of Engineering Road (Junction 90),10.82315,77.040219,47,54.09,20.69,Green,Clear,0,Low
2026-09-20 09:05:00,CBE-PIN-3038,Akshaya College of Engineering Road (Junction 91),10.825371,77.04325,104,24.08,56.73,Green,Clear,0,Medium
2026-09-20 17:20:00,CBE-PIN-3039,Akshaya College of Engineering Road (Approach 92),10.825161,77.039309,136,34.89,51.04,Red,Cloudy,0,Medium
2026-09-20 19:18:00,CBE-PIN-3040,Akshaya College of Engineering Road (Bypass 93),10.828599,77.042111,24,57.09,12.1,Red,Rain,0,Low
2026-09-20 19:16:00,CBE-PIN-3041,Akshaya College of Engineering Road (Checkpost 94),10.822663,77.041307,39,65.39,18.55,Red,Cloudy,0,Low
2026-09-20 11:48:00,CBE-PIN-3042,Akshaya College of Engineering Road (Bypass 95),10.825753,77.039325,262,17.56,82.44,Red,Clear,0,High
2026-09-20 16:37:00,CBE-PIN-3043,Akshaya College of Engineering Road (Crossway 96),10.82513,77.039903,193,18.76,77.64,Red,Clear,0,High
2026-09-20 18:05:00,CBE-PIN-3044,Akshaya College of Engineering Road (Bypass 97),10.828115,77.040857,48,63.48,17.58,Green,Clear,0,Low
2026-09-20 17:30:00,CBE-PIN-3045,Akshaya College of Engineering Road (Link Road 98),10.825437,77.044523,29,54.29,14.65,Green,Clear,0,Low
2026-09-20 11:57:00,CBE-PIN-3046,Akshaya College of Engineering Road (Checkpost 99),10.828737,77.041629,55,68.33,30.33,Red,Clear,0,Low
2026-09-20 17:37:00,CBE-PIN-3047,Akshaya College of Engineering Road (Bypass 100),10.825047,77.042404,226,17.3,80.74,Green,Clear,0,High
2026-09-20 19:48:00,CBE-PIN-3048,Akshaya College of Engineering Road (Link Road 101),10.82655,77.041467,84,66.11,31.07,Green,Clear,0,Low
2026-09-20 09:05:00,CBE-PIN-3049,Akshaya College of Engineering Road (Bypass 102),10.825716,77.041511,113,33.11,48.86,Yellow,Clear,0,Medium
2026-09-20 15:42:00,CBE-PIN-3050,Akshaya College of Engineering Road (Checkpost 103),10.835254,77.045749,47,65.0,15.01,Green,Cloudy,0,Low
2026-09-20 14:16:00,CBE-PIN-3051,Akshaya College of Engineering Road (Bypass 104),10.819881,77.038749,176,12.15,89.49,Green,Clear,0,High
2026-09-20 11:35:00,CBE-PIN-3052,Akshaya College of Engineering Road (Junction 105),10.825358,77.045032,73,49.77,31.44,Red,Cloudy,0,Low
2026-09-20 17:22:00,CBE-PIN-3053,Akshaya College of Engineering Road (Approach 106),10.826048,77.042453,83,44.62,43.14,Green,Clear,0,Medium
2026-09-20 19:19:00,CBE-PIN-3054,Akshaya College of Engineering Road (Bypass 107),10.82518,77.042053,252,18.26,83.13,Yellow,Rain,0,High
2026-09-20 16:21:00,CBE-PIN-3055,Akshaya College of Engineering Road (Junction 108),10.829502,77.034018,227,20.92,77.52,Red,Cloudy,0,High
2026-09-20 11:15:00,CBE-PIN-3056,Akshaya College of Engineering Road (Approach 109),10.825967,77.042094,74,71.43,33.87,Red,Clear,0,Low
2026-09-20 11:44:00,CBE-PIN-3057,Akshaya College of Engineering Road (Approach 110),10.823634,77.042045,79,70.77,27.51,Green,Cloudy,0,Low
2026-09-20 09:22:00,CBE-PIN-3058,Akshaya College of Engineering Road (Link Road 111),10.823704,77.043052,84,51.05,30.0,Red,Rain,0,Low
2026-09-20 11:38:00,CBE-PIN-3059,Akshaya College of Engineering Road (Approach 112),10.822834,77.038876,177,41.12,58.7,Red,Rain,0,Medium
2026-09-20 10:07:00,CBE-PIN-3060,Akshaya College of Engineering Road (Crossway 113),10.825813,77.04213,71,69.14,23.56,Yellow,Cloudy,0,Low
2026-09-20 17:26:00,CBE-PIN-3061,Akshaya College of Engineering Road (Approach 114),10.826034,77.040884,98,60.94,32.02,Green,Clear,0,Low
2026-09-20 12:28:00,CBE-PIN-3062,Ponmalai Velayudhaswamy Murugan Temple Footpath (Link Road 1),10.825112,77.014567,77,50.48,31.17,Green,Clear,0,Low
2026-09-20 13:22:00,CBE-PIN-3063,Ponmalai Velayudhaswamy Murugan Temple Footpath (Crossway 2),10.824321,77.014095,50,51.99,22.02,Green,Clear,0,Low
2026-09-20 15:41:00,CBE-PIN-3064,Ponmalai Velayudhaswamy Murugan Temple Footpath (Approach 3),10.823255,77.001679,53,52.28,19.5,Green,Clear,0,Low
2026-09-20 14:25:00,CBE-PIN-3065,Ponmalai Velayudhaswamy Murugan Temple Footpath (Crossway 4),10.823475,77.014573,180,14.19,77.26,Red,Clear,0,High
2026-09-20 19:45:00,CBE-PIN-3066,Ponmalai Velayudhaswamy Murugan Temple Footpath (Checkpost 5),10.825065,77.011399,167,20.95,75.95,Red,Cloudy,0,High
2026-09-20 13:46:00,CBE-PIN-3067,Ponmalai Velayudhaswamy Murugan Temple Footpath (Link Road 6),10.824728,77.013175,275,17.16,94.11,Green,Cloudy,0,High
2026-09-20 16:47:00,CBE-PIN-3068,Ponmalai Velayudhaswamy Murugan Temple Footpath (Junction 7),10.830446,77.009153,35,66.19,15.65,Red,Cloudy,0,Low
2026-09-20 19:54:00,CBE-PIN-3069,Ponmalai Velayudhaswamy Murugan Temple Footpath (Junction 8),10.825277,77.013752,39,60.85,13.12,Red,Clear,0,Low
2026-09-20 16:13:00,CBE-PIN-3070,Ponmalai Velayudhaswamy Murugan Temple Footpath (Approach 9),10.822733,77.018157,250,14.04,79.59,Green,Clear,0,High
2026-09-20 16:43:00,CBE-PIN-3071,Ponmalai Velayudhaswamy Murugan Temple Footpath (Junction 10),10.822786,77.016141,253,12.16,81.08,Red,Clear,0,High
2026-09-20 16:49:00,CBE-PIN-3072,Ponmalai Velayudhaswamy Murugan Temple Footpath (Checkpost 11),10.823786,77.0141,70,49.06,37.45,Red,Rain,0,Low
2026-09-20 12:42:00,CBE-PIN-3073,Ponmalai Velayudhaswamy Murugan Temple Footpath (Link Road 12),10.823082,77.017547,273,20.82,92.4,Yellow,Clear,0,High
2026-09-20 08:42:00,CBE-PIN-3074,Ponmalai Velayudhaswamy Murugan Temple Footpath (Junction 13),10.823028,77.011404,64,54.61,23.4,Green,Clear,0,Low
2026-09-20 13:10:00,CBE-PIN-3075,Ponmalai Velayudhaswamy Murugan Temple Footpath (Bypass 14),10.826663,77.013547,94,50.83,30.16,Green,Clear,0,Low
2026-09-20 09:26:00,CBE-PIN-3076,Ponmalai Velayudhaswamy Murugan Temple Footpath (Crossway 15),10.82441,77.015525,73,69.54,25.11,Red,Breezy,0,Low
2026-09-20 14:56:00,CBE-PIN-3077,Ponmalai Velayudhaswamy Murugan Temple Footpath (Link Road 16),10.819827,77.014382,111,61.63,36.82,Red,Clear,0,Low
2026-09-20 11:38:00,CBE-PIN-3078,Ponmalai Velayudhaswamy Murugan Temple Footpath (Junction 17),10.824773,77.01452,43,52.76,15.52,Green,Clear,0,Low
2026-09-20 15:29:00,CBE-PIN-3079,Ponmalai Velayudhaswamy Murugan Temple Footpath (Approach 18),10.824769,77.013434,61,56.24,25.24,Green,Clear,0,Low
2026-09-20 15:17:00,CBE-PIN-3080,Ponmalai Velayudhaswamy Murugan Temple Footpath (Link Road 19),10.824161,77.014182,212,13.5,83.07,Yellow,Rain,0,High
2026-09-20 19:24:00,CBE-PIN-3081,Ponmalai Velayudhaswamy Murugan Temple Footpath (Crossway 20),10.817288,77.018082,94,42.04,50.51,Green,Clear,0,Medium
2026-09-20 10:02:00,CBE-PIN-3082,Ponmalai Velayudhaswamy Murugan Temple Footpath (Link Road 21),10.821497,77.011217,178,40.92,58.14,Green,Clear,0,Medium
2026-09-20 09:22:00,CBE-PIN-3083,Ponmalai Velayudhaswamy Murugan Temple Footpath (Link Road 22),10.815941,77.012674,66,59.95,31.73,Red,Clear,0,Low
2026-09-20 13:13:00,CBE-PIN-3084,Ponmalai Velayudhaswamy Murugan Temple Footpath (Bypass 23),10.823987,77.015681,100,55.53,31.88,Red,Clear,0,Low
2026-09-20 08:21:00,CBE-PIN-3085,Ponmalai Velayudhaswamy Murugan Temple Footpath (Checkpost 24),10.826108,77.01161,56,62.94,22.29,Green,Clear,0,Low
2026-09-20 08:10:00,CBE-PIN-3086,Ponmalai Velayudhaswamy Murugan Temple Footpath (Bypass 25),10.823796,77.012816,55,65.99,18.17,Green,Clear,0,Low
2026-09-20 15:24:00,CBE-PIN-3087,Ponmalai Velayudhaswamy Murugan Temple Footpath (Crossway 26),10.823571,77.015328,69,70.38,32.59,Green,Cloudy,0,Low
2026-09-20 17:12:00,CBE-PIN-3088,Ponmalai Velayudhaswamy Murugan Temple Footpath (Crossway 27),10.819139,77.018294,97,41.31,51.33,Green,Clear,0,Medium
2026-09-20 18:31:00,CBE-PIN-3089,Ponmalai Velayudhaswamy Murugan Temple Footpath (Junction 28),10.821679,77.013093,65,68.51,25.15,Red,Rain,0,Low
2026-09-20 16:03:00,CBE-PIN-3090,Ponmalai Velayudhaswamy Murugan Temple Footpath (Crossway 29),10.82359,77.014136,173,19.66,88.89,Green,Clear,0,High
2026-09-20 08:26:00,CBE-PIN-3091,Ponmalai Velayudhaswamy Murugan Temple Footpath (Bypass 30),10.822147,77.012805,205,32.48,67.42,Red,Cloudy,0,Medium
2026-09-20 09:28:00,CBE-PIN-3092,Ponmalai Velayudhaswamy Murugan Temple Footpath (Crossway 31),10.818372,77.017216,77,67.16,25.03,Yellow,Rain,0,Low
2026-09-20 08:34:00,CBE-PIN-3093,Ponmalai Velayudhaswamy Murugan Temple Footpath (Crossway 32),10.823537,77.015244,236,17.2,95.75,Green,Rain,0,High
2026-09-20 18:26:00,CBE-PIN-3094,Ponmalai Velayudhaswamy Murugan Temple Footpath (Checkpost 33),10.815671,77.017037,71,54.61,24.59,Green,Clear,0,Low
2026-09-20 08:18:00,CBE-PIN-3095,Ponmalai Velayudhaswamy Murugan Temple Footpath (Crossway 34),10.834043,77.024808,46,59.02,21.08,Red,Rain,0,Low
2026-09-20 13:00:00,CBE-PIN-3096,Ponmalai Velayudhaswamy Murugan Temple Footpath (Link Road 35),10.824081,77.011037,52,51.68,28.88,Red,Cloudy,0,Low
2026-09-20 18:16:00,CBE-PIN-3097,Ponmalai Velayudhaswamy Murugan Temple Footpath (Junction 36),10.824565,77.012614,85,51.32,36.56,Red,Rain,0,Low
2026-09-20 11:53:00,CBE-PIN-3098,Ponmalai Velayudhaswamy Murugan Temple Footpath (Approach 37),10.826398,77.013332,120,31.35,49.2,Green,Cloudy,0,Medium
2026-09-20 18:27:00,CBE-PIN-3099,Ponmalai Velayudhaswamy Murugan Temple Footpath (Link Road 38),10.822999,77.014673,55,53.9,19.39,Green,Breezy,0,Low
2026-09-20 18:28:00,CBE-PIN-3100,Ponmalai Velayudhaswamy Murugan Temple Footpath (Junction 39),10.823891,77.014199,130,26.34,54.15,Green,Cloudy,0,Medium
2026-09-20 13:55:00,CBE-PIN-3101,Ponmalai Velayudhaswamy Murugan Temple Footpath (Bypass 40),10.817985,77.010866,110,41.26,59.24,Red,Clear,0,Medium
2026-09-20 16:35:00,CBE-PIN-3102,Ponmalai Velayudhaswamy Murugan Temple Footpath (Checkpost 41),10.825487,77.017512,80,54.13,26.76,Red,Cloudy,0,Low
2026-09-20 08:16:00,CBE-PIN-3103,Ponmalai Velayudhaswamy Murugan Temple Footpath (Checkpost 42),10.823497,77.014371,67,67.81,28.07,Green,Cloudy,0,Low
2026-09-20 15:31:00,CBE-PIN-3104,Ponmalai Velayudhaswamy Murugan Temple Footpath (Checkpost 43),10.820096,77.012219,82,51.82,30.98,Red,Cloudy,0,Low
2026-09-20 11:08:00,CBE-PIN-3105,Ponmalai Velayudhaswamy Murugan Temple Footpath (Bypass 44),10.826724,77.004233,55,54.36,21.77,Green,Cloudy,0,Low
2026-09-20 15:35:00,CBE-PIN-3106,Ponmalai Velayudhaswamy Murugan Temple Footpath (Checkpost 45),10.821432,77.013632,175,12.69,75.16,Green,Clear,0,High
2026-09-20 14:39:00,CBE-PIN-3107,Ponmalai Velayudhaswamy Murugan Temple Footpath (Junction 46),10.82223,77.014412,156,36.98,57.19,Red,Clear,0,Medium
2026-09-20 12:02:00,CBE-PIN-3108,Ponmalai Velayudhaswamy Murugan Temple Footpath (Approach 47),10.823751,77.0139,252,17.09,94.36,Red,Breezy,0,High
2026-09-20 15:27:00,CBE-PIN-3109,Ponmalai Velayudhaswamy Murugan Temple Footpath (Link Road 48),10.822257,77.013737,29,59.61,13.72,Green,Clear,0,Low
2026-09-20 13:21:00,CBE-PIN-3110,Ponmalai Velayudhaswamy Murugan Temple Footpath (Crossway 49),10.823393,77.014255,137,26.43,46.81,Green,Clear,0,Medium
2026-09-20 08:31:00,CBE-PIN-3111,Ponmalai Velayudhaswamy Murugan Temple Footpath (Bypass 50),10.823285,77.013715,91,41.75,42.99,Red,Rain,0,Medium
2026-09-20 16:23:00,CBE-PIN-3112,Ponmalai Velayudhaswamy Murugan Temple Footpath (Crossway 51),10.827978,77.017586,101,70.11,34.76,Green,Cloudy,0,Low
2026-09-20 16:00:00,CBE-PIN-3113,Ponmalai Velayudhaswamy Murugan Temple Footpath (Junction 52),10.826476,77.016989,74,69.4,30.17,Yellow,Breezy,0,Low
2026-09-20 16:15:00,CBE-PIN-3114,Ponmalai Velayudhaswamy Murugan Temple Footpath (Bypass 53),10.823053,77.010669,217,14.06,80.27,Green,Cloudy,0,High
2026-09-20 18:50:00,CBE-PIN-3115,Ponmalai Velayudhaswamy Murugan Temple Footpath (Checkpost 54),10.822793,77.014903,48,71.19,24.41,Green,Clear,0,Low
2026-09-20 12:15:00,CBE-PIN-3116,Ponmalai Velayudhaswamy Murugan Temple Footpath (Junction 55),10.824096,77.013776,103,71.62,37.16,Red,Clear,0,Low
2026-09-20 09:59:00,CBE-PIN-3117,Ponmalai Velayudhaswamy Murugan Temple Footpath (Crossway 56),10.825246,77.015259,77,62.34,30.52,Red,Rain,0,Low
2026-09-20 18:05:00,CBE-PIN-3118,Ponmalai Velayudhaswamy Murugan Temple Footpath (Checkpost 57),10.826931,77.014227,23,46.95,10.1,Green,Cloudy,0,Low
2026-09-20 08:29:00,CBE-PIN-3119,Ponmalai Velayudhaswamy Murugan Temple Footpath (Junction 58),10.824854,77.013912,181,13.86,90.2,Green,Breezy,0,High
2026-09-20 16:35:00,CBE-PIN-3120,Ponmalai Velayudhaswamy Murugan Temple Footpath (Approach 59),10.821601,77.022131,50,53.61,27.07,Green,Clear,0,Low
2026-09-20 13:50:00,CBE-PIN-3121,Ponmalai Velayudhaswamy Murugan Temple Footpath (Bypass 60),10.821372,77.013715,74,47.16,23.33,Red,Clear,0,Low
2026-09-20 19:24:00,CBE-PIN-3122,Ponmalai Velayudhaswamy Murugan Temple Footpath (Approach 61),10.823242,77.012525,36,65.82,14.56,Green,Cloudy,0,Low
2026-09-20 08:14:00,CBE-PIN-3123,Ponmalai Velayudhaswamy Murugan Temple Footpath (Checkpost 62),10.825722,77.019025,180,19.99,84.85,Green,Rain,0,High
2026-09-20 09:56:00,CBE-PIN-3124,Ponmalai Velayudhaswamy Murugan Temple Footpath (Link Road 63),10.825742,77.017169,36,63.53,15.67,Red,Clear,0,Low
2026-09-20 16:40:00,CBE-PIN-3125,Ponmalai Velayudhaswamy Murugan Temple Footpath (Crossway 64),10.824357,77.012723,81,67.9,36.36,Red,Clear,0,Low
2026-09-20 08:16:00,CBE-PIN-3126,Ponmalai Velayudhaswamy Murugan Temple Footpath (Bypass 65),10.819237,77.010484,248,14.76,79.31,Green,Rain,0,High
2026-09-20 11:07:00,CBE-PIN-3127,Ponmalai Velayudhaswamy Murugan Temple Footpath (Bypass 66),10.829444,77.012152,60,67.96,27.42,Green,Clear,0,Low
2026-09-20 09:34:00,CBE-PIN-3128,Ponmalai Velayudhaswamy Murugan Temple Footpath (Crossway 67),10.828327,77.009829,142,20.79,77.0,Red,Cloudy,0,High
2026-09-20 08:34:00,CBE-PIN-3129,Ponmalai Velayudhaswamy Murugan Temple Footpath (Checkpost 68),10.823575,77.011639,58,67.14,32.23,Red,Cloudy,0,Low
2026-09-20 16:56:00,CBE-PIN-3130,Ponmalai Velayudhaswamy Murugan Temple Footpath (Link Road 69),10.823632,77.009311,34,50.94,13.56,Green,Clear,0,Low
2026-09-20 14:01:00,CBE-PIN-3131,Ponmalai Velayudhaswamy Murugan Temple Footpath (Link Road 70),10.821709,77.012821,100,47.92,33.65,Red,Cloudy,0,Low
2026-09-20 12:27:00,CBE-PIN-3132,Ponmalai Velayudhaswamy Murugan Temple Footpath (Junction 71),10.823587,77.014546,56,47.03,17.9,Green,Clear,0,Low
2026-09-20 10:59:00,CBE-PIN-3133,Ponmalai Velayudhaswamy Murugan Temple Footpath (Checkpost 72),10.818173,77.010953,60,50.3,19.13,Green,Cloudy,0,Low
2026-09-20 10:46:00,CBE-PIN-3134,Ponmalai Velayudhaswamy Murugan Temple Footpath (Approach 73),10.824059,77.014084,53,69.92,18.33,Red,Clear,0,Low
2026-09-20 19:14:00,CBE-PIN-3135,Ponmalai Velayudhaswamy Murugan Temple Footpath (Checkpost 74),10.823488,77.013899,40,71.12,15.66,Red,Clear,0,Low
2026-09-20 09:39:00,CBE-PIN-3136,Ponmalai Velayudhaswamy Murugan Temple Footpath (Junction 75),10.813536,77.011416,150,30.5,56.41,Green,Clear,0,Medium
2026-09-20 17:13:00,CBE-PIN-3137,Ponmalai Velayudhaswamy Murugan Temple Footpath (Bypass 76),10.82299,77.017567,242,18.04,84.39,Green,Clear,0,High
2026-09-20 13:05:00,CBE-PIN-3138,Ponmalai Velayudhaswamy Murugan Temple Footpath (Checkpost 77),10.822673,77.023819,151,19.26,83.01,Green,Clear,0,High
2026-09-20 19:02:00,CBE-PIN-3139,Ponmalai Velayudhaswamy Murugan Temple Footpath (Junction 78),10.822993,77.010594,78,69.43,26.14,Green,Cloudy,0,Low
2026-09-20 17:34:00,CBE-PIN-3140,Ponmalai Velayudhaswamy Murugan Temple Footpath (Approach 79),10.826617,77.014548,37,50.72,20.23,Red,Clear,0,Low
2026-09-20 12:52:00,CBE-PIN-3141,Ponmalai Velayudhaswamy Murugan Temple Footpath (Approach 80),10.821944,77.020954,135,33.39,52.95,Yellow,Clear,0,Medium
2026-09-20 13:47:00,CBE-PIN-3142,Ponmalai Velayudhaswamy Murugan Temple Footpath (Crossway 81),10.823082,77.013085,250,16.04,95.66,Red,Clear,0,High
2026-09-20 09:38:00,CBE-PIN-3143,Ponmalai Velayudhaswamy Murugan Temple Footpath (Junction 82),10.825413,77.013181,178,17.46,91.69,Green,Clear,1,High
2026-09-20 08:21:00,CBE-PIN-3144,Ponmalai Velayudhaswamy Murugan Temple Footpath (Link Road 83),10.82384,77.014852,76,50.55,29.71,Red,Clear,0,Low
2026-09-20 09:21:00,CBE-PIN-3145,Ponmalai Velayudhaswamy Murugan Temple Footpath (Approach 84),10.826748,77.017425,71,49.27,24.34,Yellow,Clear,0,Low
2026-09-20 14:15:00,CBE-PIN-3146,Ponmalai Velayudhaswamy Murugan Temple Footpath (Crossway 85),10.823891,77.014197,174,26.91,63.45,Red,Clear,0,Medium
2026-09-20 13:28:00,CBE-PIN-3147,Ponmalai Velayudhaswamy Murugan Temple Footpath (Link Road 86),10.824326,77.014242,166,20.17,84.77,Red,Cloudy,0,High
2026-09-20 16:21:00,CBE-PIN-3148,Ponmalai Velayudhaswamy Murugan Temple Footpath (Junction 87),10.822764,77.013277,180,38.43,68.9,Red,Clear,0,Medium
2026-09-20 14:54:00,CBE-PIN-3149,Ponmalai Velayudhaswamy Murugan Temple Footpath (Junction 88),10.824785,77.013342,94,70.81,37.28,Red,Cloudy,0,Low
2026-09-20 17:28:00,CBE-PIN-3150,Ponmalai Velayudhaswamy Murugan Temple Footpath (Approach 89),10.823699,77.017498,292,21.69,94.29,Red,Clear,0,High
2026-09-20 18:56:00,CBE-PIN-3151,Ponmalai Velayudhaswamy Murugan Temple Footpath (Link Road 90),10.824599,77.003667,39,63.62,12.98,Green,Clear,0,Low
2026-09-20 12:52:00,CBE-PIN-3152,Ponmalai Velayudhaswamy Murugan Temple Footpath (Link Road 91),10.822342,77.011754,234,17.96,75.29,Red,Rain,0,High
2026-09-20 16:52:00,CBE-PIN-3153,Ponmalai Velayudhaswamy Murugan Temple Footpath (Bypass 92),10.822533,77.017384,73,59.04,35.58,Green,Clear,0,Low
2026-09-20 14:06:00,CBE-PIN-3154,Ponmalai Velayudhaswamy Murugan Temple Footpath (Bypass 93),10.818816,77.017851,101,50.57,36.62,Green,Clear,0,Low
2026-09-20 14:00:00,CBE-PIN-3155,Ponmalai Velayudhaswamy Murugan Temple Footpath (Junction 94),10.82602,77.012389,42,46.15,13.89,Green,Clear,0,Low
2026-09-20 16:16:00,CBE-PIN-3156,Ponmalai Velayudhaswamy Murugan Temple Footpath (Approach 95),10.82105,77.016769,240,16.58,85.66,Green,Clear,0,High
2026-09-20 19:13:00,CBE-PIN-3157,Ponmalai Velayudhaswamy Murugan Temple Footpath (Bypass 96),10.825562,77.024038,45,52.16,19.35,Red,Rain,0,Low
2026-09-20 08:53:00,CBE-PIN-3158,Ponmalai Velayudhaswamy Murugan Temple Footpath (Checkpost 97),10.825015,77.014551,84,61.19,28.38,Red,Cloudy,0,Low
2026-09-20 16:33:00,CBE-PIN-3159,Ponmalai Velayudhaswamy Murugan Temple Footpath (Junction 98),10.838019,77.016476,97,60.67,38.8,Green,Cloudy,0,Low
2026-09-20 12:17:00,CBE-PIN-3160,Ponmalai Velayudhaswamy Murugan Temple Footpath (Approach 99),10.817585,77.014579,25,47.86,12.52,Red,Cloudy,0,Low
2026-09-20 13:01:00,CBE-PIN-3161,Ponmalai Velayudhaswamy Murugan Temple Footpath (Junction 100),10.824828,77.014896,202,21.71,83.3,Green,Breezy,0,High
2026-09-20 17:41:00,CBE-PIN-3162,Ponmalai Velayudhaswamy Murugan Temple Footpath (Bypass 101),10.824098,77.014487,76,46.81,38.2,Green,Cloudy,0,Low
2026-09-20 08:08:00,CBE-PIN-3163,Ponmalai Velayudhaswamy Murugan Temple Footpath (Crossway 102),10.819891,77.012521,34,47.72,19.13,Red,Clear,0,Low
2026-09-20 16:04:00,CBE-PIN-3164,Ponmalai Velayudhaswamy Murugan Temple Footpath (Junction 103),10.82342,77.01081,261,18.03,88.59,Red,Clear,0,High
2026-09-20 13:56:00,CBE-PIN-3165,Ponmalai Velayudhaswamy Murugan Temple Footpath (Link Road 104),10.822021,77.014757,84,58.51,32.88,Green,Clear,0,Low
2026-09-20 14:40:00,CBE-PIN-3166,Ponmalai Velayudhaswamy Murugan Temple Footpath (Bypass 105),10.824037,77.01427,185,18.41,83.38,Green,Clear,0,High
2026-09-20 11:46:00,CBE-PIN-3167,Ponmalai Velayudhaswamy Murugan Temple Footpath (Bypass 106),10.823716,77.013774,93,54.87,30.68,Red,Clear,0,Low
2026-09-20 14:59:00,CBE-PIN-3168,Ponmalai Velayudhaswamy Murugan Temple Footpath (Approach 107),10.819953,77.01913,203,14.67,89.3,Green,Cloudy,0,High
2026-09-20 19:19:00,CBE-PIN-3169,Ponmalai Velayudhaswamy Murugan Temple Footpath (Link Road 108),10.8368,77.0253,106,62.61,35.41,Green,Clear,0,Low
2026-09-20 17:10:00,CBE-PIN-3170,Ponmalai Velayudhaswamy Murugan Temple Footpath (Junction 109),10.820196,77.017405,77,46.61,25.6,Green,Clear,0,Low
2026-09-20 10:32:00,CBE-PIN-3171,Ponmalai Velayudhaswamy Murugan Temple Footpath (Crossway 110),10.812161,77.019367,181,14.63,76.78,Green,Cloudy,0,High
2026-09-20 09:35:00,CBE-PIN-3172,Ponmalai Velayudhaswamy Murugan Temple Footpath (Bypass 111),10.823158,77.018472,102,46.31,35.67,Green,Clear,0,Low
2026-09-20 18:17:00,CBE-PIN-3173,Ponmalai Velayudhaswamy Murugan Temple Footpath (Link Road 112),10.834502,77.021613,174,18.28,91.74,Green,Cloudy,0,High
2026-09-20 12:11:00,CBE-PIN-3174,Ponmalai Velayudhaswamy Murugan Temple Footpath (Link Road 113),10.825403,77.0126,48,63.45,15.64,Red,Clear,0,Low
2026-09-20 18:41:00,CBE-PIN-3175,Ponmalai Velayudhaswamy Murugan Temple Footpath (Junction 114),10.823942,77.013997,80,62.58,29.92,Green,Clear,0,Low
2026-09-20 15:15:00,CBE-PIN-3176,Kinathukadavu New Bus Stand (Junction 1),10.818354,77.019116,123,29.05,65.06,Red,Cloudy,0,Medium
2026-09-20 15:13:00,CBE-PIN-3177,Kinathukadavu New Bus Stand (Checkpost 2),10.822225,77.019811,83,53.33,28.14,Green,Clear,0,Low
2026-09-20 15:30:00,CBE-PIN-3178,Kinathukadavu New Bus Stand (Checkpost 3),10.818184,77.022938,264,19.38,94.92,Red,Clear,1,High
2026-09-20 18:08:00,CBE-PIN-3179,Kinathukadavu New Bus Stand (Junction 4),10.824392,77.017669,229,12.21,91.45,Yellow,Clear,0,High
2026-09-20 11:31:00,CBE-PIN-3180,Kinathukadavu New Bus Stand (Crossway 5),10.821061,77.018071,147,30.98,61.44,Green,Clear,0,Medium
2026-09-20 12:30:00,CBE-PIN-3181,Kinathukadavu New Bus Stand (Approach 6),10.821072,77.018198,224,14.27,83.88,Red,Clear,0,High
2026-09-20 19:43:00,CBE-PIN-3182,Kinathukadavu New Bus Stand (Bypass 7),10.82028,77.018475,88,61.24,37.39,Green,Clear,0,Low
2026-09-20 14:49:00,CBE-PIN-3183,Kinathukadavu New Bus Stand (Link Road 8),10.818845,77.024957,190,42.6,63.87,Red,Cloudy,0,Medium
2026-09-20 16:52:00,CBE-PIN-3184,Kinathukadavu New Bus Stand (Approach 9),10.824061,77.016301,264,21.82,93.1,Green,Clear,0,High
2026-09-20 18:40:00,CBE-PIN-3185,Kinathukadavu New Bus Stand (Checkpost 10),10.821646,77.017958,180,17.64,76.19,Yellow,Clear,0,High
2026-09-20 11:35:00,CBE-PIN-3186,Kinathukadavu New Bus Stand (Crossway 11),10.821171,77.01838,273,19.6,93.36,Green,Clear,0,High
2026-09-20 16:27:00,CBE-PIN-3187,Kinathukadavu New Bus Stand (Junction 12),10.82418,77.020827,103,69.55,35.28,Red,Clear,0,Low
2026-09-20 19:03:00,CBE-PIN-3188,Kinathukadavu New Bus Stand (Bypass 13),10.819942,77.015313,250,13.66,88.84,Red,Clear,0,High
2026-09-20 14:10:00,CBE-PIN-3189,Kinathukadavu New Bus Stand (Approach 14),10.821086,77.018215,286,15.99,92.54,Red,Clear,0,High
2026-09-20 17:51:00,CBE-PIN-3190,Kinathukadavu New Bus Stand (Junction 15),10.821446,77.020407,158,20.84,82.1,Red,Clear,0,High
2026-09-20 10:01:00,CBE-PIN-3191,Kinathukadavu New Bus Stand (Link Road 16),10.820721,77.020726,48,49.23,20.81,Green,Rain,0,Low
2026-09-20 14:45:00,CBE-PIN-3192,Kinathukadavu New Bus Stand (Link Road 17),10.824815,77.020538,64,59.97,24.46,Green,Clear,0,Low
2026-09-20 16:25:00,CBE-PIN-3193,Kinathukadavu New Bus Stand (Crossway 18),10.823848,77.018704,125,28.36,47.08,Green,Clear,0,Medium
2026-09-20 18:52:00,CBE-PIN-3194,Kinathukadavu New Bus Stand (Link Road 19),10.821977,77.01303,170,20.83,75.27,Green,Clear,0,High
2026-09-20 09:51:00,CBE-PIN-3195,Kinathukadavu New Bus Stand (Checkpost 20),10.819764,77.018079,35,64.58,18.14,Green,Clear,0,Low
2026-09-20 19:57:00,CBE-PIN-3196,Kinathukadavu New Bus Stand (Junction 21),10.821647,77.018414,188,20.25,75.92,Green,Clear,0,High
2026-09-20 18:10:00,CBE-PIN-3197,Kinathukadavu New Bus Stand (Checkpost 22),10.819597,77.0129,77,51.34,24.49,Green,Breezy,0,Low
2026-09-20 11:08:00,CBE-PIN-3198,Kinathukadavu New Bus Stand (Bypass 23),10.817456,77.019146,22,56.25,10.96,Red,Cloudy,0,Low
2026-09-20 16:47:00,CBE-PIN-3199,Kinathukadavu New Bus Stand (Link Road 24),10.82114,77.018224,133,27.33,49.61,Green,Clear,0,Medium
2026-09-20 12:22:00,CBE-PIN-3200,Kinathukadavu New Bus Stand (Junction 25),10.820018,77.017603,153,41.42,73.93,Green,Cloudy,0,Medium
2026-09-20 12:14:00,CBE-PIN-3201,Kinathukadavu New Bus Stand (Junction 26),10.82187,77.017932,233,13.49,90.47,Red,Clear,0,High
2026-09-20 16:56:00,CBE-PIN-3202,Kinathukadavu New Bus Stand (Approach 27),10.820432,77.019247,188,15.37,86.51,Yellow,Cloudy,0,High
2026-09-20 14:21:00,CBE-PIN-3203,Kinathukadavu New Bus Stand (Bypass 28),10.821859,77.017363,86,58.04,28.77,Red,Clear,0,Low
2026-09-20 17:16:00,CBE-PIN-3204,Kinathukadavu New Bus Stand (Approach 29),10.821558,77.01524,38,64.66,18.17,Green,Clear,0,Low
2026-09-20 09:16:00,CBE-PIN-3205,Kinathukadavu New Bus Stand (Approach 30),10.827107,77.019916,43,67.65,14.42,Green,Cloudy,0,Low
2026-09-20 10:51:00,CBE-PIN-3206,Kinathukadavu New Bus Stand (Crossway 31),10.816597,77.017357,185,17.29,81.12,Green,Rain,0,High
2026-09-20 08:35:00,CBE-PIN-3207,Kinathukadavu New Bus Stand (Approach 32),10.818997,77.022363,40,46.48,20.47,Green,Clear,0,Low
2026-09-20 09:50:00,CBE-PIN-3208,Kinathukadavu New Bus Stand (Crossway 33),10.821298,77.017489,95,36.76,45.45,Green,Cloudy,0,Medium
2026-09-20 10:55:00,CBE-PIN-3209,Kinathukadavu New Bus Stand (Link Road 34),10.813616,77.022979,52,58.57,20.42,Green,Clear,0,Low
2026-09-20 12:29:00,CBE-PIN-3210,Kinathukadavu New Bus Stand (Link Road 35),10.820825,77.018935,275,12.69,89.73,Red,Clear,0,High
2026-09-20 08:31:00,CBE-PIN-3211,Kinathukadavu New Bus Stand (Bypass 36),10.822231,77.017043,24,64.95,13.02,Red,Cloudy,0,Low
2026-09-20 12:32:00,CBE-PIN-3212,Kinathukadavu New Bus Stand (Crossway 37),10.818597,77.015388,63,64.73,29.13,Green,Cloudy,0,Low
2026-09-20 13:06:00,CBE-PIN-3213,Kinathukadavu New Bus Stand (Crossway 38),10.822688,77.018432,27,57.11,10.72,Green,Clear,0,Low
2026-09-20 10:56:00,CBE-PIN-3214,Kinathukadavu New Bus Stand (Link Road 39),10.820668,77.019194,262,14.73,84.43,Green,Clear,0,High
2026-09-20 08:43:00,CBE-PIN-3215,Kinathukadavu New Bus Stand (Checkpost 40),10.821179,77.021224,84,65.13,29.96,Green,Cloudy,0,Low
2026-09-20 14:21:00,CBE-PIN-3216,Kinathukadavu New Bus Stand (Junction 41),10.820432,77.027281,200,21.05,81.57,Red,Cloudy,0,High
2026-09-20 19:20:00,CBE-PIN-3217,Kinathukadavu New Bus Stand (Approach 42),10.821592,77.016729,58,50.99,19.14,Red,Clear,0,Low
2026-09-20 12:23:00,CBE-PIN-3218,Kinathukadavu New Bus Stand (Junction 43),10.829237,77.023835,190,26.12,73.04,Red,Clear,0,Medium
2026-09-20 19:03:00,CBE-PIN-3219,Kinathukadavu New Bus Stand (Bypass 44),10.815777,77.014256,234,20.0,83.28,Red,Clear,0,High
2026-09-20 14:32:00,CBE-PIN-3220,Kinathukadavu New Bus Stand (Bypass 45),10.818022,77.01816,48,61.28,16.5,Green,Clear,0,Low
2026-09-20 13:41:00,CBE-PIN-3221,Kinathukadavu New Bus Stand (Junction 46),10.819841,77.020386,65,52.88,20.78,Green,Cloudy,0,Low
2026-09-20 13:03:00,CBE-PIN-3222,Kinathukadavu New Bus Stand (Link Road 47),10.821569,77.026311,163,19.1,79.62,Red,Rain,0,High
2026-09-20 12:34:00,CBE-PIN-3223,Kinathukadavu New Bus Stand (Crossway 48),10.819277,77.02115,220,15.0,89.88,Yellow,Clear,0,High
2026-09-20 12:59:00,CBE-PIN-3224,Kinathukadavu New Bus Stand (Link Road 49),10.820802,77.018103,27,62.27,15.34,Green,Clear,0,Low
2026-09-20 12:18:00,CBE-PIN-3225,Kinathukadavu New Bus Stand (Checkpost 50),10.819274,77.015786,241,18.03,76.19,Green,Clear,0,High
2026-09-20 11:37:00,CBE-PIN-3226,Kinathukadavu New Bus Stand (Checkpost 51),10.822633,77.007392,30,64.92,12.19,Green,Clear,0,Low
2026-09-20 15:40:00,CBE-PIN-3227,Kinathukadavu New Bus Stand (Bypass 52),10.820417,77.019887,78,43.22,42.98,Green,Rain,0,Medium
2026-09-20 09:08:00,CBE-PIN-3228,Kinathukadavu New Bus Stand (Approach 53),10.821289,77.018134,135,27.2,65.8,Green,Cloudy,0,Medium
2026-09-20 12:39:00,CBE-PIN-3229,Kinathukadavu New Bus Stand (Link Road 54),10.822851,77.016337,68,67.97,31.21,Red,Cloudy,0,Low
2026-09-20 12:14:00,CBE-PIN-3230,Kinathukadavu New Bus Stand (Approach 55),10.821702,77.018283,95,52.24,38.13,Red,Clear,0,Low
2026-09-20 11:55:00,CBE-PIN-3231,Kinathukadavu New Bus Stand (Approach 56),10.827643,77.017589,209,21.48,90.14,Green,Cloudy,0,High
2026-09-20 08:42:00,CBE-PIN-3232,Kinathukadavu New Bus Stand (Junction 57),10.820702,77.017551,245,19.88,77.2,Green,Clear,0,High
2026-09-20 09:02:00,CBE-PIN-3233,Kinathukadavu New Bus Stand (Bypass 58),10.821744,77.017939,69,59.92,30.53,Green,Clear,0,Low
2026-09-20 14:19:00,CBE-PIN-3234,Kinathukadavu New Bus Stand (Checkpost 59),10.823016,77.019325,55,47.58,30.45,Red,Cloudy,0,Low
2026-09-20 11:17:00,CBE-PIN-3235,Kinathukadavu New Bus Stand (Bypass 60),10.82059,77.01903,40,62.94,18.61,Red,Rain,0,Low
2026-09-20 12:55:00,CBE-PIN-3236,Kinathukadavu New Bus Stand (Link Road 61),10.824974,77.03003,136,42.82,51.78,Red,Rain,0,Medium
2026-09-20 19:04:00,CBE-PIN-3237,Kinathukadavu New Bus Stand (Checkpost 62),10.82429,77.014382,184,16.84,84.49,Yellow,Clear,0,High
2026-09-20 13:40:00,CBE-PIN-3238,Kinathukadavu New Bus Stand (Crossway 63),10.828459,77.01706,260,19.23,94.67,Green,Cloudy,1,High
2026-09-20 16:50:00,CBE-PIN-3239,Kinathukadavu New Bus Stand (Crossway 64),10.822287,77.018135,50,52.1,22.63,Green,Breezy,0,Low
2026-09-20 19:51:00,CBE-PIN-3240,Kinathukadavu New Bus Stand (Checkpost 65),10.822132,77.018583,52,60.82,23.62,Red,Cloudy,0,Low
2026-09-20 19:43:00,CBE-PIN-3241,Kinathukadavu New Bus Stand (Approach 66),10.819952,77.01786,58,53.59,22.79,Green,Clear,0,Low
2026-09-20 15:50:00,CBE-PIN-3242,Kinathukadavu New Bus Stand (Link Road 67),10.821637,77.019763,214,20.4,91.38,Green,Clear,0,High
2026-09-20 19:01:00,CBE-PIN-3243,Kinathukadavu New Bus Stand (Approach 68),10.819151,77.020754,103,71.94,32.47,Green,Clear,0,Low
2026-09-20 12:40:00,CBE-PIN-3244,Kinathukadavu New Bus Stand (Crossway 69),10.82106,77.018263,138,44.66,57.78,Red,Clear,0,Medium
2026-09-20 13:50:00,CBE-PIN-3245,Kinathukadavu New Bus Stand (Checkpost 70),10.820805,77.017276,69,59.74,35.24,Green,Clear,0,Low
2026-09-20 11:38:00,CBE-PIN-3246,Kinathukadavu New Bus Stand (Crossway 71),10.819415,77.019699,213,12.19,88.99,Yellow,Cloudy,0,High
2026-09-20 19:55:00,CBE-PIN-3247,Kinathukadavu New Bus Stand (Bypass 72),10.821566,77.017849,172,12.03,81.59,Red,Clear,0,High
2026-09-20 10:09:00,CBE-PIN-3248,Kinathukadavu New Bus Stand (Approach 73),10.824313,77.018896,164,26.04,60.23,Green,Breezy,0,Medium
2026-09-20 17:44:00,CBE-PIN-3249,Kinathukadavu New Bus Stand (Checkpost 74),10.821386,77.016981,213,14.34,95.77,Red,Clear,0,High
2026-09-20 18:13:00,CBE-PIN-3250,Kinathukadavu New Bus Stand (Crossway 75),10.826367,77.018239,64,64.02,21.78,Yellow,Clear,0,Low
2026-09-20 17:35:00,CBE-PIN-3251,Kinathukadavu New Bus Stand (Bypass 76),10.819625,77.023256,54,56.93,29.37,Red,Clear,0,Low
2026-09-20 12:49:00,CBE-PIN-3252,Kinathukadavu New Bus Stand (Checkpost 77),10.82014,77.017426,27,69.3,14.04,Green,Cloudy,0,Low
2026-09-20 19:31:00,CBE-PIN-3253,Kinathukadavu New Bus Stand (Crossway 78),10.81914,77.016639,91,59.55,38.72,Red,Clear,0,Low
2026-09-20 12:32:00,CBE-PIN-3254,Kinathukadavu New Bus Stand (Approach 79),10.819523,77.013538,77,54.87,32.17,Green,Cloudy,0,Low
2026-09-20 11:20:00,CBE-PIN-3255,Kinathukadavu New Bus Stand (Link Road 80),10.820784,77.013019,206,16.97,86.1,Red,Clear,0,High
2026-09-20 09:56:00,CBE-PIN-3256,Kinathukadavu New Bus Stand (Junction 81),10.82098,77.01824,158,36.48,52.16,Green,Cloudy,0,Medium
2026-09-20 14:34:00,CBE-PIN-3257,Kinathukadavu New Bus Stand (Junction 82),10.827574,77.0183,98,33.69,48.12,Red,Clear,0,Medium
2026-09-20 16:48:00,CBE-PIN-3258,Kinathukadavu New Bus Stand (Link Road 83),10.812268,77.015267,138,29.11,54.98,Red,Clear,0,Medium
2026-09-20 08:31:00,CBE-PIN-3259,Kinathukadavu New Bus Stand (Approach 84),10.822626,77.015918,108,70.86,37.35,Green,Clear,0,Low
2026-09-20 17:32:00,CBE-PIN-3260,Kinathukadavu New Bus Stand (Link Road 85),10.821684,77.018622,36,51.55,14.9,Green,Clear,0,Low
2026-09-20 14:05:00,CBE-PIN-3261,Kinathukadavu New Bus Stand (Crossway 86),10.820646,77.019026,123,36.93,53.31,Red,Clear,0,Medium
2026-09-20 13:04:00,CBE-PIN-3262,Kinathukadavu New Bus Stand (Checkpost 87),10.822154,77.019494,30,55.85,11.76,Red,Clear,0,Low
2026-09-20 13:21:00,CBE-PIN-3263,Kinathukadavu New Bus Stand (Crossway 88),10.824529,77.01618,134,44.7,42.56,Yellow,Clear,0,Medium
2026-09-20 18:17:00,CBE-PIN-3264,Kinathukadavu New Bus Stand (Crossway 89),10.823066,77.009761,117,29.1,60.67,Green,Breezy,0,Medium
2026-09-20 19:44:00,CBE-PIN-3265,Kinathukadavu New Bus Stand (Link Road 90),10.820145,77.01876,237,20.44,94.47,Green,Clear,0,High
2026-09-20 10:46:00,CBE-PIN-3266,Kinathukadavu New Bus Stand (Bypass 91),10.819843,77.018312,150,43.88,70.19,Green,Cloudy,0,Medium
2026-09-20 19:36:00,CBE-PIN-3267,Kinathukadavu New Bus Stand (Bypass 92),10.822462,77.021208,251,16.68,84.55,Green,Clear,0,High
2026-09-20 10:10:00,CBE-PIN-3268,Kinathukadavu New Bus Stand (Crossway 93),10.81878,77.018962,59,57.92,24.6,Green,Clear,0,Low
2026-09-20 18:00:00,CBE-PIN-3269,Kinathukadavu New Bus Stand (Approach 94),10.821092,77.018229,62,58.8,25.1,Green,Breezy,0,Low
2026-09-20 13:55:00,CBE-PIN-3270,Kinathukadavu New Bus Stand (Junction 95),10.820998,77.018591,200,35.1,67.1,Yellow,Breezy,0,Medium
2026-09-20 18:36:00,CBE-PIN-3271,Kinathukadavu New Bus Stand (Checkpost 96),10.803535,77.011701,111,53.06,35.19,Green,Clear,0,Low
2026-09-20 14:00:00,CBE-PIN-3272,Kinathukadavu New Bus Stand (Link Road 97),10.824717,77.021934,71,55.59,29.1,Green,Clear,0,Low
2026-09-20 14:40:00,CBE-PIN-3273,Kinathukadavu New Bus Stand (Bypass 98),10.820392,77.017826,170,21.2,83.97,Green,Clear,0,High
2026-09-20 15:38:00,CBE-PIN-3274,Kinathukadavu New Bus Stand (Junction 99),10.816783,77.019457,178,18.43,94.35,Red,Clear,0,High
2026-09-20 12:13:00,CBE-PIN-3275,Kinathukadavu New Bus Stand (Bypass 100),10.827034,77.021799,87,44.08,40.67,Green,Clear,0,Medium
2026-09-20 13:41:00,CBE-PIN-3276,Kinathukadavu New Bus Stand (Approach 101),10.813118,77.021017,117,34.75,54.17,Yellow,Cloudy,0,Medium
2026-09-20 18:55:00,CBE-PIN-3277,Kinathukadavu New Bus Stand (Link Road 102),10.824987,77.014503,41,66.81,16.82,Red,Clear,0,Low
2026-09-20 18:12:00,CBE-PIN-3278,Kinathukadavu New Bus Stand (Bypass 103),10.81836,77.024499,77,61.86,24.45,Red,Cloudy,0,Low
2026-09-20 19:28:00,CBE-PIN-3279,Kinathukadavu New Bus Stand (Junction 104),10.812781,77.021008,40,58.88,13.91,Yellow,Cloudy,0,Low
2026-09-20 18:42:00,CBE-PIN-3280,Kinathukadavu New Bus Stand (Crossway 105),10.821124,77.018331,137,27.38,46.36,Red,Clear,0,Medium
2026-09-20 15:59:00,CBE-PIN-3281,Kinathukadavu New Bus Stand (Link Road 106),10.819671,77.019072,222,15.08,79.41,Yellow,Cloudy,0,High
2026-09-20 13:37:00,CBE-PIN-3282,Kinathukadavu New Bus Stand (Bypass 107),10.82224,77.019409,113,38.78,42.66,Green,Clear,0,Medium
2026-09-20 09:48:00,CBE-PIN-3283,Kinathukadavu New Bus Stand (Junction 108),10.822665,77.017265,138,29.63,49.74,Red,Clear,0,Medium
2026-09-20 15:24:00,CBE-PIN-3284,Kinathukadavu New Bus Stand (Crossway 109),10.822749,77.019923,181,28.24,71.81,Green,Clear,0,Medium
2026-09-20 19:02:00,CBE-PIN-3285,Kinathukadavu New Bus Stand (Approach 110),10.821869,77.018269,127,38.81,56.49,Green,Clear,0,Medium
2026-09-20 14:55:00,CBE-PIN-3286,Kinathukadavu New Bus Stand (Crossway 111),10.822255,77.017311,111,64.48,36.22,Green,Clear,0,Low
2026-09-20 12:31:00,CBE-PIN-3287,Kinathukadavu New Bus Stand (Bypass 112),10.821111,77.018966,213,14.64,79.83,Red,Clear,0,High
2026-09-20 10:07:00,CBE-PIN-3288,Kinathukadavu New Bus Stand (Checkpost 113),10.821374,77.018369,253,20.36,88.82,Red,Clear,0,High
2026-09-20 18:18:00,CBE-PIN-3289,Kinathukadavu New Bus Stand (Junction 114),10.82135,77.01691,246,16.79,94.45,Red,Clear,0,High
2026-09-20 12:35:00,CBE-PIN-3290,Kinathukadavu Railway Station Road (Crossway 1),10.822759,77.022354,85,41.18,40.47,Green,Rain,0,Medium
2026-09-20 13:52:00,CBE-PIN-3291,Kinathukadavu Railway Station Road (Approach 2),10.823064,77.020665,43,65.78,14.82,Red,Clear,0,Low
2026-09-20 15:40:00,CBE-PIN-3292,Kinathukadavu Railway Station Road (Bypass 3),10.823925,77.018191,48,60.4,19.74,Green,Rain,0,Low
2026-09-20 08:04:00,CBE-PIN-3293,Kinathukadavu Railway Station Road (Crossway 4),10.821991,77.019768,186,30.68,73.98,Red,Clear,0,Medium
2026-09-20 08:29:00,CBE-PIN-3294,Kinathukadavu Railway Station Road (Junction 5),10.822653,77.022806,113,71.38,38.48,Red,Clear,0,Low
2026-09-20 13:00:00,CBE-PIN-3295,Kinathukadavu Railway Station Road (Bypass 6),10.823176,77.013419,114,54.52,36.77,Green,Rain,0,Low
2026-09-20 10:40:00,CBE-PIN-3296,Kinathukadavu Railway Station Road (Junction 7),10.817118,77.040358,78,56.62,26.24,Green,Clear,0,Low
2026-09-20 16:50:00,CBE-PIN-3297,Kinathukadavu Railway Station Road (Checkpost 8),10.824056,77.018641,65,68.56,21.35,Green,Clear,0,Low
2026-09-20 18:26:00,CBE-PIN-3298,Kinathukadavu Railway Station Road (Checkpost 9),10.82304,77.019427,37,62.8,15.17,Green,Breezy,0,Low
2026-09-20 10:16:00,CBE-PIN-3299,Kinathukadavu Railway Station Road (Crossway 10),10.822053,77.021812,81,46.92,38.27,Green,Cloudy,0,Low
2026-09-20 11:10:00,CBE-PIN-3300,Kinathukadavu Railway Station Road (Checkpost 11),10.823136,77.020786,214,33.17,67.51,Red,Clear,0,Medium
2026-09-20 19:38:00,CBE-PIN-3301,Kinathukadavu Railway Station Road (Checkpost 12),10.821187,77.018532,72,61.99,24.56,Red,Clear,0,Low
2026-09-20 18:25:00,CBE-PIN-3302,Kinathukadavu Railway Station Road (Junction 13),10.818744,77.023471,84,70.73,36.08,Green,Clear,0,Low
2026-09-20 19:37:00,CBE-PIN-3303,Kinathukadavu Railway Station Road (Crossway 14),10.822498,77.023867,148,19.59,76.27,Green,Clear,0,High
2026-09-20 19:30:00,CBE-PIN-3304,Kinathukadavu Railway Station Road (Junction 15),10.829782,77.015678,51,48.78,22.71,Green,Clear,0,Low
2026-09-20 19:02:00,CBE-PIN-3305,Kinathukadavu Railway Station Road (Approach 16),10.824778,77.012084,71,63.54,23.51,Green,Cloudy,0,Low
2026-09-20 19:15:00,CBE-PIN-3306,Kinathukadavu Railway Station Road (Checkpost 17),10.831706,77.023005,203,42.24,69.13,Red,Cloudy,0,Medium
2026-09-20 10:25:00,CBE-PIN-3307,Kinathukadavu Railway Station Road (Approach 18),10.835696,77.023657,287,21.61,92.41,Red,Clear,0,High
2026-09-20 13:20:00,CBE-PIN-3308,Kinathukadavu Railway Station Road (Junction 19),10.825609,77.020889,113,27.43,56.81,Red,Clear,0,Medium
2026-09-20 13:38:00,CBE-PIN-3309,Kinathukadavu Railway Station Road (Crossway 20),10.82349,77.02193,56,69.81,21.78,Red,Clear,0,Low
2026-09-20 19:08:00,CBE-PIN-3310,Kinathukadavu Railway Station Road (Link Road 21),10.817744,77.019891,235,20.9,87.14,Green,Clear,0,High
2026-09-20 08:08:00,CBE-PIN-3311,Kinathukadavu Railway Station Road (Crossway 22),10.823067,77.020792,33,62.74,12.66,Green,Clear,0,Low
2026-09-20 16:23:00,CBE-PIN-3312,Kinathukadavu Railway Station Road (Approach 23),10.821868,77.020803,22,59.42,10.56,Green,Clear,0,Low
2026-09-20 16:37:00,CBE-PIN-3313,Kinathukadavu Railway Station Road (Approach 24),10.820524,77.022082,52,61.96,19.02,Green,Cloudy,0,Low
2026-09-20 08:03:00,CBE-PIN-3314,Kinathukadavu Railway Station Road (Junction 25),10.82315,77.019628,150,32.07,68.97,Green,Cloudy,0,Medium
2026-09-20 10:12:00,CBE-PIN-3315,Kinathukadavu Railway Station Road (Junction 26),10.816113,77.010677,96,67.35,33.58,Green,Clear,0,Low
2026-09-20 08:50:00,CBE-PIN-3316,Kinathukadavu Railway Station Road (Approach 27),10.821212,77.0239,86,65.8,35.12,Green,Cloudy,0,Low
2026-09-20 15:20:00,CBE-PIN-3317,Kinathukadavu Railway Station Road (Junction 28),10.824299,77.018006,242,16.7,77.74,Green,Cloudy,0,High
2026-09-20 13:50:00,CBE-PIN-3318,Kinathukadavu Railway Station Road (Crossway 29),10.825509,77.012922,106,53.54,35.22,Green,Cloudy,0,Low
2026-09-20 13:19:00,CBE-PIN-3319,Kinathukadavu Railway Station Road (Crossway 30),10.824466,77.020394,129,26.3,48.42,Green,Rain,0,Medium
2026-09-20 09:27:00,CBE-PIN-3320,Kinathukadavu Railway Station Road (Link Road 31),10.82329,77.020108,250,16.48,82.66,Red,Cloudy,0,High
2026-09-20 09:26:00,CBE-PIN-3321,Kinathukadavu Railway Station Road (Approach 32),10.823348,77.019936,37,57.87,13.12,Red,Clear,0,Low
2026-09-20 08:29:00,CBE-PIN-3322,Kinathukadavu Railway Station Road (Link Road 33),10.820779,77.017087,40,65.78,15.17,Green,Clear,0,Low
2026-09-20 19:50:00,CBE-PIN-3323,Kinathukadavu Railway Station Road (Checkpost 34),10.823029,77.019387,30,69.82,10.32,Green,Rain,0,Low
2026-09-20 14:06:00,CBE-PIN-3324,Kinathukadavu Railway Station Road (Junction 35),10.830832,77.0146,151,37.78,53.28,Green,Clear,0,Medium
2026-09-20 13:57:00,CBE-PIN-3325,Kinathukadavu Railway Station Road (Bypass 36),10.825025,77.016397,255,18.3,84.17,Green,Cloudy,0,High
2026-09-20 09:27:00,CBE-PIN-3326,Kinathukadavu Railway Station Road (Bypass 37),10.818502,77.019198,196,12.27,76.75,Green,Clear,0,High
2026-09-20 08:33:00,CBE-PIN-3327,Kinathukadavu Railway Station Road (Bypass 38),10.822905,77.022137,191,18.99,84.95,Yellow,Clear,0,High
2026-09-20 14:51:00,CBE-PIN-3328,Kinathukadavu Railway Station Road (Checkpost 39),10.822856,77.022706,32,48.88,13.05,Red,Cloudy,0,Low
2026-09-20 08:43:00,CBE-PIN-3329,Kinathukadavu Railway Station Road (Junction 40),10.823009,77.020793,99,67.28,31.05,Red,Cloudy,0,Low
2026-09-20 17:07:00,CBE-PIN-3330,Kinathukadavu Railway Station Road (Approach 41),10.823715,77.017805,97,67.52,38.96,Green,Clear,0,Low
2026-09-20 09:50:00,CBE-PIN-3331,Kinathukadavu Railway Station Road (Bypass 42),10.82315,77.020798,193,28.94,69.75,Red,Clear,0,Medium
2026-09-20 15:39:00,CBE-PIN-3332,Kinathukadavu Railway Station Road (Approach 43),10.823491,77.020861,59,47.47,27.17,Red,Clear,0,Low
2026-09-20 14:18:00,CBE-PIN-3333,Kinathukadavu Railway Station Road (Crossway 44),10.824774,77.024101,132,40.74,42.08,Red,Rain,0,Medium
2026-09-20 11:42:00,CBE-PIN-3334,Kinathukadavu Railway Station Road (Crossway 45),10.822722,77.019667,142,34.72,52.28,Yellow,Cloudy,0,Medium
2026-09-20 13:04:00,CBE-PIN-3335,Kinathukadavu Railway Station Road (Crossway 46),10.825231,77.021619,134,41.95,64.9,Red,Clear,0,Medium
2026-09-20 13:22:00,CBE-PIN-3336,Kinathukadavu Railway Station Road (Crossway 47),10.823215,77.024372,210,17.73,92.21,Green,Clear,0,High
2026-09-20 11:16:00,CBE-PIN-3337,Kinathukadavu Railway Station Road (Checkpost 48),10.823373,77.019659,66,56.51,24.21,Green,Clear,0,Low
2026-09-20 12:39:00,CBE-PIN-3338,Kinathukadavu Railway Station Road (Link Road 49),10.823565,77.020379,65,52.62,22.39,Green,Rain,0,Low
2026-09-20 13:42:00,CBE-PIN-3339,Kinathukadavu Railway Station Road (Junction 50),10.812699,77.018051,81,49.01,26.19,Red,Clear,0,Low
2026-09-20 15:22:00,CBE-PIN-3340,Kinathukadavu Railway Station Road (Checkpost 51),10.823393,77.02067,98,65.13,38.91,Red,Cloudy,0,Low
2026-09-20 18:31:00,CBE-PIN-3341,Kinathukadavu Railway Station Road (Approach 52),10.824259,77.026324,127,38.83,59.38,Red,Clear,0,Medium
2026-09-20 10:39:00,CBE-PIN-3342,Kinathukadavu Railway Station Road (Checkpost 53),10.824574,77.021766,74,61.03,25.76,Red,Clear,0,Low
2026-09-20 19:47:00,CBE-PIN-3343,Kinathukadavu Railway Station Road (Crossway 54),10.823031,77.020726,80,59.76,31.02,Green,Cloudy,0,Low
2026-09-20 13:18:00,CBE-PIN-3344,Kinathukadavu Railway Station Road (Crossway 55),10.822449,77.020726,76,71.93,38.11,Red,Cloudy,0,Low
2026-09-20 11:50:00,CBE-PIN-3345,Kinathukadavu Railway Station Road (Junction 56),10.832568,77.013195,103,51.03,36.13,Green,Clear,0,Low
2026-09-20 09:45:00,CBE-PIN-3346,Kinathukadavu Railway Station Road (Crossway 57),10.826665,77.020954,90,69.86,35.63,Red,Cloudy,0,Low
2026-09-20 19:03:00,CBE-PIN-3347,Kinathukadavu Railway Station Road (Checkpost 58),10.825897,77.020991,154,33.48,53.61,Red,Rain,0,Medium
2026-09-20 09:01:00,CBE-PIN-3348,Kinathukadavu Railway Station Road (Bypass 59),10.820313,77.011833,163,29.13,71.2,Yellow,Clear,0,Medium
2026-09-20 19:23:00,CBE-PIN-3349,Kinathukadavu Railway Station Road (Bypass 60),10.822231,77.019034,169,19.44,79.26,Red,Cloudy,0,High
2026-09-20 08:15:00,CBE-PIN-3350,Kinathukadavu Railway Station Road (Approach 61),10.821521,77.017823,129,26.01,43.12,Green,Cloudy,0,Medium
2026-09-20 10:34:00,CBE-PIN-3351,Kinathukadavu Railway Station Road (Link Road 62),10.816156,77.014336,187,17.43,76.22,Yellow,Clear,0,High
2026-09-20 13:11:00,CBE-PIN-3352,Kinathukadavu Railway Station Road (Approach 63),10.821879,77.018969,189,17.08,94.04,Green,Cloudy,0,High
2026-09-20 16:44:00,CBE-PIN-3353,Kinathukadavu Railway Station Road (Checkpost 64),10.818386,77.016272,176,19.39,91.4,Green,Clear,0,High
2026-09-20 14:41:00,CBE-PIN-3354,Kinathukadavu Railway Station Road (Junction 65),10.823863,77.020997,112,48.56,38.18,Green,Rain,0,Low
2026-09-20 12:15:00,CBE-PIN-3355,Kinathukadavu Railway Station Road (Junction 66),10.822756,77.027414,254,16.13,86.72,Red,Clear,0,High
2026-09-20 08:52:00,CBE-PIN-3356,Kinathukadavu Railway Station Road (Link Road 67),10.82511,77.022415,40,48.35,18.25,Red,Clear,0,Low
2026-09-20 11:09:00,CBE-PIN-3357,Kinathukadavu Railway Station Road (Crossway 68),10.814089,77.00807,78,55.39,29.37,Green,Clear,0,Low
2026-09-20 12:33:00,CBE-PIN-3358,Kinathukadavu Railway Station Road (Junction 69),10.823483,77.022651,174,12.11,81.58,Red,Clear,0,High
2026-09-20 17:43:00,CBE-PIN-3359,Kinathukadavu Railway Station Road (Checkpost 70),10.82994,77.013518,111,26.42,56.5,Green,Clear,0,Medium
2026-09-20 09:36:00,CBE-PIN-3360,Kinathukadavu Railway Station Road (Junction 71),10.821734,77.025594,251,18.84,81.19,Green,Cloudy,1,High
2026-09-20 16:49:00,CBE-PIN-3361,Kinathukadavu Railway Station Road (Bypass 72),10.823662,77.026576,265,21.0,91.54,Yellow,Clear,0,High
2026-09-20 09:58:00,CBE-PIN-3362,Kinathukadavu Railway Station Road (Link Road 73),10.82186,77.01784,42,70.38,22.4,Red,Cloudy,0,Low
2026-09-20 14:45:00,CBE-PIN-3363,Kinathukadavu Railway Station Road (Crossway 74),10.822298,77.022604,212,16.96,88.93,Red,Cloudy,0,High
2026-09-20 15:51:00,CBE-PIN-3364,Kinathukadavu Railway Station Road (Bypass 75),10.82198,77.020161,79,52.47,33.87,Red,Clear,0,Low
2026-09-20 14:24:00,CBE-PIN-3365,Kinathukadavu Railway Station Road (Bypass 76),10.824141,77.02737,195,15.39,79.14,Red,Clear,0,High
2026-09-20 19:19:00,CBE-PIN-3366,Kinathukadavu Railway Station Road (Junction 77),10.823102,77.021019,279,15.21,95.2,Green,Cloudy,0,High
2026-09-20 18:45:00,CBE-PIN-3367,Kinathukadavu Railway Station Road (Crossway 78),10.823808,77.022493,37,67.93,11.75,Green,Clear,0,Low
2026-09-20 15:42:00,CBE-PIN-3368,Kinathukadavu Railway Station Road (Link Road 79),10.82244,77.025069,98,64.97,33.78,Red,Rain,0,Low
2026-09-20 11:21:00,CBE-PIN-3369,Kinathukadavu Railway Station Road (Bypass 80),10.824825,77.021445,64,49.29,29.48,Red,Clear,0,Low
2026-09-20 11:46:00,CBE-PIN-3370,Kinathukadavu Railway Station Road (Bypass 81),10.827497,77.018223,210,14.12,88.05,Green,Clear,0,High
2026-09-20 18:27:00,CBE-PIN-3371,Kinathukadavu Railway Station Road (Approach 82),10.822909,77.020416,33,59.53,16.53,Red,Clear,0,Low
2026-09-20 11:37:00,CBE-PIN-3372,Kinathukadavu Railway Station Road (Bypass 83),10.823583,77.018858,205,18.51,90.39,Green,Clear,0,High
2026-09-20 10:48:00,CBE-PIN-3373,Kinathukadavu Railway Station Road (Approach 84),10.827201,77.020733,72,64.42,32.38,Red,Cloudy,0,Low
2026-09-20 18:00:00,CBE-PIN-3374,Kinathukadavu Railway Station Road (Bypass 85),10.822144,77.021882,22,65.44,10.13,Yellow,Clear,0,Low
2026-09-20 19:19:00,CBE-PIN-3375,Kinathukadavu Railway Station Road (Junction 86),10.821364,77.020662,33,65.34,17.0,Red,Clear,0,Low
2026-09-20 16:28:00,CBE-PIN-3376,Kinathukadavu Railway Station Road (Crossway 87),10.82558,77.019161,162,13.23,85.88,Red,Clear,0,High
2026-09-20 14:12:00,CBE-PIN-3377,Kinathukadavu Railway Station Road (Approach 88),10.822936,77.020736,82,49.7,29.54,Green,Clear,0,Low
2026-09-20 11:39:00,CBE-PIN-3378,Kinathukadavu Railway Station Road (Crossway 89),10.817305,77.013638,56,46.23,29.41,Red,Clear,0,Low
2026-09-20 14:20:00,CBE-PIN-3379,Kinathukadavu Railway Station Road (Bypass 90),10.82257,77.020161,24,70.0,10.14,Green,Cloudy,0,Low
2026-09-20 17:20:00,CBE-PIN-3380,Kinathukadavu Railway Station Road (Link Road 91),10.823168,77.020911,130,38.79,55.45,Green,Clear,0,Medium
2026-09-20 14:46:00,CBE-PIN-3381,Kinathukadavu Railway Station Road (Crossway 92),10.825744,77.015964,37,55.34,13.55,Red,Clear,0,Low
2026-09-20 18:21:00,CBE-PIN-3382,Kinathukadavu Railway Station Road (Approach 93),10.823797,77.01861,43,60.19,18.32,Yellow,Clear,0,Low
2026-09-20 19:36:00,CBE-PIN-3383,Kinathukadavu Railway Station Road (Checkpost 94),10.823139,77.020559,57,52.86,20.63,Green,Clear,0,Low
2026-09-20 19:18:00,CBE-PIN-3384,Kinathukadavu Railway Station Road (Junction 95),10.82261,77.02169,70,64.38,37.18,Yellow,Clear,0,Low
2026-09-20 11:05:00,CBE-PIN-3385,Kinathukadavu Railway Station Road (Bypass 96),10.825861,77.023327,46,47.27,19.27,Green,Clear,0,Low
2026-09-20 14:08:00,CBE-PIN-3386,Kinathukadavu Railway Station Road (Junction 97),10.819318,77.022634,74,59.19,23.95,Red,Clear,0,Low
2026-09-20 17:17:00,CBE-PIN-3387,Kinathukadavu Railway Station Road (Bypass 98),10.824527,77.016623,52,70.36,28.08,Red,Rain,0,Low
2026-09-20 13:19:00,CBE-PIN-3388,Kinathukadavu Railway Station Road (Bypass 99),10.822459,77.021303,234,21.97,88.83,Yellow,Clear,0,High
2026-09-20 18:57:00,CBE-PIN-3389,Kinathukadavu Railway Station Road (Junction 100),10.82351,77.021384,262,18.18,92.82,Red,Clear,1,High
2026-09-20 17:12:00,CBE-PIN-3390,Kinathukadavu Railway Station Road (Bypass 101),10.823025,77.021715,99,28.72,51.99,Green,Cloudy,0,Medium
2026-09-20 19:40:00,CBE-PIN-3391,Kinathukadavu Railway Station Road (Checkpost 102),10.813705,77.02217,248,19.26,90.35,Red,Rain,0,High
2026-09-20 16:03:00,CBE-PIN-3392,Kinathukadavu Railway Station Road (Approach 103),10.822999,77.023884,224,17.0,82.85,Yellow,Clear,0,High
2026-09-20 14:03:00,CBE-PIN-3393,Kinathukadavu Railway Station Road (Approach 104),10.822961,77.02109,180,14.24,94.64,Green,Clear,0,High
2026-09-20 16:50:00,CBE-PIN-3394,Kinathukadavu Railway Station Road (Approach 105),10.824087,77.023027,148,40.88,50.9,Green,Clear,0,Medium
2026-09-20 13:24:00,CBE-PIN-3395,Kinathukadavu Railway Station Road (Junction 106),10.821074,77.022108,108,63.2,36.24,Green,Clear,0,Low
2026-09-20 15:16:00,CBE-PIN-3396,Kinathukadavu Railway Station Road (Crossway 107),10.823671,77.021447,37,59.05,18.66,Red,Rain,0,Low
2026-09-20 13:20:00,CBE-PIN-3397,Kinathukadavu Railway Station Road (Bypass 108),10.822653,77.020849,180,33.7,70.06,Green,Clear,0,Medium
2026-09-20 18:54:00,CBE-PIN-3398,Kinathukadavu Railway Station Road (Approach 109),10.82294,77.020785,27,66.74,13.83,Green,Clear,0,Low
2026-09-20 08:50:00,CBE-PIN-3399,Kinathukadavu Railway Station Road (Junction 110),10.823737,77.024319,43,70.61,16.7,Green,Clear,0,Low
2026-09-20 14:06:00,CBE-PIN-3400,Kinathukadavu Railway Station Road (Junction 111),10.822978,77.017589,138,19.9,76.67,Red,Cloudy,1,High
2026-09-20 17:15:00,CBE-PIN-3401,Kinathukadavu Railway Station Road (Approach 112),10.823088,77.021138,288,15.21,95.34,Green,Clear,0,High
2026-09-20 13:25:00,CBE-PIN-3402,Kinathukadavu Railway Station Road (Link Road 113),10.822375,77.022962,81,51.47,31.43,Red,Clear,0,Low
2026-09-20 18:59:00,CBE-PIN-3403,Kinathukadavu Railway Station Road (Checkpost 114),10.830832,77.021492,140,35.41,49.52,Green,Clear,0,Medium
2026-09-20 09:05:00,CBE-PIN-3404,Kinathukadavu NH 83 Flyover Underpass (Bypass 1),10.817694,77.021289,129,40.98,44.36,Yellow,Clear,0,Medium
2026-09-20 10:18:00,CBE-PIN-3405,Kinathukadavu NH 83 Flyover Underpass (Link Road 2),10.819411,77.023216,170,17.19,84.24,Red,Cloudy,0,High
2026-09-20 16:34:00,CBE-PIN-3406,Kinathukadavu NH 83 Flyover Underpass (Checkpost 3),10.81759,77.022921,121,31.66,59.06,Yellow,Clear,0,Medium
2026-09-20 08:35:00,CBE-PIN-3407,Kinathukadavu NH 83 Flyover Underpass (Crossway 4),10.817002,77.022261,224,18.56,86.72,Red,Clear,0,High
2026-09-20 11:30:00,CBE-PIN-3408,Kinathukadavu NH 83 Flyover Underpass (Approach 5),10.817523,77.021607,185,24.46,73.78,Green,Clear,0,Medium
2026-09-20 14:43:00,CBE-PIN-3409,Kinathukadavu NH 83 Flyover Underpass (Checkpost 6),10.817522,77.021595,160,20.18,81.86,Green,Breezy,0,High
2026-09-20 08:49:00,CBE-PIN-3410,Kinathukadavu NH 83 Flyover Underpass (Junction 7),10.821718,77.020693,258,21.48,95.34,Red,Clear,0,High
2026-09-20 08:12:00,CBE-PIN-3411,Kinathukadavu NH 83 Flyover Underpass (Crossway 8),10.81275,77.020533,44,68.43,14.49,Red,Clear,0,Low
2026-09-20 16:45:00,CBE-PIN-3412,Kinathukadavu NH 83 Flyover Underpass (Junction 9),10.817211,77.018234,59,57.88,29.07,Green,Breezy,0,Low
2026-09-20 14:51:00,CBE-PIN-3413,Kinathukadavu NH 83 Flyover Underpass (Link Road 10),10.815274,77.02529,57,71.84,23.63,Red,Cloudy,0,Low
2026-09-20 13:17:00,CBE-PIN-3414,Kinathukadavu NH 83 Flyover Underpass (Link Road 11),10.820905,77.016199,169,15.18,89.75,Yellow,Cloudy,0,High
2026-09-20 18:48:00,CBE-PIN-3415,Kinathukadavu NH 83 Flyover Underpass (Approach 12),10.81722,77.021155,264,12.65,88.68,Green,Cloudy,0,High
2026-09-20 17:30:00,CBE-PIN-3416,Kinathukadavu NH 83 Flyover Underpass (Bypass 13),10.815189,77.020408,166,20.18,78.82,Red,Rain,0,High
2026-09-20 12:39:00,CBE-PIN-3417,Kinathukadavu NH 83 Flyover Underpass (Approach 14),10.812956,77.015223,169,18.92,77.83,Red,Rain,0,High
2026-09-20 13:39:00,CBE-PIN-3418,Kinathukadavu NH 83 Flyover Underpass (Crossway 15),10.813552,77.020777,216,12.7,93.26,Green,Clear,0,High
2026-09-20 15:11:00,CBE-PIN-3419,Kinathukadavu NH 83 Flyover Underpass (Approach 16),10.817343,77.021869,166,19.85,75.65,Red,Clear,0,High
2026-09-20 15:59:00,CBE-PIN-3420,Kinathukadavu NH 83 Flyover Underpass (Approach 17),10.816012,77.022164,76,62.69,32.01,Green,Cloudy,0,Low
2026-09-20 14:14:00,CBE-PIN-3421,Kinathukadavu NH 83 Flyover Underpass (Bypass 18),10.818389,77.025884,158,41.15,56.21,Green,Cloudy,0,Medium
2026-09-20 08:01:00,CBE-PIN-3422,Kinathukadavu NH 83 Flyover Underpass (Approach 19),10.818182,77.021929,80,64.02,26.28,Red,Clear,0,Low
2026-09-20 17:53:00,CBE-PIN-3423,Kinathukadavu NH 83 Flyover Underpass (Bypass 20),10.821707,77.019043,248,15.32,95.48,Green,Clear,0,High
2026-09-20 17:02:00,CBE-PIN-3424,Kinathukadavu NH 83 Flyover Underpass (Crossway 21),10.815791,77.01947,221,43.06,73.77,Red,Cloudy,0,Medium
2026-09-20 15:13:00,CBE-PIN-3425,Kinathukadavu NH 83 Flyover Underpass (Checkpost 22),10.817685,77.021495,273,18.4,86.07,Yellow,Cloudy,0,High
2026-09-20 17:44:00,CBE-PIN-3426,Kinathukadavu NH 83 Flyover Underpass (Checkpost 23),10.819057,77.021076,188,33.46,62.98,Red,Clear,0,Medium
2026-09-20 19:53:00,CBE-PIN-3427,Kinathukadavu NH 83 Flyover Underpass (Checkpost 24),10.817013,77.022055,198,18.57,85.73,Red,Clear,0,High
2026-09-20 15:23:00,CBE-PIN-3428,Kinathukadavu NH 83 Flyover Underpass (Crossway 25),10.819439,77.016312,42,60.74,19.45,Green,Clear,0,Low
2026-09-20 10:47:00,CBE-PIN-3429,Kinathukadavu NH 83 Flyover Underpass (Approach 26),10.819545,77.021326,43,69.77,17.36,Red,Clear,0,Low
2026-09-20 13:56:00,CBE-PIN-3430,Kinathukadavu NH 83 Flyover Underpass (Bypass 27),10.822336,77.021406,213,18.18,76.84,Red,Rain,0,High
2026-09-20 09:44:00,CBE-PIN-3431,Kinathukadavu NH 83 Flyover Underpass (Bypass 28),10.819712,77.022577,110,24.12,43.25,Red,Clear,0,Medium
2026-09-20 09:02:00,CBE-PIN-3432,Kinathukadavu NH 83 Flyover Underpass (Link Road 29),10.816283,77.028627,175,16.95,95.01,Red,Cloudy,0,High
2026-09-20 19:05:00,CBE-PIN-3433,Kinathukadavu NH 83 Flyover Underpass (Crossway 30),10.812851,77.022343,193,13.95,79.84,Green,Clear,0,High
2026-09-20 15:24:00,CBE-PIN-3434,Kinathukadavu NH 83 Flyover Underpass (Crossway 31),10.816876,77.021974,123,36.34,61.61,Yellow,Clear,0,Medium
2026-09-20 17:20:00,CBE-PIN-3435,Kinathukadavu NH 83 Flyover Underpass (Crossway 32),10.807327,77.01867,255,21.8,86.39,Green,Clear,0,High
2026-09-20 10:09:00,CBE-PIN-3436,Kinathukadavu NH 83 Flyover Underpass (Crossway 33),10.817549,77.02114,133,44.02,45.51,Green,Cloudy,0,Medium
2026-09-20 17:07:00,CBE-PIN-3437,Kinathukadavu NH 83 Flyover Underpass (Link Road 34),10.821346,77.019651,220,12.11,91.65,Green,Cloudy,0,High
2026-09-20 15:10:00,CBE-PIN-3438,Kinathukadavu NH 83 Flyover Underpass (Crossway 35),10.817329,77.021163,146,43.11,67.2,Red,Clear,0,Medium
2026-09-20 09:58:00,CBE-PIN-3439,Kinathukadavu NH 83 Flyover Underpass (Checkpost 36),10.817448,77.020672,196,39.3,61.89,Green,Clear,0,Medium
2026-09-20 12:33:00,CBE-PIN-3440,Kinathukadavu NH 83 Flyover Underpass (Crossway 37),10.816298,77.020787,176,14.76,76.05,Red,Clear,0,High
2026-09-20 18:33:00,CBE-PIN-3441,Kinathukadavu NH 83 Flyover Underpass (Approach 38),10.805211,77.018056,67,58.79,32.53,Green,Cloudy,0,Low
2026-09-20 11:42:00,CBE-PIN-3442,Kinathukadavu NH 83 Flyover Underpass (Link Road 39),10.814328,77.031001,200,21.27,95.24,Yellow,Breezy,0,High
2026-09-20 08:41:00,CBE-PIN-3443,Kinathukadavu NH 83 Flyover Underpass (Link Road 40),10.819795,77.021506,162,38.58,72.92,Red,Cloudy,0,Medium
2026-09-20 11:40:00,CBE-PIN-3444,Kinathukadavu NH 83 Flyover Underpass (Link Road 41),10.81702,77.02105,250,20.88,81.86,Red,Clear,0,High
2026-09-20 19:47:00,CBE-PIN-3445,Kinathukadavu NH 83 Flyover Underpass (Approach 42),10.813571,77.025278,111,66.76,37.66,Green,Cloudy,0,Low
2026-09-20 18:56:00,CBE-PIN-3446,Kinathukadavu NH 83 Flyover Underpass (Junction 43),10.817231,77.022844,245,13.45,78.87,Green,Rain,0,High
2026-09-20 10:58:00,CBE-PIN-3447,Kinathukadavu NH 83 Flyover Underpass (Junction 44),10.817059,77.022372,222,19.09,85.57,Green,Clear,0,High
2026-09-20 12:47:00,CBE-PIN-3448,Kinathukadavu NH 83 Flyover Underpass (Checkpost 45),10.823016,77.022639,200,19.45,94.92,Green,Clear,0,High
2026-09-20 12:10:00,CBE-PIN-3449,Kinathukadavu NH 83 Flyover Underpass (Crossway 46),10.817619,77.021669,43,60.47,22.12,Green,Clear,0,Low
2026-09-20 11:10:00,CBE-PIN-3450,Kinathukadavu NH 83 Flyover Underpass (Crossway 47),10.81816,77.020194,95,67.98,33.81,Yellow,Cloudy,0,Low
2026-09-20 11:14:00,CBE-PIN-3451,Kinathukadavu NH 83 Flyover Underpass (Junction 48),10.818151,77.022692,270,15.61,85.28,Green,Breezy,0,High
2026-09-20 15:21:00,CBE-PIN-3452,Kinathukadavu NH 83 Flyover Underpass (Link Road 49),10.817668,77.021409,147,17.34,77.61,Green,Clear,0,High
2026-09-20 12:17:00,CBE-PIN-3453,Kinathukadavu NH 83 Flyover Underpass (Bypass 50),10.813638,77.018937,264,17.91,90.42,Red,Clear,0,High
2026-09-20 09:07:00,CBE-PIN-3454,Kinathukadavu NH 83 Flyover Underpass (Link Road 51),10.817301,77.01407,107,46.89,33.99,Yellow,Cloudy,0,Low
2026-09-20 17:06:00,CBE-PIN-3455,Kinathukadavu NH 83 Flyover Underpass (Approach 52),10.819422,77.022486,206,14.94,87.32,Green,Cloudy,0,High
2026-09-20 08:05:00,CBE-PIN-3456,Kinathukadavu NH 83 Flyover Underpass (Junction 53),10.818058,77.021491,237,13.95,90.43,Red,Clear,0,High
2026-09-20 15:38:00,CBE-PIN-3457,Kinathukadavu NH 83 Flyover Underpass (Link Road 54),10.794383,77.026184,259,21.48,92.31,Green,Clear,0,High
2026-09-20 13:51:00,CBE-PIN-3458,Kinathukadavu NH 83 Flyover Underpass (Bypass 55),10.819844,77.026531,244,13.35,83.87,Yellow,Clear,0,High
2026-09-20 09:42:00,CBE-PIN-3459,Kinathukadavu NH 83 Flyover Underpass (Bypass 56),10.816982,77.018695,208,19.26,89.35,Green,Cloudy,0,High
2026-09-20 11:28:00,CBE-PIN-3460,Kinathukadavu NH 83 Flyover Underpass (Junction 57),10.821395,77.028021,239,13.25,87.6,Red,Cloudy,0,High
2026-09-20 13:42:00,CBE-PIN-3461,Kinathukadavu NH 83 Flyover Underpass (Link Road 58),10.817883,77.023263,117,37.8,59.66,Red,Breezy,0,Medium
2026-09-20 08:44:00,CBE-PIN-3462,Kinathukadavu NH 83 Flyover Underpass (Link Road 59),10.817258,77.022077,120,34.9,59.55,Green,Cloudy,0,Medium
2026-09-20 17:09:00,CBE-PIN-3463,Kinathukadavu NH 83 Flyover Underpass (Approach 60),10.817664,77.022315,161,15.3,75.51,Green,Clear,0,High
2026-09-20 16:57:00,CBE-PIN-3464,Kinathukadavu NH 83 Flyover Underpass (Checkpost 61),10.815509,77.022065,70,64.59,32.1,Red,Cloudy,0,Low
2026-09-20 09:20:00,CBE-PIN-3465,Kinathukadavu NH 83 Flyover Underpass (Approach 62),10.817477,77.021462,155,17.73,83.6,Green,Clear,0,High
2026-09-20 14:08:00,CBE-PIN-3466,Kinathukadavu NH 83 Flyover Underpass (Link Road 63),10.820266,77.019499,131,33.91,45.31,Yellow,Clear,0,Medium
2026-09-20 09:28:00,CBE-PIN-3467,Kinathukadavu NH 83 Flyover Underpass (Checkpost 64),10.816566,77.023912,123,36.82,46.33,Red,Cloudy,0,Medium
2026-09-20 14:39:00,CBE-PIN-3468,Kinathukadavu NH 83 Flyover Underpass (Bypass 65),10.816693,77.021931,34,58.69,16.52,Green,Clear,0,Low
2026-09-20 15:13:00,CBE-PIN-3469,Kinathukadavu NH 83 Flyover Underpass (Link Road 66),10.816283,77.021349,142,29.78,67.89,Green,Clear,0,Medium
2026-09-20 13:51:00,CBE-PIN-3470,Kinathukadavu NH 83 Flyover Underpass (Bypass 67),10.819139,77.020204,176,12.13,84.21,Yellow,Cloudy,0,High
2026-09-20 13:37:00,CBE-PIN-3471,Kinathukadavu NH 83 Flyover Underpass (Junction 68),10.821311,77.032431,228,21.13,84.0,Red,Clear,0,High
2026-09-20 16:32:00,CBE-PIN-3472,Kinathukadavu NH 83 Flyover Underpass (Bypass 69),10.820367,77.021117,47,68.34,19.66,Green,Clear,0,Low
2026-09-20 08:32:00,CBE-PIN-3473,Kinathukadavu NH 83 Flyover Underpass (Link Road 70),10.820486,77.021926,31,51.66,15.31,Red,Cloudy,0,Low
2026-09-20 16:39:00,CBE-PIN-3474,Kinathukadavu NH 83 Flyover Underpass (Bypass 71),10.81179,77.026135,136,32.53,58.17,Red,Breezy,0,Medium
2026-09-20 15:30:00,CBE-PIN-3475,Kinathukadavu NH 83 Flyover Underpass (Bypass 72),10.818399,77.022577,37,46.66,17.48,Red,Clear,0,Low
2026-09-20 11:22:00,CBE-PIN-3476,Kinathukadavu NH 83 Flyover Underpass (Junction 73),10.817914,77.021025,39,53.34,12.45,Green,Cloudy,0,Low
2026-09-20 09:52:00,CBE-PIN-3477,Kinathukadavu NH 83 Flyover Underpass (Crossway 74),10.813887,77.023308,53,59.36,17.91,Red,Clear,0,Low
2026-09-20 13:27:00,CBE-PIN-3478,Kinathukadavu NH 83 Flyover Underpass (Junction 75),10.81614,77.027186,261,17.94,93.35,Green,Clear,0,High
2026-09-20 11:14:00,CBE-PIN-3479,Kinathukadavu NH 83 Flyover Underpass (Junction 76),10.817735,77.021614,67,56.4,32.76,Red,Cloudy,0,Low
2026-09-20 09:16:00,CBE-PIN-3480,Kinathukadavu NH 83 Flyover Underpass (Checkpost 77),10.817445,77.020973,31,49.43,11.02,Red,Clear,0,Low
2026-09-20 13:20:00,CBE-PIN-3481,Kinathukadavu NH 83 Flyover Underpass (Approach 78),10.817291,77.020835,147,29.57,55.35,Green,Cloudy,0,Medium
2026-09-20 19:44:00,CBE-PIN-3482,Kinathukadavu NH 83 Flyover Underpass (Checkpost 79),10.819905,77.020109,135,31.26,52.63,Red,Cloudy,0,Medium
2026-09-20 11:58:00,CBE-PIN-3483,Kinathukadavu NH 83 Flyover Underpass (Approach 80),10.818517,77.023433,186,20.98,81.38,Green,Clear,0,High
2026-09-20 09:11:00,CBE-PIN-3484,Kinathukadavu NH 83 Flyover Underpass (Link Road 81),10.812771,77.025398,173,12.48,91.42,Yellow,Clear,0,High
2026-09-20 18:42:00,CBE-PIN-3485,Kinathukadavu NH 83 Flyover Underpass (Bypass 82),10.817751,77.021268,50,53.14,25.43,Red,Clear,0,Low
2026-09-20 16:01:00,CBE-PIN-3486,Kinathukadavu NH 83 Flyover Underpass (Link Road 83),10.821933,77.020644,67,48.35,36.95,Red,Clear,0,Low
2026-09-20 18:10:00,CBE-PIN-3487,Kinathukadavu NH 83 Flyover Underpass (Checkpost 84),10.819404,77.021551,71,54.53,25.23,Red,Rain,0,Low
2026-09-20 10:05:00,CBE-PIN-3488,Kinathukadavu NH 83 Flyover Underpass (Crossway 85),10.817961,77.022361,111,40.82,52.04,Green,Clear,0,Medium
2026-09-20 10:00:00,CBE-PIN-3489,Kinathukadavu NH 83 Flyover Underpass (Approach 86),10.817583,77.02156,213,12.91,91.31,Yellow,Cloudy,0,High
2026-09-20 13:03:00,CBE-PIN-3490,Kinathukadavu NH 83 Flyover Underpass (Link Road 87),10.811214,77.014489,186,42.0,69.33,Yellow,Clear,0,Medium
2026-09-20 18:47:00,CBE-PIN-3491,Kinathukadavu NH 83 Flyover Underpass (Junction 88),10.818898,77.022413,78,47.26,30.2,Green,Cloudy,0,Low
2026-09-20 16:05:00,CBE-PIN-3492,Kinathukadavu NH 83 Flyover Underpass (Link Road 89),10.817147,77.021744,91,57.24,29.3,Green,Clear,0,Low
2026-09-20 11:46:00,CBE-PIN-3493,Kinathukadavu NH 83 Flyover Underpass (Link Road 90),10.825739,77.032874,52,58.28,27.73,Green,Clear,0,Low
2026-09-20 11:46:00,CBE-PIN-3494,Kinathukadavu NH 83 Flyover Underpass (Checkpost 91),10.810582,77.019239,107,52.49,35.76,Green,Clear,0,Low
2026-09-20 14:51:00,CBE-PIN-3495,Kinathukadavu NH 83 Flyover Underpass (Checkpost 92),10.818997,77.011831,187,20.61,85.27,Red,Cloudy,0,High
2026-09-20 13:06:00,CBE-PIN-3496,Kinathukadavu NH 83 Flyover Underpass (Bypass 93),10.818004,77.023299,159,13.94,83.22,Green,Cloudy,0,High
2026-09-20 17:29:00,CBE-PIN-3497,Kinathukadavu NH 83 Flyover Underpass (Approach 94),10.812966,77.020976,234,21.35,83.62,Green,Clear,0,High
2026-09-20 17:15:00,CBE-PIN-3498,Kinathukadavu NH 83 Flyover Underpass (Link Road 95),10.819104,77.021196,89,67.34,28.49,Red,Cloudy,0,Low
2026-09-20 08:22:00,CBE-PIN-3499,Kinathukadavu NH 83 Flyover Underpass (Approach 96),10.816157,77.021057,190,18.1,94.09,Red,Breezy,0,High
2026-09-20 10:18:00,CBE-PIN-3500,Kinathukadavu NH 83 Flyover Underpass (Approach 97),10.817412,77.021423,135,27.11,54.73,Green,Cloudy,0,Medium
2026-09-20 12:54:00,CBE-PIN-3501,Kinathukadavu NH 83 Flyover Underpass (Junction 98),10.817435,77.021596,43,49.86,23.07,Green,Clear,0,Low
2026-09-20 16:47:00,CBE-PIN-3502,Kinathukadavu NH 83 Flyover Underpass (Crossway 99),10.816875,77.023353,170,31.84,66.35,Yellow,Rain,0,Medium
2026-09-20 19:41:00,CBE-PIN-3503,Kinathukadavu NH 83 Flyover Underpass (Junction 100),10.814644,77.016669,74,62.36,35.36,Red,Clear,0,Low
2026-09-20 16:51:00,CBE-PIN-3504,Kinathukadavu NH 83 Flyover Underpass (Crossway 101),10.812739,77.020641,195,18.7,85.28,Green,Clear,0,High
2026-09-20 19:21:00,CBE-PIN-3505,Kinathukadavu NH 83 Flyover Underpass (Approach 102),10.817704,77.021827,65,60.2,22.48,Green,Clear,0,Low
2026-09-20 18:37:00,CBE-PIN-3506,Kinathukadavu NH 83 Flyover Underpass (Bypass 103),10.817387,77.021393,51,52.27,19.14,Green,Clear,0,Low
2026-09-20 13:41:00,CBE-PIN-3507,Kinathukadavu NH 83 Flyover Underpass (Junction 104),10.816984,77.020777,269,18.33,88.37,Red,Clear,0,High
2026-09-20 16:50:00,CBE-PIN-3508,Kinathukadavu NH 83 Flyover Underpass (Approach 105),10.818877,77.017006,143,31.94,71.13,Red,Rain,0,Medium
2026-09-20 11:57:00,CBE-PIN-3509,Kinathukadavu NH 83 Flyover Underpass (Link Road 106),10.821831,77.021003,180,17.91,86.22,Green,Cloudy,0,High
2026-09-20 15:32:00,CBE-PIN-3510,Kinathukadavu NH 83 Flyover Underpass (Approach 107),10.817692,77.021663,49,46.63,26.81,Green,Cloudy,0,Low
2026-09-20 08:17:00,CBE-PIN-3511,Kinathukadavu NH 83 Flyover Underpass (Checkpost 108),10.821446,77.01971,121,28.83,40.52,Yellow,Cloudy,0,Medium
2026-09-20 15:16:00,CBE-PIN-3512,Kinathukadavu NH 83 Flyover Underpass (Checkpost 109),10.812633,77.020661,109,62.71,37.21,Green,Breezy,0,Low
2026-09-20 15:35:00,CBE-PIN-3513,Kinathukadavu NH 83 Flyover Underpass (Bypass 110),10.817251,77.021272,151,12.06,77.89,Red,Clear,0,High
2026-09-20 11:26:00,CBE-PIN-3514,Kinathukadavu NH 83 Flyover Underpass (Approach 111),10.816248,77.02309,141,40.24,44.62,Green,Cloudy,0,Medium
2026-09-20 10:02:00,CBE-PIN-3515,Kinathukadavu NH 83 Flyover Underpass (Link Road 112),10.817289,77.020857,56,48.06,29.04,Red,Clear,0,Low
2026-09-20 10:02:00,CBE-PIN-3516,Kinathukadavu NH 83 Flyover Underpass (Approach 113),10.809619,77.037938,163,19.61,77.78,Green,Clear,0,High
2026-09-20 19:36:00,CBE-PIN-3517,Kinathukadavu NH 83 Flyover Underpass (Crossway 114),10.816878,77.021796,80,29.91,43.27,Yellow,Clear,0,Medium
2026-09-20 14:00:00,CBE-PIN-3518,"Aavin Milk Parlour & Bakery, Kinathukadavu NH (Checkpost 1)",10.819795,77.020209,152,13.39,78.84,Red,Clear,0,High
2026-09-20 19:27:00,CBE-PIN-3519,"Aavin Milk Parlour & Bakery, Kinathukadavu NH (Bypass 2)",10.820271,77.018585,157,16.04,86.66,Green,Cloudy,1,High
2026-09-20 19:45:00,CBE-PIN-3520,"Aavin Milk Parlour & Bakery, Kinathukadavu NH (Approach 3)",10.818988,77.016727,111,35.12,53.16,Red,Cloudy,0,Medium
2026-09-20 13:09:00,CBE-PIN-3521,"Aavin Milk Parlour & Bakery, Kinathukadavu NH (Checkpost 4)",10.817908,77.019256,63,55.85,34.92,Green,Clear,0,Low
2026-09-20 17:50:00,CBE-PIN-3522,"Aavin Milk Parlour & Bakery, Kinathukadavu NH (Crossway 5)",10.81715,77.01941,118,55.77,38.87,Green,Rain,0,Low
2026-09-20 16:59:00,CBE-PIN-3523,"Aavin Milk Parlour & Bakery, Kinathukadavu NH (Checkpost 6)",10.816741,77.02006,55,70.73,26.25,Green,Clear,0,Low
2026-09-20 15:35:00,CBE-PIN-3524,"Aavin Milk Parlour & Bakery, Kinathukadavu NH (Bypass 7)",10.817092,77.016985,172,20.93,89.02,Green,Breezy,0,High
2026-09-20 14:51:00,CBE-PIN-3525,"Aavin Milk Parlour & Bakery, Kinathukadavu NH (Crossway 8)",10.821845,77.017813,105,37.71,50.39,Yellow,Clear,0,Medium
2026-09-20 11:41:00,CBE-PIN-3526,"Aavin Milk Parlour & Bakery, Kinathukadavu NH (Crossway 9)",10.825973,77.018374,63,66.96,20.29,Green,Cloudy,0,Low
2026-09-20 18:17:00,CBE-PIN-3527,"Aavin Milk Parlour & Bakery, Kinathukadavu NH (Bypass 10)",10.819834,77.020238,183,21.66,84.7,Green,Clear,0,High
2026-09-20 12:48:00,CBE-PIN-3528,"Aavin Milk Parlour & Bakery, Kinathukadavu NH (Checkpost 11)",10.818384,77.019503,218,16.73,90.33,Green,Cloudy,0,High
2026-09-20 13:34:00,CBE-PIN-3529,"Aavin Milk Parlour & Bakery, Kinathukadavu NH (Link Road 12)",10.831809,77.019073,118,38.39,49.1,Red,Clear,0,Medium
2026-09-20 15:42:00,CBE-PIN-3530,"Aavin Milk Parlour & Bakery, Kinathukadavu NH (Bypass 13)",10.82028,77.011478,74,61.5,23.91,Green,Clear,0,Low
2026-09-20 08:10:00,CBE-PIN-3531,"Aavin Milk Parlour & Bakery, Kinathukadavu NH (Link Road 14)",10.8198,77.020084,140,32.62,70.41,Green,Clear,0,Medium
2026-09-20 11:38:00,CBE-PIN-3532,"Aavin Milk Parlour & Bakery, Kinathukadavu NH (Crossway 15)",10.820743,77.016631,29,61.79,15.51,Red,Clear,0,Low
2026-09-20 10:46:00,CBE-PIN-3533,"Aavin Milk Parlour & Bakery, Kinathukadavu NH (Link Road 16)",10.818316,77.021756,85,71.8,31.93,Green,Clear,0,Low
2026-09-20 15:32:00,CBE-PIN-3534,"Aavin Milk Parlour & Bakery, Kinathukadavu NH (Link Road 17)",10.819986,77.019369,82,59.05,31.63,Yellow,Clear,0,Low
2026-09-20 14:54:00,CBE-PIN-3535,"Aavin Milk Parlour & Bakery, Kinathukadavu NH (Checkpost 18)",10.812458,77.01927,72,57.79,23.22,Green,Clear,0,Low
2026-09-20 08:58:00,CBE-PIN-3536,"Aavin Milk Parlour & Bakery, Kinathukadavu NH (Checkpost 19)",10.819344,77.022715,61,62.63,26.97,Yellow,Clear,0,Low
2026-09-20 14:17:00,CBE-PIN-3537,"Aavin Milk Parlour & Bakery, Kinathukadavu NH (Bypass 20)",10.825266,77.022336,93,43.19,45.25,Green,Clear,0,Medium
2026-09-20 18:24:00,CBE-PIN-3538,"Aavin Milk Parlour & Bakery, Kinathukadavu NH (Crossway 21)",10.821658,77.02022,37,55.99,12.7,Red,Clear,0,Low
2026-09-20 10:21:00,CBE-PIN-3539,"Aavin Milk Parlour & Bakery, Kinathukadavu NH (Crossway 22)",10.818314,77.019439,74,49.78,26.34,Green,Breezy,0,Low
2026-09-20 09:49:00,CBE-PIN-3540,"Aavin Milk Parlour & Bakery, Kinathukadavu NH (Junction 23)",10.826486,77.03588,39,49.58,19.02,Green,Cloudy,0,Low
2026-09-20 16:45:00,CBE-PIN-3541,"Aavin Milk Parlour & Bakery, Kinathukadavu NH (Crossway 24)",10.819059,77.025781,82,59.6,28.85,Red,Rain,0,Low
2026-09-20 15:02:00,CBE-PIN-3542,"Aavin Milk Parlour & Bakery, Kinathukadavu NH (Approach 25)",10.818332,77.015466,51,66.63,26.16,Green,Rain,0,Low
2026-09-20 18:55:00,CBE-PIN-3543,"Aavin Milk Parlour & Bakery, Kinathukadavu NH (Link Road 26)",10.821023,77.018235,122,63.66,38.5,Red,Clear,0,Low
2026-09-20 09:57:00,CBE-PIN-3544,"Aavin Milk Parlour & Bakery, Kinathukadavu NH (Crossway 27)",10.825179,77.018611,53,60.09,27.62,Green,Cloudy,0,Low
2026-09-20 16:34:00,CBE-PIN-3545,"Aavin Milk Parlour & Bakery, Kinathukadavu NH (Checkpost 28)",10.822202,77.023117,42,67.07,14.05,Green,Cloudy,0,Low
2026-09-20 11:02:00,CBE-PIN-3546,"Aavin Milk Parlour & Bakery, Kinathukadavu NH (Crossway 29)",10.818795,77.018467,55,64.83,28.31,Green,Cloudy,0,Low
2026-09-20 14:06:00,CBE-PIN-3547,"Aavin Milk Parlour & Bakery, Kinathukadavu NH (Checkpost 30)",10.81964,77.021791,290,15.83,91.98,Green,Clear,0,High
2026-09-20 08:22:00,CBE-PIN-3548,"Aavin Milk Parlour & Bakery, Kinathukadavu NH (Approach 31)",10.818463,77.018982,38,65.82,16.47,Red,Clear,0,Low
2026-09-20 10:11:00,CBE-PIN-3549,"Aavin Milk Parlour & Bakery, Kinathukadavu NH (Approach 32)",10.815125,77.019883,52,46.96,25.66,Red,Clear,0,Low
2026-09-20 11:37:00,CBE-PIN-3550,"Aavin Milk Parlour & Bakery, Kinathukadavu NH (Bypass 33)",10.820228,77.017984,72,56.05,23.43,Green,Clear,0,Low
2026-09-20 08:31:00,CBE-PIN-3551,"Aavin Milk Parlour & Bakery, Kinathukadavu NH (Approach 34)",10.817691,77.02375,36,47.93,17.67,Red,Clear,0,Low
2026-09-20 16:43:00,CBE-PIN-3552,"Aavin Milk Parlour & Bakery, Kinathukadavu NH (Crossway 35)",10.816532,77.019176,54,56.59,25.49,Green,Breezy,0,Low
2026-09-20 17:33:00,CBE-PIN-3553,"Aavin Milk Parlour & Bakery, Kinathukadavu NH (Junction 36)",10.820048,77.018241,182,19.79,89.08,Green,Cloudy,0,High
2026-09-20 19:41:00,CBE-PIN-3554,"Aavin Milk Parlour & Bakery, Kinathukadavu NH (Approach 37)",10.820176,77.017171,27,48.71,11.16,Red,Clear,0,Low
2026-09-20 16:28:00,CBE-PIN-3555,"Aavin Milk Parlour & Bakery, Kinathukadavu NH (Link Road 38)",10.82026,77.019317,45,57.78,23.44,Red,Clear,0,Low
2026-09-20 19:18:00,CBE-PIN-3556,"Aavin Milk Parlour & Bakery, Kinathukadavu NH (Link Road 39)",10.815435,77.015093,207,19.34,90.59,Green,Clear,0,High
2026-09-20 13:15:00,CBE-PIN-3557,"Aavin Milk Parlour & Bakery, Kinathukadavu NH (Checkpost 40)",10.822622,77.021327,165,16.67,86.74,Green,Clear,0,High
2026-09-20 10:24:00,CBE-PIN-3558,"Aavin Milk Parlour & Bakery, Kinathukadavu NH (Approach 41)",10.816056,77.019011,67,67.45,36.69,Yellow,Clear,0,Low
2026-09-20 19:49:00,CBE-PIN-3559,"Aavin Milk Parlour & Bakery, Kinathukadavu NH (Junction 42)",10.815751,77.021096,103,41.24,51.66,Green,Clear,0,Medium
2026-09-20 14:16:00,CBE-PIN-3560,"Aavin Milk Parlour & Bakery, Kinathukadavu NH (Approach 43)",10.820104,77.017142,30,53.2,17.02,Red,Rain,0,Low
2026-09-20 18:39:00,CBE-PIN-3561,"Aavin Milk Parlour & Bakery, Kinathukadavu NH (Checkpost 44)",10.819861,77.020024,213,14.81,94.19,Red,Clear,0,High
2026-09-20 08:38:00,CBE-PIN-3562,"Aavin Milk Parlour & Bakery, Kinathukadavu NH (Link Road 45)",10.819957,77.019739,28,62.49,13.01,Green,Clear,0,Low
2026-09-20 16:42:00,CBE-PIN-3563,"Aavin Milk Parlour & Bakery, Kinathukadavu NH (Crossway 46)",10.821224,77.020579,161,20.54,89.76,Red,Clear,0,High
2026-09-20 17:45:00,CBE-PIN-3564,"Aavin Milk Parlour & Bakery, Kinathukadavu NH (Approach 47)",10.815995,77.019751,147,13.39,79.23,Green,Clear,0,High
2026-09-20 16:23:00,CBE-PIN-3565,"Aavin Milk Parlour & Bakery, Kinathukadavu NH (Link Road 48)",10.820941,77.02603,84,37.28,42.57,Yellow,Clear,0,Medium
2026-09-20 15:07:00,CBE-PIN-3566,"Aavin Milk Parlour & Bakery, Kinathukadavu NH (Bypass 49)",10.8172,77.018897,279,12.34,91.76,Green,Clear,0,High
2026-09-20 17:04:00,CBE-PIN-3567,"Aavin Milk Parlour & Bakery, Kinathukadavu NH (Crossway 50)",10.820825,77.020075,53,52.15,28.06,Green,Clear,0,Low
2026-09-20 13:03:00,CBE-PIN-3568,"Aavin Milk Parlour & Bakery, Kinathukadavu NH (Bypass 51)",10.816437,77.020225,70,65.25,23.39,Green,Breezy,0,Low
2026-09-20 12:40:00,CBE-PIN-3569,"Aavin Milk Parlour & Bakery, Kinathukadavu NH (Approach 52)",10.819734,77.020086,180,18.39,77.13,Red,Clear,0,High
2026-09-20 11:40:00,CBE-PIN-3570,"Aavin Milk Parlour & Bakery, Kinathukadavu NH (Junction 53)",10.821738,77.016019,31,50.42,12.13,Red,Clear,0,Low
2026-09-20 18:20:00,CBE-PIN-3571,"Aavin Milk Parlour & Bakery, Kinathukadavu NH (Bypass 54)",10.8205,77.020009,43,51.41,20.84,Red,Clear,0,Low
2026-09-20 18:00:00,CBE-PIN-3572,"Aavin Milk Parlour & Bakery, Kinathukadavu NH (Bypass 55)",10.818126,77.020195,67,71.35,27.59,Green,Cloudy,0,Low
2026-09-20 18:40:00,CBE-PIN-3573,"Aavin Milk Parlour & Bakery, Kinathukadavu NH (Bypass 56)",10.81676,77.022673,246,14.59,82.9,Red,Clear,0,High
2026-09-20 19:42:00,CBE-PIN-3574,"Aavin Milk Parlour & Bakery, Kinathukadavu NH (Approach 57)",10.820157,77.019795,233,17.63,85.55,Green,Clear,0,High
2026-09-20 13:32:00,CBE-PIN-3575,"Aavin Milk Parlour & Bakery, Kinathukadavu NH (Link Road 58)",10.816688,77.025382,72,56.23,34.58,Green,Rain,0,Low
2026-09-20 11:45:00,CBE-PIN-3576,"Aavin Milk Parlour & Bakery, Kinathukadavu NH (Link Road 59)",10.819864,77.020261,137,39.27,71.39,Red,Cloudy,0,Medium
2026-09-20 16:33:00,CBE-PIN-3577,"Aavin Milk Parlour & Bakery, Kinathukadavu NH (Junction 60)",10.810402,77.012887,30,47.34,16.42,Green,Clear,0,Low
2026-09-20 15:48:00,CBE-PIN-3578,"Aavin Milk Parlour & Bakery, Kinathukadavu NH (Junction 61)",10.815928,77.01972,256,12.54,87.32,Red,Clear,0,High
2026-09-20 18:03:00,CBE-PIN-3579,"Aavin Milk Parlour & Bakery, Kinathukadavu NH (Bypass 62)",10.820916,77.023683,64,53.56,22.14,Red,Clear,0,Low
2026-09-20 10:05:00,CBE-PIN-3580,"Aavin Milk Parlour & Bakery, Kinathukadavu NH (Approach 63)",10.817081,77.024732,213,20.47,80.58,Green,Clear,0,High
2026-09-20 13:13:00,CBE-PIN-3581,"Aavin Milk Parlour & Bakery, Kinathukadavu NH (Approach 64)",10.82006,77.020129,219,12.55,83.42,Yellow,Cloudy,0,High
2026-09-20 15:40:00,CBE-PIN-3582,"Aavin Milk Parlour & Bakery, Kinathukadavu NH (Approach 65)",10.817947,77.030627,195,21.39,81.54,Green,Clear,0,High
2026-09-20 14:31:00,CBE-PIN-3583,"Aavin Milk Parlour & Bakery, Kinathukadavu NH (Checkpost 66)",10.819449,77.022971,194,15.89,94.04,Green,Clear,0,High
2026-09-20 11:47:00,CBE-PIN-3584,"Aavin Milk Parlour & Bakery, Kinathukadavu NH (Link Road 67)",10.821492,77.025626,165,44.7,52.52,Green,Clear,0,Medium
2026-09-20 18:28:00,CBE-PIN-3585,"Aavin Milk Parlour & Bakery, Kinathukadavu NH (Link Road 68)",10.818494,77.01536,65,65.65,34.93,Green,Clear,0,Low
2026-09-20 08:54:00,CBE-PIN-3586,"Aavin Milk Parlour & Bakery, Kinathukadavu NH (Approach 69)",10.817399,77.035622,54,65.05,24.41,Red,Cloudy,0,Low
2026-09-20 09:57:00,CBE-PIN-3587,"Aavin Milk Parlour & Bakery, Kinathukadavu NH (Junction 70)",10.816288,77.015571,77,63.85,31.23,Red,Rain,0,Low
2026-09-20 12:45:00,CBE-PIN-3588,"Aavin Milk Parlour & Bakery, Kinathukadavu NH (Approach 71)",10.817021,77.020695,76,71.72,36.61,Red,Clear,0,Low
2026-09-20 11:46:00,CBE-PIN-3589,"Aavin Milk Parlour & Bakery, Kinathukadavu NH (Bypass 72)",10.815277,77.025855,132,35.91,46.09,Red,Clear,0,Medium
2026-09-20 16:31:00,CBE-PIN-3590,"Aavin Milk Parlour & Bakery, Kinathukadavu NH (Link Road 73)",10.820525,77.019246,79,49.81,29.56,Red,Clear,0,Low
2026-09-20 09:41:00,CBE-PIN-3591,"Aavin Milk Parlour & Bakery, Kinathukadavu NH (Link Road 74)",10.819952,77.020036,78,55.93,30.7,Green,Cloudy,0,Low
2026-09-20 10:03:00,CBE-PIN-3592,"Aavin Milk Parlour & Bakery, Kinathukadavu NH (Checkpost 75)",10.81987,77.02008,158,38.03,57.94,Red,Rain,0,Medium
2026-09-20 17:52:00,CBE-PIN-3593,"Aavin Milk Parlour & Bakery, Kinathukadavu NH (Approach 76)",10.819755,77.019807,54,63.58,17.74,Green,Clear,0,Low
2026-09-20 19:33:00,CBE-PIN-3594,"Aavin Milk Parlour & Bakery, Kinathukadavu NH (Junction 77)",10.820508,77.020004,185,12.34,93.73,Red,Cloudy,0,High
2026-09-20 19:31:00,CBE-PIN-3595,"Aavin Milk Parlour & Bakery, Kinathukadavu NH (Bypass 78)",10.820668,77.02105,148,40.73,46.5,Green,Cloudy,0,Medium
2026-09-20 13:10:00,CBE-PIN-3596,"Aavin Milk Parlour & Bakery, Kinathukadavu NH (Checkpost 79)",10.821239,77.019816,242,17.06,77.61,Red,Clear,0,High
2026-09-20 16:30:00,CBE-PIN-3597,"Aavin Milk Parlour & Bakery, Kinathukadavu NH (Junction 80)",10.820711,77.020062,169,17.45,92.68,Red,Cloudy,0,High
2026-09-20 12:06:00,CBE-PIN-3598,"Aavin Milk Parlour & Bakery, Kinathukadavu NH (Checkpost 81)",10.812501,77.030217,59,51.22,31.04,Red,Clear,0,Low
2026-09-20 09:44:00,CBE-PIN-3599,"Aavin Milk Parlour & Bakery, Kinathukadavu NH (Bypass 82)",10.816826,77.016163,159,34.28,72.15,Red,Rain,0,Medium
2026-09-20 16:31:00,CBE-PIN-3600,"Aavin Milk Parlour & Bakery, Kinathukadavu NH (Crossway 83)",10.819217,77.020542,56,54.56,19.46,Green,Clear,0,Low
2026-09-20 14:19:00,CBE-PIN-3601,"Aavin Milk Parlour & Bakery, Kinathukadavu NH (Junction 84)",10.820941,77.0169,146,19.35,75.83,Green,Cloudy,0,High
2026-09-20 10:25:00,CBE-PIN-3602,"Aavin Milk Parlour & Bakery, Kinathukadavu NH (Crossway 85)",10.819987,77.015458,212,15.99,76.81,Red,Clear,0,High
2026-09-20 09:39:00,CBE-PIN-3603,"Aavin Milk Parlour & Bakery, Kinathukadavu NH (Crossway 86)",10.823317,77.018389,59,47.28,27.36,Green,Clear,0,Low
2026-09-20 12:42:00,CBE-PIN-3604,"Aavin Milk Parlour & Bakery, Kinathukadavu NH (Junction 87)",10.819768,77.019986,29,50.43,14.07,Red,Cloudy,0,Low
2026-09-20 16:52:00,CBE-PIN-3605,"Aavin Milk Parlour & Bakery, Kinathukadavu NH (Checkpost 88)",10.8251,77.014509,37,54.15,16.5,Yellow,Rain,0,Low
2026-09-20 14:35:00,CBE-PIN-3606,"Aavin Milk Parlour & Bakery, Kinathukadavu NH (Approach 89)",10.819796,77.020121,269,19.0,91.19,Red,Clear,0,High
2026-09-20 10:54:00,CBE-PIN-3607,"Aavin Milk Parlour & Bakery, Kinathukadavu NH (Approach 90)",10.823532,77.018785,95,63.68,31.95,Red,Clear,0,Low
2026-09-20 14:29:00,CBE-PIN-3608,"Aavin Milk Parlour & Bakery, Kinathukadavu NH (Junction 91)",10.820504,77.020791,245,13.83,88.11,Green,Clear,0,High
2026-09-20 15:18:00,CBE-PIN-3609,"Aavin Milk Parlour & Bakery, Kinathukadavu NH (Approach 92)",10.819161,77.019767,171,14.6,77.17,Red,Clear,0,High
2026-09-20 17:11:00,CBE-PIN-3610,"Aavin Milk Parlour & Bakery, Kinathukadavu NH (Link Road 93)",10.820255,77.020393,31,46.79,12.41,Green,Rain,0,Low
2026-09-20 11:10:00,CBE-PIN-3611,"Aavin Milk Parlour & Bakery, Kinathukadavu NH (Link Road 94)",10.827581,77.018029,66,70.5,22.54,Red,Cloudy,0,Low
2026-09-20 19:01:00,CBE-PIN-3612,"Aavin Milk Parlour & Bakery, Kinathukadavu NH (Checkpost 95)",10.820354,77.019206,151,18.78,79.47,Green,Clear,0,High
2026-09-20 15:36:00,CBE-PIN-3613,"Aavin Milk Parlour & Bakery, Kinathukadavu NH (Crossway 96)",10.821252,77.020921,212,18.49,90.91,Green,Cloudy,0,High
2026-09-20 18:42:00,CBE-PIN-3614,"Aavin Milk Parlour & Bakery, Kinathukadavu NH (Approach 97)",10.819465,77.015465,83,53.68,28.7,Yellow,Rain,0,Low
2026-09-20 14:36:00,CBE-PIN-3615,"Aavin Milk Parlour & Bakery, Kinathukadavu NH (Checkpost 98)",10.819631,77.019992,64,66.8,35.2,Green,Cloudy,0,Low
2026-09-20 15:47:00,CBE-PIN-3616,"Aavin Milk Parlour & Bakery, Kinathukadavu NH (Junction 99)",10.818947,77.02075,62,56.94,28.9,Green,Clear,0,Low
2026-09-20 16:30:00,CBE-PIN-3617,"Aavin Milk Parlour & Bakery, Kinathukadavu NH (Checkpost 100)",10.819954,77.01703,178,17.72,95.02,Green,Cloudy,0,High
2026-09-20 18:07:00,CBE-PIN-3618,"Aavin Milk Parlour & Bakery, Kinathukadavu NH (Junction 101)",10.819386,77.018598,247,21.15,83.96,Red,Clear,0,High
2026-09-20 10:39:00,CBE-PIN-3619,"Aavin Milk Parlour & Bakery, Kinathukadavu NH (Link Road 102)",10.819143,77.019602,184,43.48,59.26,Green,Rain,0,Medium
2026-09-20 15:49:00,CBE-PIN-3620,"Aavin Milk Parlour & Bakery, Kinathukadavu NH (Junction 103)",10.829312,77.020296,139,12.4,76.16,Green,Cloudy,0,High
2026-09-20 12:13:00,CBE-PIN-3621,"Aavin Milk Parlour & Bakery, Kinathukadavu NH (Junction 104)",10.817981,77.013613,50,69.81,21.78,Red,Rain,0,Low
2026-09-20 19:23:00,CBE-PIN-3622,"Aavin Milk Parlour & Bakery, Kinathukadavu NH (Bypass 105)",10.820715,77.01994,27,64.41,10.16,Yellow,Breezy,0,Low
2026-09-20 18:20:00,CBE-PIN-3623,"Aavin Milk Parlour & Bakery, Kinathukadavu NH (Crossway 106)",10.818839,77.019753,192,20.36,93.83,Yellow,Cloudy,0,High
2026-09-20 13:52:00,CBE-PIN-3624,"Aavin Milk Parlour & Bakery, Kinathukadavu NH (Approach 107)",10.815382,77.02243,52,48.46,26.33,Green,Cloudy,0,Low
2026-09-20 13:23:00,CBE-PIN-3625,"Aavin Milk Parlour & Bakery, Kinathukadavu NH (Crossway 108)",10.82064,77.019053,89,40.89,43.04,Yellow,Rain,0,Medium
2026-09-20 09:52:00,CBE-PIN-3626,"Aavin Milk Parlour & Bakery, Kinathukadavu NH (Link Road 109)",10.819195,77.018902,193,18.15,79.71,Red,Cloudy,0,High
2026-09-20 16:42:00,CBE-PIN-3627,"Aavin Milk Parlour & Bakery, Kinathukadavu NH (Junction 110)",10.821228,77.018761,240,17.29,88.59,Yellow,Cloudy,0,High
2026-09-20 15:11:00,CBE-PIN-3628,"Aavin Milk Parlour & Bakery, Kinathukadavu NH (Checkpost 111)",10.82089,77.019834,97,54.04,31.6,Green,Clear,0,Low
2026-09-20 17:53:00,CBE-PIN-3629,"Aavin Milk Parlour & Bakery, Kinathukadavu NH (Checkpost 112)",10.82035,77.020766,53,69.96,22.93,Red,Clear,0,Low
2026-09-20 09:46:00,CBE-PIN-3630,"Aavin Milk Parlour & Bakery, Kinathukadavu NH (Link Road 113)",10.819757,77.020159,210,18.81,89.32,Green,Rain,0,High
2026-09-20 16:50:00,CBE-PIN-3631,"Aavin Milk Parlour & Bakery, Kinathukadavu NH (Junction 114)",10.819521,77.013195,207,13.84,88.45,Red,Clear,0,High
2026-09-20 12:17:00,CBE-PIN-3632,Sulakkal Mariamman Temple Arch (Checkpost 1),10.801898,76.994821,191,16.74,80.79,Red,Clear,0,High
2026-09-20 09:58:00,CBE-PIN-3633,Sulakkal Mariamman Temple Arch (Link Road 2),10.801431,76.996121,76,55.2,28.77,Green,Clear,0,Low
2026-09-20 19:44:00,CBE-PIN-3634,Sulakkal Mariamman Temple Arch (Approach 3),10.803099,76.995404,179,30.92,57.08,Green,Clear,0,Medium
2026-09-20 16:36:00,CBE-PIN-3635,Sulakkal Mariamman Temple Arch (Approach 4),10.800919,76.993588,48,48.32,18.43,Yellow,Breezy,0,Low
2026-09-20 12:16:00,CBE-PIN-3636,Sulakkal Mariamman Temple Arch (Link Road 5),10.803185,76.994635,32,60.51,16.63,Yellow,Clear,0,Low
2026-09-20 11:34:00,CBE-PIN-3637,Sulakkal Mariamman Temple Arch (Checkpost 6),10.806423,76.991993,105,59.86,35.62,Red,Clear,0,Low
2026-09-20 15:46:00,CBE-PIN-3638,Sulakkal Mariamman Temple Arch (Junction 7),10.802345,76.994956,45,61.78,17.55,Green,Cloudy,0,Low
2026-09-20 13:05:00,CBE-PIN-3639,Sulakkal Mariamman Temple Arch (Link Road 8),10.80192,76.993757,89,34.05,40.65,Green,Clear,0,Medium
2026-09-20 15:34:00,CBE-PIN-3640,Sulakkal Mariamman Temple Arch (Approach 9),10.803675,76.999912,247,12.98,85.06,Green,Clear,0,High
2026-09-20 12:02:00,CBE-PIN-3641,Sulakkal Mariamman Temple Arch (Checkpost 10),10.802763,76.997145,58,57.02,25.73,Green,Breezy,0,Low
2026-09-20 12:42:00,CBE-PIN-3642,Sulakkal Mariamman Temple Arch (Bypass 11),10.799181,77.00211,35,53.59,14.51,Green,Cloudy,0,Low
2026-09-20 12:46:00,CBE-PIN-3643,Sulakkal Mariamman Temple Arch (Junction 12),10.799307,76.998898,79,71.26,24.75,Green,Clear,0,Low
2026-09-20 13:29:00,CBE-PIN-3644,Sulakkal Mariamman Temple Arch (Crossway 13),10.802431,76.995153,188,26.17,67.72,Red,Clear,0,Medium
2026-09-20 14:58:00,CBE-PIN-3645,Sulakkal Mariamman Temple Arch (Checkpost 14),10.799723,76.99513,31,59.93,10.9,Green,Cloudy,0,Low
2026-09-20 17:17:00,CBE-PIN-3646,Sulakkal Mariamman Temple Arch (Junction 15),10.801921,76.994972,50,71.42,22.95,Red,Clear,0,Low
2026-09-20 16:02:00,CBE-PIN-3647,Sulakkal Mariamman Temple Arch (Approach 16),10.79859,76.996516,131,25.07,52.69,Red,Rain,0,Medium
2026-09-20 17:14:00,CBE-PIN-3648,Sulakkal Mariamman Temple Arch (Link Road 17),10.803347,76.99869,81,61.7,31.9,Red,Cloudy,0,Low
2026-09-20 11:10:00,CBE-PIN-3649,Sulakkal Mariamman Temple Arch (Junction 18),10.798674,76.994025,166,16.17,82.05,Red,Clear,0,High
2026-09-20 08:15:00,CBE-PIN-3650,Sulakkal Mariamman Temple Arch (Link Road 19),10.802536,76.994303,70,54.1,32.83,Red,Clear,0,Low
2026-09-20 16:10:00,CBE-PIN-3651,Sulakkal Mariamman Temple Arch (Approach 20),10.803943,76.996503,229,13.81,79.89,Yellow,Clear,0,High
2026-09-20 13:20:00,CBE-PIN-3652,Sulakkal Mariamman Temple Arch (Link Road 21),10.795236,77.004157,200,15.05,87.8,Green,Cloudy,0,High
2026-09-20 09:33:00,CBE-PIN-3653,Sulakkal Mariamman Temple Arch (Checkpost 22),10.80157,76.994671,34,71.3,15.26,Red,Rain,0,Low
2026-09-20 17:21:00,CBE-PIN-3654,Sulakkal Mariamman Temple Arch (Link Road 23),10.802712,76.994353,81,70.89,35.5,Yellow,Clear,0,Low
2026-09-20 09:24:00,CBE-PIN-3655,Sulakkal Mariamman Temple Arch (Junction 24),10.80257,76.993516,232,21.11,83.13,Green,Clear,0,High
2026-09-20 08:29:00,CBE-PIN-3656,Sulakkal Mariamman Temple Arch (Approach 25),10.801906,76.9947,73,58.93,26.64,Green,Clear,0,Low
2026-09-20 15:34:00,CBE-PIN-3657,Sulakkal Mariamman Temple Arch (Approach 26),10.802143,76.994513,181,34.4,72.59,Red,Clear,0,Medium
2026-09-20 14:27:00,CBE-PIN-3658,Sulakkal Mariamman Temple Arch (Checkpost 27),10.801136,76.993554,147,39.4,50.53,Yellow,Clear,0,Medium
2026-09-20 13:26:00,CBE-PIN-3659,Sulakkal Mariamman Temple Arch (Crossway 28),10.79779,76.994105,118,56.84,38.85,Green,Clear,0,Low
2026-09-20 15:37:00,CBE-PIN-3660,Sulakkal Mariamman Temple Arch (Checkpost 29),10.802952,76.993824,152,41.88,53.4,Green,Cloudy,0,Medium
2026-09-20 10:34:00,CBE-PIN-3661,Sulakkal Mariamman Temple Arch (Link Road 30),10.801621,76.997171,81,46.31,28.49,Red,Clear,0,Low
2026-09-20 19:53:00,CBE-PIN-3662,Sulakkal Mariamman Temple Arch (Junction 31),10.801525,76.996998,40,70.15,14.1,Yellow,Clear,0,Low
2026-09-20 13:26:00,CBE-PIN-3663,Sulakkal Mariamman Temple Arch (Bypass 32),10.801536,76.993488,107,59.91,37.36,Green,Clear,0,Low
2026-09-20 14:33:00,CBE-PIN-3664,Sulakkal Mariamman Temple Arch (Junction 33),10.814324,76.996624,132,29.23,56.51,Yellow,Clear,0,Medium
2026-09-20 11:08:00,CBE-PIN-3665,Sulakkal Mariamman Temple Arch (Junction 34),10.800187,76.994418,45,68.13,23.19,Red,Clear,0,Low
2026-09-20 15:36:00,CBE-PIN-3666,Sulakkal Mariamman Temple Arch (Link Road 35),10.802299,76.995367,119,61.07,37.73,Green,Clear,0,Low
2026-09-20 18:58:00,CBE-PIN-3667,Sulakkal Mariamman Temple Arch (Checkpost 36),10.801802,76.994074,71,55.04,25.39,Green,Cloudy,0,Low
2026-09-20 16:46:00,CBE-PIN-3668,Sulakkal Mariamman Temple Arch (Approach 37),10.803845,76.995691,60,53.7,19.08,Red,Clear,0,Low
2026-09-20 11:26:00,CBE-PIN-3669,Sulakkal Mariamman Temple Arch (Crossway 38),10.797234,76.993866,187,21.0,83.12,Red,Clear,0,High
2026-09-20 17:06:00,CBE-PIN-3670,Sulakkal Mariamman Temple Arch (Crossway 39),10.801923,76.994768,68,49.41,33.87,Red,Cloudy,0,Low
2026-09-20 08:51:00,CBE-PIN-3671,Sulakkal Mariamman Temple Arch (Checkpost 40),10.790304,76.982955,61,61.42,25.62,Green,Breezy,0,Low
2026-09-20 09:56:00,CBE-PIN-3672,Sulakkal Mariamman Temple Arch (Approach 41),10.801936,76.995157,66,48.49,20.82,Red,Clear,0,Low
2026-09-20 10:25:00,CBE-PIN-3673,Sulakkal Mariamman Temple Arch (Link Road 42),10.801547,76.995149,61,64.92,23.98,Red,Clear,0,Low
2026-09-20 10:55:00,CBE-PIN-3674,Sulakkal Mariamman Temple Arch (Link Road 43),10.800241,76.995917,76,68.08,31.3,Red,Rain,0,Low
2026-09-20 19:39:00,CBE-PIN-3675,Sulakkal Mariamman Temple Arch (Bypass 44),10.799014,76.996262,40,60.94,17.42,Green,Cloudy,0,Low
2026-09-20 14:43:00,CBE-PIN-3676,Sulakkal Mariamman Temple Arch (Junction 45),10.801907,76.994973,73,47.24,30.98,Green,Cloudy,0,Low
2026-09-20 15:44:00,CBE-PIN-3677,Sulakkal Mariamman Temple Arch (Crossway 46),10.80479,76.995039,86,69.76,26.96,Green,Clear,0,Low
2026-09-20 12:32:00,CBE-PIN-3678,Sulakkal Mariamman Temple Arch (Link Road 47),10.806874,76.992696,65,57.33,21.21,Green,Clear,0,Low
2026-09-20 10:51:00,CBE-PIN-3679,Sulakkal Mariamman Temple Arch (Link Road 48),10.801203,76.988033,59,57.92,30.68,Red,Clear,0,Low
2026-09-20 15:40:00,CBE-PIN-3680,Sulakkal Mariamman Temple Arch (Bypass 49),10.805914,76.993552,27,65.7,11.76,Yellow,Clear,0,Low
2026-09-20 16:41:00,CBE-PIN-3681,Sulakkal Mariamman Temple Arch (Approach 50),10.80191,76.994749,24,46.0,11.83,Yellow,Clear,0,Low
2026-09-20 09:45:00,CBE-PIN-3682,Sulakkal Mariamman Temple Arch (Link Road 51),10.802741,76.994698,98,67.46,35.85,Green,Rain,0,Low
2026-09-20 16:24:00,CBE-PIN-3683,Sulakkal Mariamman Temple Arch (Link Road 52),10.801484,76.995871,138,28.59,65.75,Red,Breezy,0,Medium
2026-09-20 18:53:00,CBE-PIN-3684,Sulakkal Mariamman Temple Arch (Link Road 53),10.801977,76.99307,60,66.26,28.14,Green,Clear,0,Low
2026-09-20 15:35:00,CBE-PIN-3685,Sulakkal Mariamman Temple Arch (Approach 54),10.802128,76.99477,250,18.27,81.39,Green,Clear,0,High
2026-09-20 09:40:00,CBE-PIN-3686,Sulakkal Mariamman Temple Arch (Approach 55),10.80255,76.996039,95,67.0,30.45,Red,Clear,0,Low
2026-09-20 14:22:00,CBE-PIN-3687,Sulakkal Mariamman Temple Arch (Junction 56),10.801931,76.994809,72,47.47,25.62,Red,Clear,0,Low
2026-09-20 12:44:00,CBE-PIN-3688,Sulakkal Mariamman Temple Arch (Approach 57),10.800696,76.997428,67,52.74,36.85,Green,Rain,0,Low
2026-09-20 11:19:00,CBE-PIN-3689,Sulakkal Mariamman Temple Arch (Checkpost 58),10.803448,76.994126,265,12.28,93.73,Red,Clear,0,High
2026-09-20 16:58:00,CBE-PIN-3690,Sulakkal Mariamman Temple Arch (Approach 59),10.799069,76.994599,210,16.27,88.56,Green,Clear,0,High
2026-09-20 15:42:00,CBE-PIN-3691,Sulakkal Mariamman Temple Arch (Checkpost 60),10.804383,76.997032,52,63.63,19.13,Green,Clear,0,Low
2026-09-20 12:01:00,CBE-PIN-3692,Sulakkal Mariamman Temple Arch (Bypass 61),10.8096,77.003685,100,60.62,35.82,Green,Clear,0,Low
2026-09-20 14:56:00,CBE-PIN-3693,Sulakkal Mariamman Temple Arch (Crossway 62),10.803801,76.997873,55,69.53,18.02,Green,Clear,0,Low
2026-09-20 14:28:00,CBE-PIN-3694,Sulakkal Mariamman Temple Arch (Approach 63),10.806402,76.992311,37,46.57,19.66,Red,Clear,0,Low
2026-09-20 18:25:00,CBE-PIN-3695,Sulakkal Mariamman Temple Arch (Checkpost 64),10.799757,76.996147,168,19.33,87.4,Red,Cloudy,0,High
2026-09-20 11:34:00,CBE-PIN-3696,Sulakkal Mariamman Temple Arch (Link Road 65),10.802982,76.995628,44,71.32,21.58,Red,Clear,0,Low
2026-09-20 11:26:00,CBE-PIN-3697,Sulakkal Mariamman Temple Arch (Crossway 66),10.801917,76.99458,79,59.59,25.78,Red,Clear,0,Low
2026-09-20 10:33:00,CBE-PIN-3698,Sulakkal Mariamman Temple Arch (Checkpost 67),10.806918,77.001821,24,66.67,10.48,Green,Clear,0,Low
2026-09-20 18:22:00,CBE-PIN-3699,Sulakkal Mariamman Temple Arch (Crossway 68),10.80171,76.994078,80,65.32,28.36,Red,Cloudy,0,Low
2026-09-20 14:00:00,CBE-PIN-3700,Sulakkal Mariamman Temple Arch (Link Road 69),10.801026,76.994376,80,58.49,28.65,Red,Cloudy,0,Low
2026-09-20 14:10:00,CBE-PIN-3701,Sulakkal Mariamman Temple Arch (Junction 70),10.80396,76.992128,50,69.95,17.22,Green,Clear,0,Low
2026-09-20 16:14:00,CBE-PIN-3702,Sulakkal Mariamman Temple Arch (Junction 71),10.802782,76.996016,28,48.0,13.08,Red,Rain,0,Low
2026-09-20 08:31:00,CBE-PIN-3703,Sulakkal Mariamman Temple Arch (Bypass 72),10.801696,76.994981,95,50.6,33.35,Red,Cloudy,0,Low
2026-09-20 08:56:00,CBE-PIN-3704,Sulakkal Mariamman Temple Arch (Checkpost 73),10.798388,76.992985,51,49.05,19.99,Green,Clear,0,Low
2026-09-20 12:39:00,CBE-PIN-3705,Sulakkal Mariamman Temple Arch (Checkpost 74),10.807888,76.999091,62,46.97,28.65,Green,Clear,0,Low
2026-09-20 10:15:00,CBE-PIN-3706,Sulakkal Mariamman Temple Arch (Junction 75),10.806915,76.996023,171,16.11,92.17,Green,Clear,0,High
2026-09-20 08:22:00,CBE-PIN-3707,Sulakkal Mariamman Temple Arch (Bypass 76),10.805557,76.994077,274,15.55,95.51,Green,Clear,0,High
2026-09-20 15:03:00,CBE-PIN-3708,Sulakkal Mariamman Temple Arch (Bypass 77),10.799858,76.997981,35,53.24,17.89,Green,Clear,0,Low
2026-09-20 12:15:00,CBE-PIN-3709,Sulakkal Mariamman Temple Arch (Checkpost 78),10.800062,76.991664,116,47.62,37.59,Red,Rain,0,Low
2026-09-20 13:07:00,CBE-PIN-3710,Sulakkal Mariamman Temple Arch (Crossway 79),10.800009,76.995109,99,42.8,51.3,Red,Clear,0,Medium
2026-09-20 19:03:00,CBE-PIN-3711,Sulakkal Mariamman Temple Arch (Crossway 80),10.802401,76.996586,152,15.09,83.2,Red,Cloudy,0,High
2026-09-20 13:29:00,CBE-PIN-3712,Sulakkal Mariamman Temple Arch (Approach 81),10.801586,76.993587,38,64.53,18.41,Red,Clear,0,Low
2026-09-20 11:59:00,CBE-PIN-3713,Sulakkal Mariamman Temple Arch (Checkpost 82),10.792848,76.994395,138,32.44,46.48,Red,Clear,0,Medium
2026-09-20 19:32:00,CBE-PIN-3714,Sulakkal Mariamman Temple Arch (Junction 83),10.800614,76.995196,115,42.08,54.34,Green,Clear,0,Medium
2026-09-20 16:55:00,CBE-PIN-3715,Sulakkal Mariamman Temple Arch (Bypass 84),10.80087,76.99546,276,17.21,92.15,Yellow,Clear,0,High
2026-09-20 15:38:00,CBE-PIN-3716,Sulakkal Mariamman Temple Arch (Checkpost 85),10.809334,76.991423,147,14.59,78.79,Green,Rain,0,High
2026-09-20 11:16:00,CBE-PIN-3717,Sulakkal Mariamman Temple Arch (Bypass 86),10.800306,76.994119,46,70.63,14.94,Red,Clear,0,Low
2026-09-20 11:26:00,CBE-PIN-3718,Sulakkal Mariamman Temple Arch (Approach 87),10.800846,76.988802,41,56.03,21.18,Green,Clear,0,Low
2026-09-20 08:42:00,CBE-PIN-3719,Sulakkal Mariamman Temple Arch (Approach 88),10.803709,76.99683,96,50.3,30.42,Red,Clear,0,Low
2026-09-20 14:22:00,CBE-PIN-3720,Sulakkal Mariamman Temple Arch (Link Road 89),10.802928,76.999638,32,54.52,15.96,Green,Clear,0,Low
2026-09-20 10:57:00,CBE-PIN-3721,Sulakkal Mariamman Temple Arch (Link Road 90),10.813474,77.004083,81,57.0,31.45,Green,Cloudy,0,Low
2026-09-20 16:47:00,CBE-PIN-3722,Sulakkal Mariamman Temple Arch (Crossway 91),10.803503,76.994169,126,24.81,45.0,Green,Clear,0,Medium
2026-09-20 14:25:00,CBE-PIN-3723,Sulakkal Mariamman Temple Arch (Checkpost 92),10.800018,76.992435,220,22.0,75.71,Yellow,Clear,0,High
2026-09-20 10:20:00,CBE-PIN-3724,Sulakkal Mariamman Temple Arch (Approach 93),10.802252,76.993742,255,14.51,87.94,Yellow,Clear,0,High
2026-09-20 13:52:00,CBE-PIN-3725,Sulakkal Mariamman Temple Arch (Link Road 94),10.802437,76.994642,93,52.45,37.08,Green,Clear,0,Low
2026-09-20 08:26:00,CBE-PIN-3726,Sulakkal Mariamman Temple Arch (Link Road 95),10.799362,76.986844,186,15.31,89.89,Red,Breezy,0,High
2026-09-20 16:46:00,CBE-PIN-3727,Sulakkal Mariamman Temple Arch (Approach 96),10.803778,76.994138,216,21.34,77.2,Green,Cloudy,0,High
2026-09-20 10:06:00,CBE-PIN-3728,Sulakkal Mariamman Temple Arch (Checkpost 97),10.801699,76.994441,65,56.2,23.1,Red,Breezy,0,Low
2026-09-20 16:33:00,CBE-PIN-3729,Sulakkal Mariamman Temple Arch (Approach 98),10.801623,76.99587,111,31.5,49.21,Red,Cloudy,0,Medium
2026-09-20 13:44:00,CBE-PIN-3730,Sulakkal Mariamman Temple Arch (Junction 99),10.801905,76.994246,59,50.43,20.73,Yellow,Clear,0,Low
2026-09-20 14:45:00,CBE-PIN-3731,Sulakkal Mariamman Temple Arch (Crossway 100),10.801987,76.994943,256,21.46,92.75,Red,Clear,0,High
2026-09-20 11:52:00,CBE-PIN-3732,Sulakkal Mariamman Temple Arch (Approach 101),10.806022,76.999065,70,56.1,31.13,Green,Clear,0,Low
2026-09-20 09:27:00,CBE-PIN-3733,Sulakkal Mariamman Temple Arch (Link Road 102),10.798833,76.992793,79,64.23,28.59,Red,Cloudy,0,Low
2026-09-20 12:08:00,CBE-PIN-3734,Sulakkal Mariamman Temple Arch (Checkpost 103),10.802191,76.995189,40,54.53,17.98,Green,Clear,0,Low
2026-09-20 16:50:00,CBE-PIN-3735,Sulakkal Mariamman Temple Arch (Approach 104),10.795387,76.992908,95,30.23,41.13,Green,Breezy,0,Medium
2026-09-20 16:29:00,CBE-PIN-3736,Sulakkal Mariamman Temple Arch (Bypass 105),10.802072,76.996138,89,65.07,36.45,Green,Clear,0,Low
2026-09-20 13:47:00,CBE-PIN-3737,Sulakkal Mariamman Temple Arch (Link Road 106),10.802655,76.988614,253,19.92,84.09,Green,Clear,1,High
2026-09-20 16:50:00,CBE-PIN-3738,Sulakkal Mariamman Temple Arch (Crossway 107),10.805927,76.995352,209,16.23,88.12,Green,Clear,0,High
2026-09-20 19:18:00,CBE-PIN-3739,Sulakkal Mariamman Temple Arch (Bypass 108),10.801866,76.994695,53,66.02,17.23,Red,Breezy,0,Low
2026-09-20 19:45:00,CBE-PIN-3740,Sulakkal Mariamman Temple Arch (Checkpost 109),10.802076,76.992674,48,50.05,17.82,Green,Clear,0,Low
2026-09-20 08:01:00,CBE-PIN-3741,Sulakkal Mariamman Temple Arch (Bypass 110),10.799085,76.992212,156,33.37,62.74,Yellow,Cloudy,0,Medium
2026-09-20 14:47:00,CBE-PIN-3742,Sulakkal Mariamman Temple Arch (Crossway 111),10.803261,76.994036,73,57.95,37.97,Green,Cloudy,0,Low
2026-09-20 19:54:00,CBE-PIN-3743,Sulakkal Mariamman Temple Arch (Checkpost 112),10.802672,76.995766,21,64.88,11.14,Green,Clear,0,Low
2026-09-20 10:31:00,CBE-PIN-3744,Sulakkal Mariamman Temple Arch (Crossway 113),10.801857,76.994613,80,60.99,34.16,Red,Clear,0,Low
2026-09-20 10:08:00,CBE-PIN-3745,Sulakkal Mariamman Temple Arch (Approach 114),10.80494,76.991799,252,12.1,81.12,Green,Cloudy,0,High
2026-09-20 09:23:00,CBE-PIN-3746,Singarampalayam Pirivu (Junction 1),10.807789,77.022083,178,34.78,56.97,Green,Cloudy,0,Medium
2026-09-20 13:45:00,CBE-PIN-3747,Singarampalayam Pirivu (Approach 2),10.80812,77.021476,182,43.94,59.81,Green,Clear,0,Medium
2026-09-20 18:46:00,CBE-PIN-3748,Singarampalayam Pirivu (Bypass 3),10.809881,77.025829,44,69.06,16.46,Yellow,Breezy,0,Low
2026-09-20 13:57:00,CBE-PIN-3749,Singarampalayam Pirivu (Junction 4),10.800141,77.023311,43,58.92,13.72,Green,Clear,0,Low
2026-09-20 08:35:00,CBE-PIN-3750,Singarampalayam Pirivu (Junction 5),10.807925,77.022074,88,47.15,32.68,Red,Clear,0,Low
2026-09-20 12:42:00,CBE-PIN-3751,Singarampalayam Pirivu (Bypass 6),10.813713,77.019136,100,44.85,41.77,Red,Cloudy,0,Medium
2026-09-20 16:45:00,CBE-PIN-3752,Singarampalayam Pirivu (Checkpost 7),10.807492,77.022071,88,52.28,31.02,Red,Cloudy,0,Low
2026-09-20 13:32:00,CBE-PIN-3753,Singarampalayam Pirivu (Link Road 8),10.809394,77.022107,79,61.03,31.1,Green,Rain,0,Low
2026-09-20 14:48:00,CBE-PIN-3754,Singarampalayam Pirivu (Crossway 9),10.809284,77.01817,55,62.05,20.52,Green,Cloudy,0,Low
2026-09-20 12:11:00,CBE-PIN-3755,Singarampalayam Pirivu (Crossway 10),10.808407,77.021888,271,20.12,85.88,Green,Cloudy,0,High
2026-09-20 18:59:00,CBE-PIN-3756,Singarampalayam Pirivu (Checkpost 11),10.805123,77.022681,52,61.93,28.76,Green,Breezy,0,Low
2026-09-20 16:41:00,CBE-PIN-3757,Singarampalayam Pirivu (Crossway 12),10.808465,77.021975,173,38.74,61.53,Green,Clear,0,Medium
2026-09-20 17:14:00,CBE-PIN-3758,Singarampalayam Pirivu (Crossway 13),10.813865,77.032039,99,59.66,34.6,Red,Cloudy,0,Low
2026-09-20 18:28:00,CBE-PIN-3759,Singarampalayam Pirivu (Link Road 14),10.805897,77.021235,62,68.85,19.97,Red,Clear,0,Low
2026-09-20 11:06:00,CBE-PIN-3760,Singarampalayam Pirivu (Crossway 15),10.808899,77.021799,190,19.73,92.55,Green,Clear,0,High
2026-09-20 11:15:00,CBE-PIN-3761,Singarampalayam Pirivu (Checkpost 16),10.80681,77.028612,135,36.53,66.85,Red,Clear,0,Medium
2026-09-20 08:01:00,CBE-PIN-3762,Singarampalayam Pirivu (Crossway 17),10.806728,77.018577,191,17.77,78.09,Green,Clear,0,High
2026-09-20 15:48:00,CBE-PIN-3763,Singarampalayam Pirivu (Checkpost 18),10.80876,77.020694,68,46.0,25.96,Green,Breezy,0,Low
2026-09-20 09:45:00,CBE-PIN-3764,Singarampalayam Pirivu (Checkpost 19),10.80633,77.0209,168,16.64,81.19,Yellow,Clear,0,High
2026-09-20 10:57:00,CBE-PIN-3765,Singarampalayam Pirivu (Link Road 20),10.807359,77.021933,51,53.56,16.66,Red,Clear,0,Low
2026-09-20 12:58:00,CBE-PIN-3766,Singarampalayam Pirivu (Crossway 21),10.808861,77.02068,107,59.33,36.85,Red,Cloudy,0,Low
2026-09-20 16:10:00,CBE-PIN-3767,Singarampalayam Pirivu (Bypass 22),10.82179,77.018777,270,21.01,88.95,Red,Rain,0,High
2026-09-20 14:54:00,CBE-PIN-3768,Singarampalayam Pirivu (Junction 23),10.808072,77.022444,258,15.53,89.36,Green,Cloudy,0,High
2026-09-20 12:13:00,CBE-PIN-3769,Singarampalayam Pirivu (Bypass 24),10.806038,77.02549,50,61.4,16.95,Green,Clear,0,Low
2026-09-20 11:36:00,CBE-PIN-3770,Singarampalayam Pirivu (Junction 25),10.81053,77.023526,29,56.13,15.74,Green,Clear,0,Low
2026-09-20 08:44:00,CBE-PIN-3771,Singarampalayam Pirivu (Bypass 26),10.805793,77.019572,25,62.42,13.78,Green,Clear,0,Low
2026-09-20 16:07:00,CBE-PIN-3772,Singarampalayam Pirivu (Checkpost 27),10.807315,77.021275,55,59.89,17.56,Yellow,Clear,0,Low
2026-09-20 14:40:00,CBE-PIN-3773,Singarampalayam Pirivu (Link Road 28),10.809344,77.020704,69,49.4,28.47,Green,Cloudy,0,Low
2026-09-20 08:34:00,CBE-PIN-3774,Singarampalayam Pirivu (Link Road 29),10.80801,77.025264,80,54.28,32.59,Green,Clear,0,Low
2026-09-20 16:04:00,CBE-PIN-3775,Singarampalayam Pirivu (Checkpost 30),10.802047,77.019162,50,66.42,19.45,Red,Cloudy,0,Low
2026-09-20 18:14:00,CBE-PIN-3776,Singarampalayam Pirivu (Junction 31),10.811513,77.020072,34,51.4,11.96,Red,Clear,0,Low
2026-09-20 09:07:00,CBE-PIN-3777,Singarampalayam Pirivu (Bypass 32),10.807596,77.023718,94,54.74,38.4,Green,Clear,0,Low
2026-09-20 15:41:00,CBE-PIN-3778,Singarampalayam Pirivu (Bypass 33),10.808302,77.022971,148,19.98,79.8,Red,Cloudy,0,High
2026-09-20 09:49:00,CBE-PIN-3779,Singarampalayam Pirivu (Approach 34),10.811979,77.022106,46,51.46,16.76,Yellow,Cloudy,0,Low
2026-09-20 09:20:00,CBE-PIN-3780,Singarampalayam Pirivu (Link Road 35),10.80875,77.034384,66,49.41,21.78,Red,Clear,0,Low
2026-09-20 15:59:00,CBE-PIN-3781,Singarampalayam Pirivu (Crossway 36),10.804789,77.026128,227,17.92,89.7,Green,Cloudy,0,High
2026-09-20 14:04:00,CBE-PIN-3782,Singarampalayam Pirivu (Bypass 37),10.806437,77.02108,70,59.36,38.13,Green,Clear,0,Low
2026-09-20 13:44:00,CBE-PIN-3783,Singarampalayam Pirivu (Link Road 38),10.810251,77.019213,229,20.58,90.38,Red,Clear,0,High
2026-09-20 12:18:00,CBE-PIN-3784,Singarampalayam Pirivu (Checkpost 39),10.802466,77.021255,61,54.48,19.82,Green,Cloudy,0,Low
2026-09-20 16:27:00,CBE-PIN-3785,Singarampalayam Pirivu (Approach 40),10.808315,77.023283,81,61.79,36.87,Green,Clear,0,Low
2026-09-20 14:24:00,CBE-PIN-3786,Singarampalayam Pirivu (Checkpost 41),10.815956,77.01825,73,69.56,37.94,Green,Cloudy,0,Low
2026-09-20 17:59:00,CBE-PIN-3787,Singarampalayam Pirivu (Junction 42),10.802484,77.017976,187,15.89,89.06,Red,Clear,0,High
2026-09-20 19:24:00,CBE-PIN-3788,Singarampalayam Pirivu (Crossway 43),10.808967,77.021855,209,17.36,89.09,Green,Cloudy,0,High
2026-09-20 17:16:00,CBE-PIN-3789,Singarampalayam Pirivu (Crossway 44),10.810467,77.020284,182,15.97,76.56,Yellow,Clear,0,High
2026-09-20 11:38:00,CBE-PIN-3790,Singarampalayam Pirivu (Crossway 45),10.805987,77.023308,68,55.6,25.88,Yellow,Clear,0,Low
2026-09-20 14:10:00,CBE-PIN-3791,Singarampalayam Pirivu (Crossway 46),10.807315,77.019263,56,57.53,24.24,Green,Cloudy,0,Low
2026-09-20 13:54:00,CBE-PIN-3792,Singarampalayam Pirivu (Crossway 47),10.809777,77.022463,66,71.15,35.43,Red,Clear,0,Low
2026-09-20 10:37:00,CBE-PIN-3793,Singarampalayam Pirivu (Link Road 48),10.807872,77.021645,181,21.44,92.3,Green,Rain,0,High
2026-09-20 11:34:00,CBE-PIN-3794,Singarampalayam Pirivu (Junction 49),10.806575,77.022548,35,58.07,11.75,Green,Clear,0,Low
2026-09-20 16:14:00,CBE-PIN-3795,Singarampalayam Pirivu (Link Road 50),10.805503,77.021184,58,65.63,26.08,Green,Rain,0,Low
2026-09-20 16:21:00,CBE-PIN-3796,Singarampalayam Pirivu (Link Road 51),10.810815,77.025489,80,65.05,38.69,Red,Clear,0,Low
2026-09-20 09:27:00,CBE-PIN-3797,Singarampalayam Pirivu (Crossway 52),10.806955,77.022145,48,64.62,18.23,Green,Clear,0,Low
2026-09-20 18:43:00,CBE-PIN-3798,Singarampalayam Pirivu (Junction 53),10.807422,77.022092,232,15.45,88.36,Yellow,Clear,0,High
2026-09-20 16:54:00,CBE-PIN-3799,Singarampalayam Pirivu (Bypass 54),10.810081,77.018586,31,50.02,11.6,Red,Clear,0,Low
2026-09-20 19:05:00,CBE-PIN-3800,Singarampalayam Pirivu (Checkpost 55),10.809831,77.024353,117,40.78,58.47,Red,Rain,0,Medium
2026-09-20 19:05:00,CBE-PIN-3801,Singarampalayam Pirivu (Checkpost 56),10.80715,77.021002,301,20.14,95.59,Red,Clear,0,High
2026-09-20 13:15:00,CBE-PIN-3802,Singarampalayam Pirivu (Approach 57),10.807128,77.022469,154,18.01,85.36,Yellow,Clear,0,High
2026-09-20 13:25:00,CBE-PIN-3803,Singarampalayam Pirivu (Crossway 58),10.806474,77.020641,184,19.78,81.8,Green,Clear,0,High
2026-09-20 17:14:00,CBE-PIN-3804,Singarampalayam Pirivu (Crossway 59),10.810476,77.020465,182,14.2,87.68,Red,Clear,0,High
2026-09-20 17:24:00,CBE-PIN-3805,Singarampalayam Pirivu (Bypass 60),10.811719,77.023692,234,14.33,81.37,Red,Clear,0,High
2026-09-20 09:44:00,CBE-PIN-3806,Singarampalayam Pirivu (Approach 61),10.805295,77.023636,96,47.79,34.27,Green,Clear,0,Low
2026-09-20 15:15:00,CBE-PIN-3807,Singarampalayam Pirivu (Checkpost 62),10.807291,77.022253,111,66.22,34.73,Red,Clear,0,Low
2026-09-20 14:06:00,CBE-PIN-3808,Singarampalayam Pirivu (Crossway 63),10.807717,77.022137,247,15.23,83.27,Yellow,Clear,0,High
2026-09-20 14:55:00,CBE-PIN-3809,Singarampalayam Pirivu (Approach 64),10.8116,77.022912,158,32.45,55.0,Green,Clear,0,Medium
2026-09-20 17:44:00,CBE-PIN-3810,Singarampalayam Pirivu (Checkpost 65),10.80795,77.02167,59,56.07,25.33,Red,Clear,0,Low
2026-09-20 10:53:00,CBE-PIN-3811,Singarampalayam Pirivu (Junction 66),10.807764,77.01888,186,27.6,60.18,Green,Cloudy,0,Medium
2026-09-20 12:26:00,CBE-PIN-3812,Singarampalayam Pirivu (Approach 67),10.809379,77.019744,124,35.1,50.89,Green,Cloudy,0,Medium
2026-09-20 18:49:00,CBE-PIN-3813,Singarampalayam Pirivu (Approach 68),10.810168,77.021883,22,46.12,11.93,Red,Clear,0,Low
2026-09-20 15:47:00,CBE-PIN-3814,Singarampalayam Pirivu (Crossway 69),10.808569,77.023123,170,25.37,56.97,Red,Clear,0,Medium
2026-09-20 12:11:00,CBE-PIN-3815,Singarampalayam Pirivu (Bypass 70),10.810582,77.024356,103,58.11,37.86,Yellow,Rain,0,Low
2026-09-20 13:37:00,CBE-PIN-3816,Singarampalayam Pirivu (Link Road 71),10.80702,77.02829,175,18.59,83.06,Yellow,Clear,0,High
2026-09-20 12:19:00,CBE-PIN-3817,Singarampalayam Pirivu (Bypass 72),10.802312,77.032316,74,65.59,38.53,Yellow,Clear,0,Low
2026-09-20 08:28:00,CBE-PIN-3818,Singarampalayam Pirivu (Crossway 73),10.808547,77.032839,122,61.53,38.93,Green,Cloudy,0,Low
2026-09-20 15:28:00,CBE-PIN-3819,Singarampalayam Pirivu (Junction 74),10.807962,77.022982,95,30.51,50.39,Red,Cloudy,0,Medium
2026-09-20 17:24:00,CBE-PIN-3820,Singarampalayam Pirivu (Approach 75),10.807751,77.023647,131,32.17,72.37,Red,Clear,0,Medium
2026-09-20 18:36:00,CBE-PIN-3821,Singarampalayam Pirivu (Link Road 76),10.806772,77.020753,221,12.44,78.35,Red,Cloudy,0,High
2026-09-20 12:08:00,CBE-PIN-3822,Singarampalayam Pirivu (Approach 77),10.799918,77.021844,63,65.48,32.12,Yellow,Rain,0,Low
2026-09-20 09:48:00,CBE-PIN-3823,Singarampalayam Pirivu (Bypass 78),10.808167,77.022325,63,63.57,34.7,Green,Cloudy,0,Low
2026-09-20 11:13:00,CBE-PIN-3824,Singarampalayam Pirivu (Junction 79),10.810775,77.023521,215,14.84,78.9,Green,Rain,0,High
2026-09-20 08:18:00,CBE-PIN-3825,Singarampalayam Pirivu (Bypass 80),10.807775,77.015066,132,42.17,61.96,Red,Clear,0,Medium
2026-09-20 12:16:00,CBE-PIN-3826,Singarampalayam Pirivu (Link Road 81),10.810274,77.018067,88,60.54,31.68,Green,Clear,0,Low
2026-09-20 10:25:00,CBE-PIN-3827,Singarampalayam Pirivu (Approach 82),10.804231,77.021269,178,19.37,92.61,Green,Clear,0,High
2026-09-20 14:34:00,CBE-PIN-3828,Singarampalayam Pirivu (Crossway 83),10.804391,77.018259,168,14.97,88.65,Red,Cloudy,0,High
2026-09-20 08:48:00,CBE-PIN-3829,Singarampalayam Pirivu (Junction 84),10.808226,77.020919,77,65.72,27.43,Red,Breezy,0,Low
2026-09-20 08:51:00,CBE-PIN-3830,Singarampalayam Pirivu (Approach 85),10.822838,77.018343,79,70.56,27.85,Red,Cloudy,0,Low
2026-09-20 18:51:00,CBE-PIN-3831,Singarampalayam Pirivu (Crossway 86),10.81393,77.012485,251,12.78,85.16,Red,Cloudy,0,High
2026-09-20 08:07:00,CBE-PIN-3832,Singarampalayam Pirivu (Junction 87),10.805918,77.019442,259,16.14,92.9,Yellow,Cloudy,0,High
2026-09-20 13:35:00,CBE-PIN-3833,Singarampalayam Pirivu (Checkpost 88),10.809504,77.026676,32,48.89,11.19,Green,Clear,0,Low
2026-09-20 12:54:00,CBE-PIN-3834,Singarampalayam Pirivu (Crossway 89),10.802879,77.019364,49,61.89,24.97,Green,Rain,0,Low
2026-09-20 17:53:00,CBE-PIN-3835,Singarampalayam Pirivu (Crossway 90),10.806227,77.02151,140,27.85,44.97,Green,Clear,0,Medium
2026-09-20 11:59:00,CBE-PIN-3836,Singarampalayam Pirivu (Approach 91),10.806632,77.020946,212,16.47,87.57,Red,Cloudy,0,High
2026-09-20 14:31:00,CBE-PIN-3837,Singarampalayam Pirivu (Approach 92),10.808078,77.021881,139,32.54,70.21,Green,Clear,0,Medium
2026-09-20 10:08:00,CBE-PIN-3838,Singarampalayam Pirivu (Bypass 93),10.804927,77.0202,108,31.19,47.23,Green,Cloudy,0,Medium
2026-09-20 12:45:00,CBE-PIN-3839,Singarampalayam Pirivu (Approach 94),10.813519,77.029845,137,31.97,55.74,Green,Cloudy,0,Medium
2026-09-20 15:52:00,CBE-PIN-3840,Singarampalayam Pirivu (Crossway 95),10.809047,77.022338,125,35.73,58.98,Green,Cloudy,0,Medium
2026-09-20 13:26:00,CBE-PIN-3841,Singarampalayam Pirivu (Checkpost 96),10.812174,77.022642,199,19.3,86.07,Red,Cloudy,0,High
2026-09-20 13:16:00,CBE-PIN-3842,Singarampalayam Pirivu (Crossway 97),10.813768,77.03079,55,53.15,21.63,Red,Rain,0,Low
2026-09-20 13:31:00,CBE-PIN-3843,Singarampalayam Pirivu (Approach 98),10.801002,77.015737,58,59.05,28.84,Green,Clear,0,Low
2026-09-20 09:07:00,CBE-PIN-3844,Singarampalayam Pirivu (Bypass 99),10.807736,77.023797,95,71.46,30.01,Red,Cloudy,0,Low
2026-09-20 10:37:00,CBE-PIN-3845,Singarampalayam Pirivu (Bypass 100),10.806606,77.025432,28,59.9,12.14,Red,Cloudy,0,Low
2026-09-20 16:13:00,CBE-PIN-3846,Singarampalayam Pirivu (Junction 101),10.808741,77.022215,38,69.7,12.71,Green,Clear,0,Low
2026-09-20 13:38:00,CBE-PIN-3847,Singarampalayam Pirivu (Crossway 102),10.806927,77.019719,62,66.58,33.66,Red,Clear,0,Low
2026-09-20 08:23:00,CBE-PIN-3848,Singarampalayam Pirivu (Crossway 103),10.805694,77.019114,157,14.87,86.96,Red,Clear,0,High
2026-09-20 10:35:00,CBE-PIN-3849,Singarampalayam Pirivu (Checkpost 104),10.808099,77.022473,54,55.79,25.29,Green,Cloudy,0,Low
2026-09-20 09:22:00,CBE-PIN-3850,Singarampalayam Pirivu (Checkpost 105),10.808857,77.020854,148,39.89,50.03,Green,Clear,0,Medium
2026-09-20 13:26:00,CBE-PIN-3851,Singarampalayam Pirivu (Bypass 106),10.807934,77.022304,193,14.58,85.49,Red,Rain,0,High
2026-09-20 14:17:00,CBE-PIN-3852,Singarampalayam Pirivu (Crossway 107),10.81179,77.021785,161,15.29,84.13,Yellow,Rain,0,High
2026-09-20 15:19:00,CBE-PIN-3853,Singarampalayam Pirivu (Crossway 108),10.807886,77.025102,60,54.08,29.88,Yellow,Clear,0,Low
2026-09-20 17:21:00,CBE-PIN-3854,Singarampalayam Pirivu (Approach 109),10.806482,77.023461,238,13.5,85.69,Red,Clear,0,High
2026-09-20 09:47:00,CBE-PIN-3855,Singarampalayam Pirivu (Checkpost 110),10.807842,77.023471,53,67.29,27.05,Green,Clear,0,Low
2026-09-20 14:04:00,CBE-PIN-3856,Singarampalayam Pirivu (Junction 111),10.807738,77.022027,107,57.63,38.2,Yellow,Cloudy,0,Low
2026-09-20 10:15:00,CBE-PIN-3857,Singarampalayam Pirivu (Link Road 112),10.809418,77.025975,84,46.79,28.75,Green,Cloudy,0,Low
2026-09-20 17:17:00,CBE-PIN-3858,Singarampalayam Pirivu (Checkpost 113),10.808699,77.020652,91,50.96,38.65,Green,Clear,0,Low
2026-09-20 14:09:00,CBE-PIN-3859,Singarampalayam Pirivu (Checkpost 114),10.805429,77.024128,44,49.03,20.35,Red,Clear,0,Low
2026-09-20 11:09:00,CBE-PIN-3860,Kakkadavu Village Junction (Bypass 1),10.800443,77.034478,99,46.78,32.8,Green,Clear,0,Low
2026-09-20 13:42:00,CBE-PIN-3861,Kakkadavu Village Junction (Bypass 2),10.795913,77.042191,196,20.31,93.11,Red,Clear,0,High
2026-09-20 19:31:00,CBE-PIN-3862,Kakkadavu Village Junction (Approach 3),10.795217,77.042623,161,19.84,76.62,Green,Clear,0,High
2026-09-20 16:06:00,CBE-PIN-3863,Kakkadavu Village Junction (Approach 4),10.794675,77.040325,101,24.03,42.16,Green,Cloudy,0,Medium
2026-09-20 16:14:00,CBE-PIN-3864,Kakkadavu Village Junction (Link Road 5),10.793502,77.041758,268,20.21,87.1,Green,Cloudy,0,High
2026-09-20 17:37:00,CBE-PIN-3865,Kakkadavu Village Junction (Bypass 6),10.795176,77.041597,44,65.64,24.41,Green,Clear,0,Low
2026-09-20 12:20:00,CBE-PIN-3866,Kakkadavu Village Junction (Junction 7),10.790411,77.038906,69,70.08,32.71,Red,Clear,0,Low
2026-09-20 17:56:00,CBE-PIN-3867,Kakkadavu Village Junction (Approach 8),10.794664,77.043048,153,14.94,75.41,Green,Cloudy,0,High
2026-09-20 16:00:00,CBE-PIN-3868,Kakkadavu Village Junction (Link Road 9),10.795673,77.038527,35,54.6,14.81,Green,Clear,0,Low
2026-09-20 09:09:00,CBE-PIN-3869,Kakkadavu Village Junction (Bypass 10),10.802507,77.046407,96,64.91,36.11,Red,Cloudy,0,Low
2026-09-20 19:49:00,CBE-PIN-3870,Kakkadavu Village Junction (Junction 11),10.796108,77.044229,238,21.65,85.65,Red,Clear,0,High
2026-09-20 19:56:00,CBE-PIN-3871,Kakkadavu Village Junction (Approach 12),10.795172,77.041729,259,19.1,89.95,Green,Clear,0,High
2026-09-20 10:44:00,CBE-PIN-3872,Kakkadavu Village Junction (Bypass 13),10.799437,77.038233,42,60.93,13.5,Green,Clear,0,Low
2026-09-20 12:06:00,CBE-PIN-3873,Kakkadavu Village Junction (Checkpost 14),10.794818,77.041625,28,49.77,14.51,Green,Clear,0,Low
2026-09-20 10:51:00,CBE-PIN-3874,Kakkadavu Village Junction (Crossway 15),10.795582,77.041947,120,55.86,38.7,Green,Breezy,0,Low
2026-09-20 18:30:00,CBE-PIN-3875,Kakkadavu Village Junction (Crossway 16),10.791242,77.044352,43,50.68,15.68,Green,Clear,0,Low
2026-09-20 19:07:00,CBE-PIN-3876,Kakkadavu Village Junction (Bypass 17),10.796554,77.042331,158,26.19,52.32,Yellow,Clear,0,Medium
2026-09-20 10:46:00,CBE-PIN-3877,Kakkadavu Village Junction (Bypass 18),10.795188,77.041248,49,49.97,15.57,Green,Clear,0,Low
2026-09-20 08:41:00,CBE-PIN-3878,Kakkadavu Village Junction (Crossway 19),10.793006,77.043849,89,67.39,31.36,Red,Clear,0,Low
2026-09-20 15:35:00,CBE-PIN-3879,Kakkadavu Village Junction (Approach 20),10.796451,77.045687,89,56.64,38.42,Green,Clear,0,Low
2026-09-20 17:48:00,CBE-PIN-3880,Kakkadavu Village Junction (Checkpost 21),10.794709,77.043972,265,17.21,93.01,Red,Cloudy,0,High
2026-09-20 19:44:00,CBE-PIN-3881,Kakkadavu Village Junction (Checkpost 22),10.796655,77.044669,24,56.26,11.14,Yellow,Rain,0,Low
2026-09-20 19:57:00,CBE-PIN-3882,Kakkadavu Village Junction (Approach 23),10.796628,77.042052,42,59.45,16.04,Red,Cloudy,0,Low
2026-09-20 11:15:00,CBE-PIN-3883,Kakkadavu Village Junction (Crossway 24),10.797583,77.040695,91,69.15,38.71,Green,Clear,0,Low
2026-09-20 18:54:00,CBE-PIN-3884,Kakkadavu Village Junction (Junction 25),10.797716,77.041024,86,65.58,36.73,Red,Clear,0,Low
2026-09-20 08:09:00,CBE-PIN-3885,Kakkadavu Village Junction (Checkpost 26),10.798502,77.040774,130,40.63,50.35,Green,Clear,0,Medium
2026-09-20 10:59:00,CBE-PIN-3886,Kakkadavu Village Junction (Crossway 27),10.789516,77.043373,98,36.08,47.09,Green,Clear,0,Medium
2026-09-20 18:22:00,CBE-PIN-3887,Kakkadavu Village Junction (Crossway 28),10.795175,77.04192,195,19.46,80.5,Green,Cloudy,0,High
2026-09-20 08:44:00,CBE-PIN-3888,Kakkadavu Village Junction (Crossway 29),10.796639,77.040934,221,19.44,77.83,Green,Clear,0,High
2026-09-20 17:15:00,CBE-PIN-3889,Kakkadavu Village Junction (Bypass 30),10.794129,77.043556,65,55.32,23.93,Green,Rain,0,Low
2026-09-20 17:44:00,CBE-PIN-3890,Kakkadavu Village Junction (Crossway 31),10.794587,77.041888,99,69.34,37.01,Green,Cloudy,0,Low
2026-09-20 13:02:00,CBE-PIN-3891,Kakkadavu Village Junction (Checkpost 32),10.785161,77.043015,183,19.12,83.61,Red,Cloudy,0,High
2026-09-20 09:41:00,CBE-PIN-3892,Kakkadavu Village Junction (Junction 33),10.797474,77.045756,212,16.75,80.19,Green,Cloudy,0,High
2026-09-20 08:46:00,CBE-PIN-3893,Kakkadavu Village Junction (Junction 34),10.798802,77.044222,108,26.58,58.55,Red,Clear,0,Medium
2026-09-20 17:24:00,CBE-PIN-3894,Kakkadavu Village Junction (Link Road 35),10.792115,77.041391,98,52.74,34.41,Green,Breezy,0,Low
2026-09-20 11:30:00,CBE-PIN-3895,Kakkadavu Village Junction (Link Road 36),10.796452,77.042384,167,21.89,79.81,Green,Clear,0,High
2026-09-20 18:36:00,CBE-PIN-3896,Kakkadavu Village Junction (Link Road 37),10.801256,77.046862,28,63.65,11.96,Green,Clear,0,Low
2026-09-20 16:06:00,CBE-PIN-3897,Kakkadavu Village Junction (Checkpost 38),10.79525,77.04186,26,60.94,10.58,Green,Breezy,0,Low
2026-09-20 10:09:00,CBE-PIN-3898,Kakkadavu Village Junction (Crossway 39),10.798143,77.041946,85,53.72,31.08,Green,Clear,0,Low
2026-09-20 11:21:00,CBE-PIN-3899,Kakkadavu Village Junction (Checkpost 40),10.793574,77.041097,220,21.34,89.32,Red,Clear,0,High
2026-09-20 08:47:00,CBE-PIN-3900,Kakkadavu Village Junction (Crossway 41),10.794481,77.041774,50,47.45,20.48,Green,Clear,0,Low
2026-09-20 08:19:00,CBE-PIN-3901,Kakkadavu Village Junction (Approach 42),10.794609,77.042184,32,52.14,13.06,Green,Clear,0,Low
2026-09-20 12:20:00,CBE-PIN-3902,Kakkadavu Village Junction (Junction 43),10.79558,77.041896,89,71.88,31.65,Red,Clear,0,Low
2026-09-20 16:32:00,CBE-PIN-3903,Kakkadavu Village Junction (Checkpost 44),10.792241,77.037785,85,65.09,36.78,Red,Clear,0,Low
2026-09-20 10:01:00,CBE-PIN-3904,Kakkadavu Village Junction (Approach 45),10.7955,77.034669,142,12.29,78.45,Red,Clear,0,High
2026-09-20 17:43:00,CBE-PIN-3905,Kakkadavu Village Junction (Junction 46),10.792803,77.030872,166,29.05,70.19,Green,Rain,0,Medium
2026-09-20 12:17:00,CBE-PIN-3906,Kakkadavu Village Junction (Approach 47),10.795592,77.041526,207,16.08,91.39,Green,Clear,0,High
2026-09-20 08:43:00,CBE-PIN-3907,Kakkadavu Village Junction (Bypass 48),10.795403,77.033996,127,27.88,40.74,Yellow,Clear,0,Medium
2026-09-20 08:10:00,CBE-PIN-3908,Kakkadavu Village Junction (Approach 49),10.788237,77.039222,37,59.73,13.3,Green,Clear,0,Low
2026-09-20 14:38:00,CBE-PIN-3909,Kakkadavu Village Junction (Link Road 50),10.790563,77.035997,85,71.53,35.79,Green,Clear,0,Low
2026-09-20 18:30:00,CBE-PIN-3910,Kakkadavu Village Junction (Junction 51),10.794522,77.040947,74,54.56,36.65,Red,Clear,0,Low
2026-09-20 14:50:00,CBE-PIN-3911,Kakkadavu Village Junction (Link Road 52),10.799415,77.042997,212,20.39,80.55,Red,Cloudy,1,High
2026-09-20 14:19:00,CBE-PIN-3912,Kakkadavu Village Junction (Crossway 53),10.796751,77.042262,82,46.3,26.65,Red,Rain,0,Low
2026-09-20 08:59:00,CBE-PIN-3913,Kakkadavu Village Junction (Crossway 54),10.798131,77.036087,256,21.58,83.75,Red,Clear,0,High
2026-09-20 17:24:00,CBE-PIN-3914,Kakkadavu Village Junction (Bypass 55),10.79482,77.0416,47,59.6,19.14,Green,Clear,0,Low
2026-09-20 16:01:00,CBE-PIN-3915,Kakkadavu Village Junction (Crossway 56),10.790088,77.053142,176,17.86,91.59,Green,Clear,0,High
2026-09-20 08:35:00,CBE-PIN-3916,Kakkadavu Village Junction (Junction 57),10.794778,77.041764,37,57.61,16.3,Red,Clear,0,Low
2026-09-20 16:19:00,CBE-PIN-3917,Kakkadavu Village Junction (Crossway 58),10.794335,77.042084,92,71.66,35.78,Red,Clear,0,Low
2026-09-20 17:29:00,CBE-PIN-3918,Kakkadavu Village Junction (Crossway 59),10.795161,77.043489,265,15.38,89.37,Green,Clear,0,High
2026-09-20 15:14:00,CBE-PIN-3919,Kakkadavu Village Junction (Crossway 60),10.795119,77.041851,24,66.38,10.52,Green,Clear,0,Low
2026-09-20 15:32:00,CBE-PIN-3920,Kakkadavu Village Junction (Checkpost 61),10.791643,77.043524,64,52.46,27.59,Red,Cloudy,0,Low
2026-09-20 17:36:00,CBE-PIN-3921,Kakkadavu Village Junction (Bypass 62),10.798612,77.041542,60,48.7,19.92,Green,Clear,0,Low
2026-09-20 16:08:00,CBE-PIN-3922,Kakkadavu Village Junction (Crossway 63),10.795385,77.042239,88,59.17,30.15,Red,Clear,0,Low
2026-09-20 12:30:00,CBE-PIN-3923,Kakkadavu Village Junction (Approach 64),10.797149,77.042475,120,67.02,38.48,Green,Clear,0,Low
2026-09-20 08:57:00,CBE-PIN-3924,Kakkadavu Village Junction (Bypass 65),10.79442,77.041637,31,51.31,17.2,Green,Clear,0,Low
2026-09-20 09:07:00,CBE-PIN-3925,Kakkadavu Village Junction (Link Road 66),10.795219,77.041686,52,66.32,20.91,Red,Clear,0,Low
2026-09-20 19:45:00,CBE-PIN-3926,Kakkadavu Village Junction (Checkpost 67),10.785928,77.045425,209,13.65,91.33,Yellow,Clear,0,High
2026-09-20 16:22:00,CBE-PIN-3927,Kakkadavu Village Junction (Checkpost 68),10.798375,77.040965,240,18.89,79.32,Red,Clear,0,High
2026-09-20 12:41:00,CBE-PIN-3928,Kakkadavu Village Junction (Bypass 69),10.795473,77.041965,25,71.82,14.21,Green,Clear,0,Low
2026-09-20 15:21:00,CBE-PIN-3929,Kakkadavu Village Junction (Link Road 70),10.798656,77.040094,47,59.34,16.9,Red,Rain,0,Low
2026-09-20 17:53:00,CBE-PIN-3930,Kakkadavu Village Junction (Junction 71),10.797726,77.039115,67,48.53,22.16,Green,Clear,0,Low
2026-09-20 14:19:00,CBE-PIN-3931,Kakkadavu Village Junction (Checkpost 72),10.793747,77.041858,33,51.12,12.07,Red,Clear,0,Low
2026-09-20 18:05:00,CBE-PIN-3932,Kakkadavu Village Junction (Bypass 73),10.795115,77.043741,90,60.91,38.0,Green,Clear,0,Low
2026-09-20 14:27:00,CBE-PIN-3933,Kakkadavu Village Junction (Bypass 74),10.797647,77.035837,115,62.68,37.52,Yellow,Clear,0,Low
2026-09-20 15:21:00,CBE-PIN-3934,Kakkadavu Village Junction (Link Road 75),10.794983,77.040158,145,17.87,79.13,Green,Rain,0,High
2026-09-20 14:35:00,CBE-PIN-3935,Kakkadavu Village Junction (Approach 76),10.794276,77.043454,24,48.25,10.1,Green,Rain,0,Low
2026-09-20 11:56:00,CBE-PIN-3936,Kakkadavu Village Junction (Checkpost 77),10.795385,77.041446,74,64.98,30.25,Green,Cloudy,0,Low
2026-09-20 11:31:00,CBE-PIN-3937,Kakkadavu Village Junction (Link Road 78),10.795001,77.041639,175,21.65,78.19,Green,Cloudy,0,High
2026-09-20 15:32:00,CBE-PIN-3938,Kakkadavu Village Junction (Checkpost 79),10.792285,77.043367,31,60.34,11.81,Red,Clear,0,Low
2026-09-20 17:34:00,CBE-PIN-3939,Kakkadavu Village Junction (Checkpost 80),10.797271,77.043359,114,48.95,36.62,Green,Clear,0,Low
2026-09-20 09:01:00,CBE-PIN-3940,Kakkadavu Village Junction (Bypass 81),10.793699,77.040815,190,17.71,86.2,Green,Rain,0,High
2026-09-20 16:32:00,CBE-PIN-3941,Kakkadavu Village Junction (Checkpost 82),10.792647,77.037205,27,51.35,13.36,Red,Clear,0,Low
2026-09-20 09:42:00,CBE-PIN-3942,Kakkadavu Village Junction (Bypass 83),10.796971,77.04236,48,58.75,20.62,Red,Clear,0,Low
2026-09-20 09:17:00,CBE-PIN-3943,Kakkadavu Village Junction (Bypass 84),10.796601,77.042867,55,50.85,29.85,Green,Clear,0,Low
2026-09-20 18:11:00,CBE-PIN-3944,Kakkadavu Village Junction (Crossway 85),10.79315,77.040817,43,70.36,16.39,Red,Cloudy,0,Low
2026-09-20 11:59:00,CBE-PIN-3945,Kakkadavu Village Junction (Link Road 86),10.79958,77.042717,169,18.52,86.48,Red,Cloudy,0,High
2026-09-20 13:23:00,CBE-PIN-3946,Kakkadavu Village Junction (Link Road 87),10.794855,77.038406,61,50.59,33.29,Red,Clear,0,Low
2026-09-20 14:15:00,CBE-PIN-3947,Kakkadavu Village Junction (Junction 88),10.799772,77.037973,64,58.12,28.77,Green,Clear,0,Low
2026-09-20 11:00:00,CBE-PIN-3948,Kakkadavu Village Junction (Crossway 89),10.794783,77.040462,45,58.67,15.06,Green,Clear,0,Low
2026-09-20 12:28:00,CBE-PIN-3949,Kakkadavu Village Junction (Junction 90),10.794902,77.041358,237,15.45,92.95,Green,Clear,0,High
2026-09-20 16:41:00,CBE-PIN-3950,Kakkadavu Village Junction (Bypass 91),10.79612,77.038449,128,24.57,43.96,Green,Cloudy,0,Medium
2026-09-20 19:56:00,CBE-PIN-3951,Kakkadavu Village Junction (Checkpost 92),10.789487,77.042501,39,66.85,12.92,Red,Cloudy,0,Low
2026-09-20 17:51:00,CBE-PIN-3952,Kakkadavu Village Junction (Bypass 93),10.793624,77.04059,85,26.24,44.56,Green,Cloudy,0,Medium
2026-09-20 09:39:00,CBE-PIN-3953,Kakkadavu Village Junction (Approach 94),10.79952,77.037093,143,39.65,54.53,Green,Cloudy,0,Medium
2026-09-20 12:42:00,CBE-PIN-3954,Kakkadavu Village Junction (Junction 95),10.791992,77.039147,43,66.43,16.37,Green,Cloudy,0,Low
2026-09-20 19:45:00,CBE-PIN-3955,Kakkadavu Village Junction (Approach 96),10.800538,77.045736,39,59.1,18.96,Green,Clear,0,Low
2026-09-20 09:02:00,CBE-PIN-3956,Kakkadavu Village Junction (Bypass 97),10.795945,77.04223,78,53.87,38.59,Green,Clear,0,Low
2026-09-20 12:22:00,CBE-PIN-3957,Kakkadavu Village Junction (Approach 98),10.79371,77.042946,33,63.21,14.47,Yellow,Clear,0,Low
2026-09-20 18:59:00,CBE-PIN-3958,Kakkadavu Village Junction (Bypass 99),10.791506,77.040123,182,17.55,84.05,Red,Clear,0,High
2026-09-20 08:42:00,CBE-PIN-3959,Kakkadavu Village Junction (Bypass 100),10.795301,77.041626,231,17.44,78.75,Red,Cloudy,0,High
2026-09-20 11:00:00,CBE-PIN-3960,Kakkadavu Village Junction (Crossway 101),10.794997,77.040277,58,49.17,30.46,Red,Breezy,0,Low
2026-09-20 17:37:00,CBE-PIN-3961,Kakkadavu Village Junction (Link Road 102),10.79411,77.042308,68,58.32,24.05,Green,Cloudy,0,Low
2026-09-20 11:33:00,CBE-PIN-3962,Kakkadavu Village Junction (Link Road 103),10.795741,77.041849,209,15.52,81.12,Red,Cloudy,0,High
2026-09-20 18:18:00,CBE-PIN-3963,Kakkadavu Village Junction (Approach 104),10.791809,77.041677,25,51.0,12.52,Red,Cloudy,0,Low
2026-09-20 12:37:00,CBE-PIN-3964,Kakkadavu Village Junction (Approach 105),10.794034,77.041348,40,56.55,16.16,Yellow,Cloudy,0,Low
2026-09-20 13:59:00,CBE-PIN-3965,Kakkadavu Village Junction (Link Road 106),10.78987,77.043401,204,21.04,91.62,Green,Clear,0,High
2026-09-20 09:39:00,CBE-PIN-3966,Kakkadavu Village Junction (Link Road 107),10.793392,77.056341,256,16.47,88.04,Red,Cloudy,0,High
2026-09-20 13:37:00,CBE-PIN-3967,Kakkadavu Village Junction (Link Road 108),10.794043,77.043024,35,56.64,16.43,Green,Cloudy,0,Low
2026-09-20 17:48:00,CBE-PIN-3968,Kakkadavu Village Junction (Crossway 109),10.796453,77.045081,74,54.3,37.43,Green,Clear,0,Low
2026-09-20 16:53:00,CBE-PIN-3969,Kakkadavu Village Junction (Approach 110),10.797318,77.04242,76,55.36,32.68,Green,Cloudy,0,Low
2026-09-20 18:52:00,CBE-PIN-3970,Kakkadavu Village Junction (Crossway 111),10.809093,77.030642,42,64.66,14.15,Green,Clear,0,Low
2026-09-20 08:20:00,CBE-PIN-3971,Kakkadavu Village Junction (Bypass 112),10.794532,77.045311,138,33.46,53.0,Red,Rain,0,Medium
2026-09-20 09:42:00,CBE-PIN-3972,Kakkadavu Village Junction (Bypass 113),10.793688,77.039313,33,48.64,16.4,Green,Cloudy,0,Low
2026-09-20 12:08:00,CBE-PIN-3973,Kakkadavu Village Junction (Crossway 114),10.795107,77.041669,155,41.0,57.69,Red,Clear,0,Medium
2026-09-20 13:16:00,CBE-PIN-3974,Othakalmandapam Toll Plaza (NH 83) (Link Road 1),10.893746,76.981707,188,21.16,83.23,Red,Cloudy,0,High
2026-09-20 13:49:00,CBE-PIN-3975,Othakalmandapam Toll Plaza (NH 83) (Crossway 2),10.890934,76.985919,105,37.68,54.99,Red,Clear,0,Medium
2026-09-20 13:24:00,CBE-PIN-3976,Othakalmandapam Toll Plaza (NH 83) (Link Road 3),10.890699,76.987704,113,56.29,37.4,Green,Cloudy,0,Low
2026-09-20 18:59:00,CBE-PIN-3977,Othakalmandapam Toll Plaza (NH 83) (Bypass 4),10.891505,76.984918,145,36.6,57.24,Red,Cloudy,0,Medium
2026-09-20 13:27:00,CBE-PIN-3978,Othakalmandapam Toll Plaza (NH 83) (Link Road 5),10.890409,76.97803,20,66.44,10.4,Red,Rain,0,Low
2026-09-20 12:38:00,CBE-PIN-3979,Othakalmandapam Toll Plaza (NH 83) (Bypass 6),10.893897,76.98335,241,17.48,79.58,Green,Cloudy,1,High
2026-09-20 11:29:00,CBE-PIN-3980,Othakalmandapam Toll Plaza (NH 83) (Link Road 7),10.905272,76.978563,196,42.23,62.91,Green,Clear,0,Medium
2026-09-20 18:18:00,CBE-PIN-3981,Othakalmandapam Toll Plaza (NH 83) (Junction 8),10.892249,76.983836,249,12.4,93.67,Yellow,Cloudy,0,High
2026-09-20 10:52:00,CBE-PIN-3982,Othakalmandapam Toll Plaza (NH 83) (Junction 9),10.889721,76.983489,77,65.53,32.37,Green,Clear,0,Low
2026-09-20 11:01:00,CBE-PIN-3983,Othakalmandapam Toll Plaza (NH 83) (Bypass 10),10.894339,76.990744,173,18.75,85.64,Red,Clear,0,High
2026-09-20 10:52:00,CBE-PIN-3984,Othakalmandapam Toll Plaza (NH 83) (Approach 11),10.890834,76.989393,181,34.08,59.43,Green,Clear,0,Medium
2026-09-20 16:06:00,CBE-PIN-3985,Othakalmandapam Toll Plaza (NH 83) (Crossway 12),10.891196,76.983134,34,61.2,11.56,Red,Rain,0,Low
2026-09-20 17:41:00,CBE-PIN-3986,Othakalmandapam Toll Plaza (NH 83) (Checkpost 13),10.896437,76.987826,164,35.74,60.88,Green,Rain,0,Medium
2026-09-20 08:21:00,CBE-PIN-3987,Othakalmandapam Toll Plaza (NH 83) (Approach 14),10.892611,76.98441,91,36.26,44.58,Green,Clear,0,Medium
2026-09-20 14:05:00,CBE-PIN-3988,Othakalmandapam Toll Plaza (NH 83) (Link Road 15),10.894117,76.987262,183,17.55,79.93,Yellow,Rain,0,High
2026-09-20 09:30:00,CBE-PIN-3989,Othakalmandapam Toll Plaza (NH 83) (Checkpost 16),10.893284,76.986212,272,17.03,92.81,Red,Cloudy,0,High
2026-09-20 13:41:00,CBE-PIN-3990,Othakalmandapam Toll Plaza (NH 83) (Approach 17),10.892602,76.984847,215,15.4,78.94,Red,Cloudy,0,High
2026-09-20 12:52:00,CBE-PIN-3991,Othakalmandapam Toll Plaza (NH 83) (Approach 18),10.904486,76.987431,60,47.91,23.03,Green,Cloudy,0,Low
2026-09-20 17:51:00,CBE-PIN-3992,Othakalmandapam Toll Plaza (NH 83) (Bypass 19),10.892038,76.985715,51,54.39,17.08,Green,Cloudy,0,Low
2026-09-20 17:59:00,CBE-PIN-3993,Othakalmandapam Toll Plaza (NH 83) (Crossway 20),10.890795,76.986809,143,28.44,55.94,Red,Cloudy,0,Medium
2026-09-20 11:29:00,CBE-PIN-3994,Othakalmandapam Toll Plaza (NH 83) (Crossway 21),10.889654,76.986621,46,63.0,22.37,Red,Breezy,0,Low
2026-09-20 12:00:00,CBE-PIN-3995,Othakalmandapam Toll Plaza (NH 83) (Checkpost 22),10.892361,76.988606,166,13.77,81.16,Green,Rain,0,High
2026-09-20 13:08:00,CBE-PIN-3996,Othakalmandapam Toll Plaza (NH 83) (Junction 23),10.893178,76.985444,33,57.87,14.35,Yellow,Clear,0,Low
2026-09-20 15:50:00,CBE-PIN-3997,Othakalmandapam Toll Plaza (NH 83) (Checkpost 24),10.886235,76.993043,118,41.7,65.86,Green,Cloudy,0,Medium
2026-09-20 18:44:00,CBE-PIN-3998,Othakalmandapam Toll Plaza (NH 83) (Bypass 25),10.891629,76.985545,211,19.36,95.2,Red,Clear,0,High
2026-09-20 19:22:00,CBE-PIN-3999,Othakalmandapam Toll Plaza (NH 83) (Junction 26),10.893664,76.984658,75,67.27,33.56,Green,Clear,0,Low
2026-09-20 17:19:00,CBE-PIN-4000,Othakalmandapam Toll Plaza (NH 83) (Crossway 27),10.892619,76.984496,207,17.29,80.85,Red,Cloudy,0,High
2026-09-20 09:09:00,CBE-PIN-4001,Othakalmandapam Toll Plaza (NH 83) (Approach 28),10.89546,76.979345,167,15.99,75.56,Red,Clear,0,High
2026-09-20 15:51:00,CBE-PIN-4002,Othakalmandapam Toll Plaza (NH 83) (Junction 29),10.891857,76.984153,274,18.99,92.7,Red,Clear,1,High
2026-09-20 18:54:00,CBE-PIN-4003,Othakalmandapam Toll Plaza (NH 83) (Link Road 30),10.89434,76.983162,126,27.42,42.36,Green,Clear,0,Medium
2026-09-20 13:59:00,CBE-PIN-4004,Othakalmandapam Toll Plaza (NH 83) (Link Road 31),10.892277,76.984474,261,18.41,93.37,Green,Cloudy,0,High
2026-09-20 11:50:00,CBE-PIN-4005,Othakalmandapam Toll Plaza (NH 83) (Checkpost 32),10.897119,76.992724,156,37.51,69.85,Red,Clear,0,Medium
2026-09-20 15:26:00,CBE-PIN-4006,Othakalmandapam Toll Plaza (NH 83) (Approach 33),10.890768,76.986254,239,16.64,92.56,Green,Clear,0,High
2026-09-20 10:32:00,CBE-PIN-4007,Othakalmandapam Toll Plaza (NH 83) (Junction 34),10.892178,76.981143,203,14.87,86.35,Red,Rain,0,High
2026-09-20 15:03:00,CBE-PIN-4008,Othakalmandapam Toll Plaza (NH 83) (Bypass 35),10.894787,76.986688,184,12.6,93.84,Yellow,Clear,0,High
2026-09-20 15:55:00,CBE-PIN-4009,Othakalmandapam Toll Plaza (NH 83) (Link Road 36),10.890141,76.982072,165,18.33,83.5,Red,Cloudy,0,High
2026-09-20 09:10:00,CBE-PIN-4010,Othakalmandapam Toll Plaza (NH 83) (Bypass 37),10.892571,76.984895,158,17.29,82.31,Red,Rain,0,High
2026-09-20 10:01:00,CBE-PIN-4011,Othakalmandapam Toll Plaza (NH 83) (Bypass 38),10.890724,76.985391,186,19.59,83.83,Green,Clear,0,High
2026-09-20 09:39:00,CBE-PIN-4012,Othakalmandapam Toll Plaza (NH 83) (Link Road 39),10.892725,76.986137,202,16.75,79.39,Green,Clear,0,High
2026-09-20 14:48:00,CBE-PIN-4013,Othakalmandapam Toll Plaza (NH 83) (Approach 40),10.896066,76.988761,220,16.43,87.34,Red,Clear,0,High
2026-09-20 16:36:00,CBE-PIN-4014,Othakalmandapam Toll Plaza (NH 83) (Junction 41),10.891138,76.985299,241,13.5,90.62,Red,Clear,0,High
2026-09-20 18:58:00,CBE-PIN-4015,Othakalmandapam Toll Plaza (NH 83) (Approach 42),10.895258,76.98619,204,21.08,75.73,Green,Rain,0,High
2026-09-20 08:20:00,CBE-PIN-4016,Othakalmandapam Toll Plaza (NH 83) (Approach 43),10.893347,76.98302,211,12.04,95.59,Yellow,Clear,0,High
2026-09-20 14:12:00,CBE-PIN-4017,Othakalmandapam Toll Plaza (NH 83) (Junction 44),10.892463,76.982876,238,12.12,86.93,Green,Cloudy,0,High
2026-09-20 14:04:00,CBE-PIN-4018,Othakalmandapam Toll Plaza (NH 83) (Approach 45),10.891092,76.984473,173,20.63,75.27,Green,Cloudy,0,High
2026-09-20 18:40:00,CBE-PIN-4019,Othakalmandapam Toll Plaza (NH 83) (Checkpost 46),10.891681,76.985118,175,41.09,73.74,Red,Clear,0,Medium
2026-09-20 16:11:00,CBE-PIN-4020,Othakalmandapam Toll Plaza (NH 83) (Approach 47),10.891556,76.984899,176,14.61,82.58,Green,Clear,0,High
2026-09-20 10:47:00,CBE-PIN-4021,Othakalmandapam Toll Plaza (NH 83) (Bypass 48),10.892439,76.984494,201,18.49,86.86,Green,Cloudy,0,High
2026-09-20 18:34:00,CBE-PIN-4022,Othakalmandapam Toll Plaza (NH 83) (Bypass 49),10.894359,76.98552,101,39.94,43.85,Red,Breezy,0,Medium
2026-09-20 14:41:00,CBE-PIN-4023,Othakalmandapam Toll Plaza (NH 83) (Checkpost 50),10.885199,76.981896,145,37.89,52.16,Red,Clear,0,Medium
2026-09-20 09:29:00,CBE-PIN-4024,Othakalmandapam Toll Plaza (NH 83) (Crossway 51),10.892487,76.986703,58,65.19,19.7,Yellow,Rain,0,Low
2026-09-20 08:25:00,CBE-PIN-4025,Othakalmandapam Toll Plaza (NH 83) (Crossway 52),10.891881,76.984413,47,48.17,17.85,Green,Cloudy,0,Low
2026-09-20 14:08:00,CBE-PIN-4026,Othakalmandapam Toll Plaza (NH 83) (Approach 53),10.892768,76.984879,284,18.53,90.54,Red,Clear,0,High
2026-09-20 18:32:00,CBE-PIN-4027,Othakalmandapam Toll Plaza (NH 83) (Checkpost 54),10.892044,76.985265,168,12.97,90.64,Red,Clear,0,High
2026-09-20 14:36:00,CBE-PIN-4028,Othakalmandapam Toll Plaza (NH 83) (Bypass 55),10.891658,76.986076,125,26.73,69.26,Green,Cloudy,0,Medium
2026-09-20 15:20:00,CBE-PIN-4029,Othakalmandapam Toll Plaza (NH 83) (Link Road 56),10.88906,76.984298,281,19.43,96.0,Red,Cloudy,0,High
2026-09-20 14:49:00,CBE-PIN-4030,Othakalmandapam Toll Plaza (NH 83) (Link Road 57),10.890023,76.985737,271,16.11,85.78,Green,Clear,0,High
2026-09-20 14:39:00,CBE-PIN-4031,Othakalmandapam Toll Plaza (NH 83) (Crossway 58),10.890729,76.985089,43,53.13,23.13,Green,Clear,0,Low
2026-09-20 10:25:00,CBE-PIN-4032,Othakalmandapam Toll Plaza (NH 83) (Crossway 59),10.889144,76.984088,159,20.15,75.07,Green,Cloudy,0,High
2026-09-20 11:06:00,CBE-PIN-4033,Othakalmandapam Toll Plaza (NH 83) (Link Road 60),10.884851,76.983485,164,16.24,78.83,Green,Clear,1,High
2026-09-20 14:15:00,CBE-PIN-4034,Othakalmandapam Toll Plaza (NH 83) (Junction 61),10.891663,76.984853,127,30.69,53.03,Yellow,Clear,0,Medium
2026-09-20 18:20:00,CBE-PIN-4035,Othakalmandapam Toll Plaza (NH 83) (Approach 62),10.886852,76.983459,200,12.26,91.19,Yellow,Cloudy,0,High
2026-09-20 08:13:00,CBE-PIN-4036,Othakalmandapam Toll Plaza (NH 83) (Junction 63),10.897578,76.985713,107,28.86,53.27,Green,Cloudy,0,Medium
2026-09-20 08:44:00,CBE-PIN-4037,Othakalmandapam Toll Plaza (NH 83) (Link Road 64),10.891676,76.983865,200,20.3,80.31,Green,Cloudy,0,High
2026-09-20 11:24:00,CBE-PIN-4038,Othakalmandapam Toll Plaza (NH 83) (Approach 65),10.894286,76.981364,161,19.2,80.18,Green,Clear,0,High
2026-09-20 16:53:00,CBE-PIN-4039,Othakalmandapam Toll Plaza (NH 83) (Link Road 66),10.891949,76.987637,199,15.33,80.6,Green,Clear,0,High
2026-09-20 10:58:00,CBE-PIN-4040,Othakalmandapam Toll Plaza (NH 83) (Bypass 67),10.891347,76.980772,166,19.08,84.78,Red,Clear,0,High
2026-09-20 08:29:00,CBE-PIN-4041,Othakalmandapam Toll Plaza (NH 83) (Link Road 68),10.891612,76.986576,215,35.3,69.19,Yellow,Clear,0,Medium
2026-09-20 14:20:00,CBE-PIN-4042,Othakalmandapam Toll Plaza (NH 83) (Link Road 69),10.892476,76.982899,281,13.48,92.88,Red,Clear,0,High
2026-09-20 10:00:00,CBE-PIN-4043,Othakalmandapam Toll Plaza (NH 83) (Link Road 70),10.890558,76.983367,240,19.43,83.64,Green,Breezy,0,High
2026-09-20 14:14:00,CBE-PIN-4044,Othakalmandapam Toll Plaza (NH 83) (Crossway 71),10.892709,76.984587,102,55.82,33.56,Green,Clear,0,Low
2026-09-20 12:18:00,CBE-PIN-4045,Othakalmandapam Toll Plaza (NH 83) (Crossway 72),10.886554,76.984944,165,12.15,83.55,Red,Clear,0,High
2026-09-20 18:53:00,CBE-PIN-4046,Othakalmandapam Toll Plaza (NH 83) (Approach 73),10.891978,76.986451,175,17.59,80.26,Green,Clear,0,High
2026-09-20 16:51:00,CBE-PIN-4047,Othakalmandapam Toll Plaza (NH 83) (Approach 74),10.901586,76.986033,251,17.21,95.76,Red,Rain,0,High
2026-09-20 19:26:00,CBE-PIN-4048,Othakalmandapam Toll Plaza (NH 83) (Crossway 75),10.874673,76.98597,172,17.94,77.24,Red,Rain,0,High
2026-09-20 09:43:00,CBE-PIN-4049,Othakalmandapam Toll Plaza (NH 83) (Bypass 76),10.892202,76.985135,90,54.88,34.63,Red,Breezy,0,Low
2026-09-20 19:37:00,CBE-PIN-4050,Othakalmandapam Toll Plaza (NH 83) (Bypass 77),10.889549,76.984844,221,14.93,91.01,Green,Clear,0,High
2026-09-20 14:58:00,CBE-PIN-4051,Othakalmandapam Toll Plaza (NH 83) (Junction 78),10.887339,76.993161,141,35.25,62.81,Red,Clear,0,Medium
2026-09-20 09:01:00,CBE-PIN-4052,Othakalmandapam Toll Plaza (NH 83) (Checkpost 79),10.891142,76.983718,225,20.72,94.37,Green,Cloudy,0,High
2026-09-20 14:54:00,CBE-PIN-4053,Othakalmandapam Toll Plaza (NH 83) (Crossway 80),10.890525,76.992246,102,62.92,32.41,Red,Cloudy,0,Low
2026-09-20 19:54:00,CBE-PIN-4054,Othakalmandapam Toll Plaza (NH 83) (Crossway 81),10.892572,76.986178,152,27.89,70.9,Red,Clear,0,Medium
2026-09-20 11:57:00,CBE-PIN-4055,Othakalmandapam Toll Plaza (NH 83) (Checkpost 82),10.892872,76.985579,208,21.46,83.17,Red,Clear,0,High
2026-09-20 08:37:00,CBE-PIN-4056,Othakalmandapam Toll Plaza (NH 83) (Junction 83),10.895545,76.981933,170,18.4,77.35,Red,Cloudy,0,High
2026-09-20 13:57:00,CBE-PIN-4057,Othakalmandapam Toll Plaza (NH 83) (Junction 84),10.879986,76.983589,88,55.35,32.62,Red,Rain,0,Low
2026-09-20 16:05:00,CBE-PIN-4058,Othakalmandapam Toll Plaza (NH 83) (Checkpost 85),10.893719,76.985195,99,28.73,45.17,Green,Cloudy,0,Medium
2026-09-20 09:25:00,CBE-PIN-4059,Othakalmandapam Toll Plaza (NH 83) (Approach 86),10.8924,76.983988,137,29.57,63.47,Green,Cloudy,0,Medium
2026-09-20 18:29:00,CBE-PIN-4060,Othakalmandapam Toll Plaza (NH 83) (Checkpost 87),10.892573,76.984171,66,62.13,22.27,Yellow,Cloudy,0,Low
2026-09-20 13:34:00,CBE-PIN-4061,Othakalmandapam Toll Plaza (NH 83) (Bypass 88),10.89393,76.983749,133,44.95,45.0,Green,Cloudy,0,Medium
2026-09-20 10:48:00,CBE-PIN-4062,Othakalmandapam Toll Plaza (NH 83) (Junction 89),10.898409,76.982535,163,13.37,87.62,Green,Clear,0,High
2026-09-20 19:14:00,CBE-PIN-4063,Othakalmandapam Toll Plaza (NH 83) (Approach 90),10.893791,76.980157,172,12.48,86.55,Green,Clear,0,High
2026-09-20 15:25:00,CBE-PIN-4064,Othakalmandapam Toll Plaza (NH 83) (Checkpost 91),10.891674,76.984902,227,18.67,85.36,Green,Cloudy,0,High
2026-09-20 15:22:00,CBE-PIN-4065,Othakalmandapam Toll Plaza (NH 83) (Crossway 92),10.893298,76.984192,214,20.18,79.49,Green,Clear,0,High
2026-09-20 09:17:00,CBE-PIN-4066,Othakalmandapam Toll Plaza (NH 83) (Crossway 93),10.89053,76.983022,198,41.02,66.66,Green,Clear,0,Medium
2026-09-20 17:26:00,CBE-PIN-4067,Othakalmandapam Toll Plaza (NH 83) (Junction 94),10.893807,76.984677,210,16.73,84.17,Green,Cloudy,0,High
2026-09-20 11:29:00,CBE-PIN-4068,Othakalmandapam Toll Plaza (NH 83) (Crossway 95),10.893257,76.984834,39,59.82,16.38,Red,Cloudy,0,Low
2026-09-20 15:25:00,CBE-PIN-4069,Othakalmandapam Toll Plaza (NH 83) (Checkpost 96),10.892739,76.98377,245,16.58,78.39,Red,Clear,0,High
2026-09-20 09:47:00,CBE-PIN-4070,Othakalmandapam Toll Plaza (NH 83) (Junction 97),10.886574,76.983283,148,44.18,68.69,Red,Rain,0,Medium
2026-09-20 11:09:00,CBE-PIN-4071,Othakalmandapam Toll Plaza (NH 83) (Junction 98),10.895748,76.980044,180,21.5,78.83,Green,Clear,0,High
2026-09-20 09:32:00,CBE-PIN-4072,Othakalmandapam Toll Plaza (NH 83) (Crossway 99),10.892576,76.986745,179,14.38,93.4,Green,Clear,0,High
2026-09-20 12:29:00,CBE-PIN-4073,Othakalmandapam Toll Plaza (NH 83) (Checkpost 100),10.893572,76.981772,158,14.89,83.6,Green,Cloudy,0,High
2026-09-20 18:32:00,CBE-PIN-4074,Othakalmandapam Toll Plaza (NH 83) (Bypass 101),10.89227,76.984966,196,15.12,86.75,Yellow,Clear,0,High
2026-09-20 09:54:00,CBE-PIN-4075,Othakalmandapam Toll Plaza (NH 83) (Link Road 102),10.892203,76.985314,157,15.67,83.26,Red,Clear,0,High
2026-09-20 11:59:00,CBE-PIN-4076,Othakalmandapam Toll Plaza (NH 83) (Checkpost 103),10.895724,76.987065,227,15.27,77.66,Red,Clear,0,High
2026-09-20 18:48:00,CBE-PIN-4077,Othakalmandapam Toll Plaza (NH 83) (Link Road 104),10.892181,76.980828,209,12.83,92.68,Green,Clear,0,High
2026-09-20 19:01:00,CBE-PIN-4078,Othakalmandapam Toll Plaza (NH 83) (Junction 105),10.89719,76.980284,220,21.63,89.36,Green,Clear,0,High
2026-09-20 09:33:00,CBE-PIN-4079,Othakalmandapam Toll Plaza (NH 83) (Checkpost 106),10.887432,76.992176,142,33.77,66.76,Red,Clear,0,Medium
2026-09-20 16:34:00,CBE-PIN-4080,Othakalmandapam Toll Plaza (NH 83) (Crossway 107),10.885308,76.980445,175,37.63,66.4,Red,Clear,0,Medium
2026-09-20 16:02:00,CBE-PIN-4081,Othakalmandapam Toll Plaza (NH 83) (Crossway 108),10.893693,76.987911,232,17.48,93.48,Yellow,Rain,0,High
2026-09-20 16:14:00,CBE-PIN-4082,Othakalmandapam Toll Plaza (NH 83) (Approach 109),10.891735,76.982627,180,13.42,82.5,Green,Clear,0,High
2026-09-20 13:59:00,CBE-PIN-4083,Othakalmandapam Toll Plaza (NH 83) (Link Road 110),10.882745,76.989011,290,21.52,94.44,Green,Clear,0,High
2026-09-20 14:59:00,CBE-PIN-4084,Othakalmandapam Toll Plaza (NH 83) (Checkpost 111),10.892584,76.986847,67,61.02,34.57,Red,Cloudy,0,Low
2026-09-20 19:17:00,CBE-PIN-4085,Othakalmandapam Toll Plaza (NH 83) (Checkpost 112),10.900213,76.989963,226,12.64,81.75,Red,Cloudy,0,High
2026-09-20 17:43:00,CBE-PIN-4086,Othakalmandapam Toll Plaza (NH 83) (Crossway 113),10.892619,76.984748,95,25.3,42.77,Green,Clear,0,Medium
2026-09-20 19:12:00,CBE-PIN-4087,Othakalmandapam Toll Plaza (NH 83) (Crossway 114),10.891798,76.997091,91,57.21,32.75,Yellow,Clear,0,Low
2026-09-20 10:50:00,CBE-PIN-4088,Karpagam Academy of Higher Education (KAHE) (Link Road 1),10.90896,76.977357,98,63.69,34.75,Red,Clear,0,Low
2026-09-20 19:48:00,CBE-PIN-4089,Karpagam Academy of Higher Education (KAHE) (Checkpost 2),10.905097,76.975729,158,16.66,80.47,Red,Cloudy,0,High
2026-09-20 08:05:00,CBE-PIN-4090,Karpagam Academy of Higher Education (KAHE) (Crossway 3),10.912407,76.976476,169,16.01,80.41,Green,Clear,0,High
2026-09-20 12:56:00,CBE-PIN-4091,Karpagam Academy of Higher Education (KAHE) (Checkpost 4),10.905919,76.972085,228,18.87,81.37,Red,Rain,0,High
2026-09-20 17:44:00,CBE-PIN-4092,Karpagam Academy of Higher Education (KAHE) (Approach 5),10.907839,76.977817,223,18.61,81.12,Green,Clear,0,High
2026-09-20 10:59:00,CBE-PIN-4093,Karpagam Academy of Higher Education (KAHE) (Checkpost 6),10.906967,76.978029,30,54.33,15.08,Red,Cloudy,0,Low
2026-09-20 13:28:00,CBE-PIN-4094,Karpagam Academy of Higher Education (KAHE) (Checkpost 7),10.908729,76.976826,269,13.73,93.6,Yellow,Breezy,0,High
2026-09-20 13:20:00,CBE-PIN-4095,Karpagam Academy of Higher Education (KAHE) (Approach 8),10.908602,76.976219,77,65.7,29.67,Green,Clear,0,Low
2026-09-20 09:10:00,CBE-PIN-4096,Karpagam Academy of Higher Education (KAHE) (Checkpost 9),10.912291,76.978671,74,47.38,26.79,Red,Cloudy,0,Low
2026-09-20 14:00:00,CBE-PIN-4097,Karpagam Academy of Higher Education (KAHE) (Bypass 10),10.907863,76.97776,204,14.75,88.3,Green,Clear,0,High
2026-09-20 10:59:00,CBE-PIN-4098,Karpagam Academy of Higher Education (KAHE) (Checkpost 11),10.906471,76.978178,148,29.47,53.64,Green,Clear,0,Medium
2026-09-20 08:29:00,CBE-PIN-4099,Karpagam Academy of Higher Education (KAHE) (Junction 12),10.913947,76.977,256,18.52,85.41,Green,Rain,0,High
2026-09-20 13:06:00,CBE-PIN-4100,Karpagam Academy of Higher Education (KAHE) (Crossway 13),10.90524,76.966482,141,41.64,72.04,Yellow,Clear,0,Medium
2026-09-20 13:49:00,CBE-PIN-4101,Karpagam Academy of Higher Education (KAHE) (Link Road 14),10.904464,76.978318,131,44.43,49.9,Green,Rain,0,Medium
2026-09-20 16:29:00,CBE-PIN-4102,Karpagam Academy of Higher Education (KAHE) (Crossway 15),10.908141,76.975477,248,15.69,80.72,Yellow,Clear,0,High
2026-09-20 18:11:00,CBE-PIN-4103,Karpagam Academy of Higher Education (KAHE) (Crossway 16),10.912538,76.980852,188,35.48,60.26,Green,Cloudy,0,Medium
2026-09-20 19:32:00,CBE-PIN-4104,Karpagam Academy of Higher Education (KAHE) (Checkpost 17),10.910611,76.97073,157,20.49,76.52,Yellow,Clear,0,High
2026-09-20 13:39:00,CBE-PIN-4105,Karpagam Academy of Higher Education (KAHE) (Link Road 18),10.907653,76.977991,85,68.21,32.84,Green,Cloudy,0,Low
2026-09-20 16:20:00,CBE-PIN-4106,Karpagam Academy of Higher Education (KAHE) (Junction 19),10.907695,76.978046,74,52.62,23.75,Red,Clear,0,Low
2026-09-20 11:10:00,CBE-PIN-4107,Karpagam Academy of Higher Education (KAHE) (Checkpost 20),10.907877,76.978632,51,57.15,23.23,Green,Clear,0,Low
2026-09-20 15:25:00,CBE-PIN-4108,Karpagam Academy of Higher Education (KAHE) (Bypass 21),10.908482,76.981169,157,15.46,81.42,Green,Clear,0,High
2026-09-20 15:10:00,CBE-PIN-4109,Karpagam Academy of Higher Education (KAHE) (Bypass 22),10.907993,76.978279,111,32.37,42.03,Red,Clear,0,Medium
2026-09-20 09:16:00,CBE-PIN-4110,Karpagam Academy of Higher Education (KAHE) (Checkpost 23),10.90905,76.981166,102,62.8,33.57,Green,Clear,0,Low
2026-09-20 13:49:00,CBE-PIN-4111,Karpagam Academy of Higher Education (KAHE) (Approach 24),10.909466,76.976841,87,62.16,35.23,Red,Clear,0,Low
2026-09-20 19:13:00,CBE-PIN-4112,Karpagam Academy of Higher Education (KAHE) (Bypass 25),10.906387,76.9764,188,16.12,79.89,Green,Clear,0,High
2026-09-20 12:32:00,CBE-PIN-4113,Karpagam Academy of Higher Education (KAHE) (Junction 26),10.908642,76.97802,161,12.22,86.48,Green,Clear,0,High
2026-09-20 19:17:00,CBE-PIN-4114,Karpagam Academy of Higher Education (KAHE) (Bypass 27),10.901891,76.976383,76,35.34,41.76,Red,Cloudy,0,Medium
2026-09-20 14:26:00,CBE-PIN-4115,Karpagam Academy of Higher Education (KAHE) (Crossway 28),10.909233,76.977506,82,70.95,37.35,Red,Rain,0,Low
2026-09-20 11:22:00,CBE-PIN-4116,Karpagam Academy of Higher Education (KAHE) (Crossway 29),10.906298,76.976101,212,18.78,86.82,Green,Cloudy,0,High
2026-09-20 16:23:00,CBE-PIN-4117,Karpagam Academy of Higher Education (KAHE) (Bypass 30),10.909134,76.979481,113,33.09,49.63,Green,Clear,0,Medium
2026-09-20 12:37:00,CBE-PIN-4118,Karpagam Academy of Higher Education (KAHE) (Bypass 31),10.906839,76.977868,201,13.06,93.98,Red,Breezy,0,High
2026-09-20 14:19:00,CBE-PIN-4119,Karpagam Academy of Higher Education (KAHE) (Bypass 32),10.907791,76.977868,225,18.8,78.2,Red,Clear,0,High
2026-09-20 18:54:00,CBE-PIN-4120,Karpagam Academy of Higher Education (KAHE) (Link Road 33),10.904544,76.981125,181,17.32,94.27,Red,Clear,0,High
2026-09-20 15:53:00,CBE-PIN-4121,Karpagam Academy of Higher Education (KAHE) (Approach 34),10.907823,76.977868,242,15.63,95.99,Yellow,Clear,0,High
2026-09-20 16:08:00,CBE-PIN-4122,Karpagam Academy of Higher Education (KAHE) (Checkpost 35),10.908886,76.977522,277,13.4,89.64,Green,Cloudy,0,High
2026-09-20 16:33:00,CBE-PIN-4123,Karpagam Academy of Higher Education (KAHE) (Crossway 36),10.911282,76.976441,294,14.66,94.02,Green,Breezy,0,High
2026-09-20 12:37:00,CBE-PIN-4124,Karpagam Academy of Higher Education (KAHE) (Link Road 37),10.90462,76.979779,30,67.25,10.41,Green,Cloudy,0,Low
2026-09-20 18:13:00,CBE-PIN-4125,Karpagam Academy of Higher Education (KAHE) (Crossway 38),10.907833,76.97808,43,54.23,20.89,Green,Clear,0,Low
2026-09-20 15:31:00,CBE-PIN-4126,Karpagam Academy of Higher Education (KAHE) (Checkpost 39),10.90761,76.977397,90,36.79,46.33,Red,Rain,0,Medium
2026-09-20 08:56:00,CBE-PIN-4127,Karpagam Academy of Higher Education (KAHE) (Checkpost 40),10.907765,76.977905,248,12.56,86.3,Green,Rain,0,High
2026-09-20 15:15:00,CBE-PIN-4128,Karpagam Academy of Higher Education (KAHE) (Approach 41),10.908835,76.976295,68,59.67,23.65,Yellow,Cloudy,0,Low
2026-09-20 13:36:00,CBE-PIN-4129,Karpagam Academy of Higher Education (KAHE) (Crossway 42),10.90811,76.978219,287,20.91,95.81,Green,Clear,0,High
2026-09-20 19:05:00,CBE-PIN-4130,Karpagam Academy of Higher Education (KAHE) (Approach 43),10.90682,76.974406,63,70.61,35.45,Yellow,Rain,0,Low
2026-09-20 09:42:00,CBE-PIN-4131,Karpagam Academy of Higher Education (KAHE) (Link Road 44),10.905975,76.975813,58,67.29,27.36,Red,Clear,0,Low
2026-09-20 14:11:00,CBE-PIN-4132,Karpagam Academy of Higher Education (KAHE) (Bypass 45),10.907622,76.977738,247,16.37,91.67,Green,Cloudy,1,High
2026-09-20 08:50:00,CBE-PIN-4133,Karpagam Academy of Higher Education (KAHE) (Link Road 46),10.908939,76.973597,34,51.65,13.11,Green,Cloudy,0,Low
2026-09-20 10:56:00,CBE-PIN-4134,Karpagam Academy of Higher Education (KAHE) (Approach 47),10.908993,76.973849,278,13.08,91.48,Red,Clear,0,High
2026-09-20 15:34:00,CBE-PIN-4135,Karpagam Academy of Higher Education (KAHE) (Bypass 48),10.907832,76.977731,269,18.24,91.03,Green,Clear,1,High
2026-09-20 14:10:00,CBE-PIN-4136,Karpagam Academy of Higher Education (KAHE) (Checkpost 49),10.907512,76.976392,71,58.57,30.74,Green,Clear,0,Low
2026-09-20 16:52:00,CBE-PIN-4137,Karpagam Academy of Higher Education (KAHE) (Checkpost 50),10.902227,76.976847,146,44.12,52.56,Green,Clear,0,Medium
2026-09-20 17:55:00,CBE-PIN-4138,Karpagam Academy of Higher Education (KAHE) (Checkpost 51),10.907463,76.978548,116,37.99,59.68,Green,Clear,0,Medium
2026-09-20 08:15:00,CBE-PIN-4139,Karpagam Academy of Higher Education (KAHE) (Crossway 52),10.907796,76.97786,248,12.92,95.96,Green,Clear,0,High
2026-09-20 08:05:00,CBE-PIN-4140,Karpagam Academy of Higher Education (KAHE) (Checkpost 53),10.907774,76.977848,219,13.63,90.87,Green,Clear,0,High
2026-09-20 16:22:00,CBE-PIN-4141,Karpagam Academy of Higher Education (KAHE) (Checkpost 54),10.907252,76.971291,39,66.3,17.59,Red,Clear,0,Low
2026-09-20 14:24:00,CBE-PIN-4142,Karpagam Academy of Higher Education (KAHE) (Approach 55),10.907802,76.977779,30,67.41,11.92,Red,Clear,0,Low
2026-09-20 09:58:00,CBE-PIN-4143,Karpagam Academy of Higher Education (KAHE) (Bypass 56),10.897921,76.975172,190,12.02,76.61,Red,Cloudy,0,High
2026-09-20 19:22:00,CBE-PIN-4144,Karpagam Academy of Higher Education (KAHE) (Crossway 57),10.907192,76.979436,165,27.52,66.23,Green,Clear,0,Medium
2026-09-20 13:47:00,CBE-PIN-4145,Karpagam Academy of Higher Education (KAHE) (Junction 58),10.908572,76.978,179,18.38,79.46,Green,Cloudy,0,High
2026-09-20 19:28:00,CBE-PIN-4146,Karpagam Academy of Higher Education (KAHE) (Crossway 59),10.907064,76.978606,91,48.4,37.34,Yellow,Clear,0,Low
2026-09-20 08:57:00,CBE-PIN-4147,Karpagam Academy of Higher Education (KAHE) (Junction 60),10.907791,76.977339,151,24.75,62.79,Red,Clear,0,Medium
2026-09-20 11:19:00,CBE-PIN-4148,Karpagam Academy of Higher Education (KAHE) (Junction 61),10.905658,76.976491,170,21.05,90.74,Green,Clear,0,High
2026-09-20 15:44:00,CBE-PIN-4149,Karpagam Academy of Higher Education (KAHE) (Approach 62),10.907871,76.977562,283,20.15,89.96,Green,Rain,0,High
2026-09-20 08:08:00,CBE-PIN-4150,Karpagam Academy of Higher Education (KAHE) (Crossway 63),10.902915,76.978477,96,67.1,32.84,Yellow,Clear,0,Low
2026-09-20 15:02:00,CBE-PIN-4151,Karpagam Academy of Higher Education (KAHE) (Checkpost 64),10.902436,76.974914,160,12.5,85.13,Green,Cloudy,0,High
2026-09-20 11:29:00,CBE-PIN-4152,Karpagam Academy of Higher Education (KAHE) (Link Road 65),10.909738,76.9746,298,13.23,94.13,Green,Clear,0,High
2026-09-20 08:19:00,CBE-PIN-4153,Karpagam Academy of Higher Education (KAHE) (Approach 66),10.906846,76.976949,220,13.92,87.27,Green,Rain,0,High
2026-09-20 12:11:00,CBE-PIN-4154,Karpagam Academy of Higher Education (KAHE) (Bypass 67),10.906697,76.977056,80,57.55,30.3,Green,Cloudy,0,Low
2026-09-20 18:39:00,CBE-PIN-4155,Karpagam Academy of Higher Education (KAHE) (Checkpost 68),10.913786,76.97347,215,12.82,81.19,Green,Clear,0,High
2026-09-20 12:17:00,CBE-PIN-4156,Karpagam Academy of Higher Education (KAHE) (Link Road 69),10.907978,76.978782,169,12.96,76.57,Red,Clear,0,High
2026-09-20 08:38:00,CBE-PIN-4157,Karpagam Academy of Higher Education (KAHE) (Link Road 70),10.908292,76.979689,230,18.98,77.6,Green,Clear,0,High
2026-09-20 16:18:00,CBE-PIN-4158,Karpagam Academy of Higher Education (KAHE) (Junction 71),10.908247,76.977625,187,14.52,80.14,Red,Clear,0,High
2026-09-20 14:30:00,CBE-PIN-4159,Karpagam Academy of Higher Education (KAHE) (Crossway 72),10.896247,76.968748,125,32.94,52.52,Red,Cloudy,0,Medium
2026-09-20 13:30:00,CBE-PIN-4160,Karpagam Academy of Higher Education (KAHE) (Checkpost 73),10.917287,76.97634,132,24.39,65.45,Green,Clear,0,Medium
2026-09-20 10:46:00,CBE-PIN-4161,Karpagam Academy of Higher Education (KAHE) (Crossway 74),10.907762,76.976785,34,51.06,11.92,Red,Cloudy,0,Low
2026-09-20 14:29:00,CBE-PIN-4162,Karpagam Academy of Higher Education (KAHE) (Junction 75),10.916529,76.976667,185,17.59,86.67,Red,Breezy,0,High
2026-09-20 09:47:00,CBE-PIN-4163,Karpagam Academy of Higher Education (KAHE) (Checkpost 76),10.912578,76.976373,116,28.66,54.46,Green,Cloudy,0,Medium
2026-09-20 12:54:00,CBE-PIN-4164,Karpagam Academy of Higher Education (KAHE) (Link Road 77),10.907868,76.977946,131,28.71,42.68,Green,Cloudy,0,Medium
2026-09-20 12:11:00,CBE-PIN-4165,Karpagam Academy of Higher Education (KAHE) (Approach 78),10.911098,76.983135,146,17.44,75.11,Green,Cloudy,0,High
2026-09-20 19:46:00,CBE-PIN-4166,Karpagam Academy of Higher Education (KAHE) (Bypass 79),10.907909,76.977989,276,16.67,86.96,Yellow,Rain,0,High
2026-09-20 08:02:00,CBE-PIN-4167,Karpagam Academy of Higher Education (KAHE) (Junction 80),10.917201,76.983407,161,19.76,75.66,Red,Rain,0,High
2026-09-20 13:40:00,CBE-PIN-4168,Karpagam Academy of Higher Education (KAHE) (Approach 81),10.907145,76.977934,43,55.58,19.37,Green,Clear,0,Low
2026-09-20 18:42:00,CBE-PIN-4169,Karpagam Academy of Higher Education (KAHE) (Bypass 82),10.907355,76.9767,29,48.68,14.55,Green,Rain,0,Low
2026-09-20 10:25:00,CBE-PIN-4170,Karpagam Academy of Higher Education (KAHE) (Link Road 83),10.905673,76.9858,162,20.19,85.54,Green,Cloudy,0,High
2026-09-20 16:33:00,CBE-PIN-4171,Karpagam Academy of Higher Education (KAHE) (Crossway 84),10.909747,76.977276,151,16.97,83.26,Green,Cloudy,0,High
2026-09-20 15:18:00,CBE-PIN-4172,Karpagam Academy of Higher Education (KAHE) (Approach 85),10.904292,76.975247,49,49.81,17.59,Green,Breezy,0,Low
2026-09-20 08:16:00,CBE-PIN-4173,Karpagam Academy of Higher Education (KAHE) (Checkpost 86),10.907431,76.977076,175,18.66,78.91,Green,Clear,0,High
2026-09-20 16:35:00,CBE-PIN-4174,Karpagam Academy of Higher Education (KAHE) (Link Road 87),10.90492,76.977753,84,63.0,37.78,Red,Clear,0,Low
2026-09-20 12:01:00,CBE-PIN-4175,Karpagam Academy of Higher Education (KAHE) (Checkpost 88),10.907435,76.976924,183,26.76,64.64,Red,Clear,0,Medium
2026-09-20 12:05:00,CBE-PIN-4176,Karpagam Academy of Higher Education (KAHE) (Bypass 89),10.904882,76.976417,72,49.93,28.95,Red,Clear,0,Low
2026-09-20 12:50:00,CBE-PIN-4177,Karpagam Academy of Higher Education (KAHE) (Approach 90),10.903857,76.978881,93,24.89,48.77,Yellow,Clear,0,Medium
2026-09-20 15:56:00,CBE-PIN-4178,Karpagam Academy of Higher Education (KAHE) (Crossway 91),10.907738,76.977737,29,70.83,10.27,Red,Clear,0,Low
2026-09-20 18:22:00,CBE-PIN-4179,Karpagam Academy of Higher Education (KAHE) (Bypass 92),10.907799,76.977903,185,14.18,82.21,Red,Clear,0,High
2026-09-20 13:50:00,CBE-PIN-4180,Karpagam Academy of Higher Education (KAHE) (Checkpost 93),10.901167,76.976029,50,61.72,21.41,Yellow,Cloudy,0,Low
2026-09-20 15:04:00,CBE-PIN-4181,Karpagam Academy of Higher Education (KAHE) (Bypass 94),10.904707,76.97126,25,46.58,13.61,Red,Rain,0,Low
2026-09-20 10:04:00,CBE-PIN-4182,Karpagam Academy of Higher Education (KAHE) (Checkpost 95),10.907429,76.977991,120,26.53,46.82,Green,Rain,0,Medium
2026-09-20 10:20:00,CBE-PIN-4183,Karpagam Academy of Higher Education (KAHE) (Crossway 96),10.909024,76.973915,241,16.12,86.24,Green,Clear,0,High
2026-09-20 13:10:00,CBE-PIN-4184,Karpagam Academy of Higher Education (KAHE) (Approach 97),10.908411,76.973057,135,44.95,55.63,Green,Cloudy,0,Medium
2026-09-20 14:59:00,CBE-PIN-4185,Karpagam Academy of Higher Education (KAHE) (Crossway 98),10.9092,76.978188,208,24.03,70.57,Red,Clear,0,Medium
2026-09-20 16:33:00,CBE-PIN-4186,Karpagam Academy of Higher Education (KAHE) (Checkpost 99),10.904493,76.972857,39,66.33,12.57,Red,Clear,0,Low
2026-09-20 18:16:00,CBE-PIN-4187,Karpagam Academy of Higher Education (KAHE) (Crossway 100),10.909695,76.97778,107,62.86,37.07,Green,Cloudy,0,Low
2026-09-20 19:15:00,CBE-PIN-4188,Karpagam Academy of Higher Education (KAHE) (Junction 101),10.907717,76.978681,267,15.7,92.77,Red,Clear,0,High
2026-09-20 15:12:00,CBE-PIN-4189,Karpagam Academy of Higher Education (KAHE) (Bypass 102),10.907254,76.978081,56,64.94,20.49,Green,Cloudy,0,Low
2026-09-20 08:53:00,CBE-PIN-4190,Karpagam Academy of Higher Education (KAHE) (Junction 103),10.908707,76.977719,160,14.63,77.58,Green,Clear,0,High
2026-09-20 15:48:00,CBE-PIN-4191,Karpagam Academy of Higher Education (KAHE) (Checkpost 104),10.910554,76.970963,76,65.58,32.87,Red,Clear,0,Low
2026-09-20 19:58:00,CBE-PIN-4192,Karpagam Academy of Higher Education (KAHE) (Approach 105),10.909774,76.974913,245,14.68,82.39,Red,Clear,0,High
2026-09-20 10:29:00,CBE-PIN-4193,Karpagam Academy of Higher Education (KAHE) (Junction 106),10.908726,76.978047,144,18.27,77.77,Red,Clear,0,High
2026-09-20 15:31:00,CBE-PIN-4194,Karpagam Academy of Higher Education (KAHE) (Crossway 107),10.902001,76.971617,36,69.27,11.82,Red,Cloudy,0,Low
2026-09-20 10:51:00,CBE-PIN-4195,Karpagam Academy of Higher Education (KAHE) (Approach 108),10.909333,76.976951,131,32.91,54.54,Red,Clear,0,Medium
2026-09-20 13:45:00,CBE-PIN-4196,Karpagam Academy of Higher Education (KAHE) (Link Road 109),10.909262,76.977666,52,69.61,20.58,Red,Clear,0,Low
2026-09-20 18:39:00,CBE-PIN-4197,Karpagam Academy of Higher Education (KAHE) (Link Road 110),10.901888,76.986213,197,13.56,95.84,Green,Cloudy,0,High
2026-09-20 15:04:00,CBE-PIN-4198,Karpagam Academy of Higher Education (KAHE) (Crossway 111),10.907712,76.97735,36,64.2,15.72,Yellow,Cloudy,0,Low
2026-09-20 09:32:00,CBE-PIN-4199,Karpagam Academy of Higher Education (KAHE) (Approach 112),10.909413,76.980402,180,27.98,58.42,Green,Breezy,0,Medium
2026-09-20 13:36:00,CBE-PIN-4200,Karpagam Academy of Higher Education (KAHE) (Link Road 113),10.909635,76.979982,209,19.68,95.31,Green,Clear,0,High
2026-09-20 11:52:00,CBE-PIN-4201,Karpagam Academy of Higher Education (KAHE) (Approach 114),10.907629,76.977744,73,50.86,38.4,Red,Clear,0,Low
2026-09-20 14:49:00,CBE-PIN-4202,Malumichampatti SIDCO Junction (Junction 1),10.895633,76.982752,73,60.95,36.93,Green,Breezy,0,Low
2026-09-20 18:20:00,CBE-PIN-4203,Malumichampatti SIDCO Junction (Junction 2),10.892707,76.980238,186,20.35,85.36,Green,Clear,0,High
2026-09-20 16:43:00,CBE-PIN-4204,Malumichampatti SIDCO Junction (Link Road 3),10.896305,76.970104,269,18.49,87.84,Yellow,Clear,0,High
2026-09-20 11:25:00,CBE-PIN-4205,Malumichampatti SIDCO Junction (Approach 4),10.895715,76.984694,71,64.14,32.52,Red,Clear,0,Low
2026-09-20 11:23:00,CBE-PIN-4206,Malumichampatti SIDCO Junction (Link Road 5),10.895265,76.982535,156,41.46,68.33,Red,Clear,0,Medium
2026-09-20 10:56:00,CBE-PIN-4207,Malumichampatti SIDCO Junction (Approach 6),10.894842,76.984811,102,29.71,56.09,Green,Clear,0,Medium
2026-09-20 12:04:00,CBE-PIN-4208,Malumichampatti SIDCO Junction (Crossway 7),10.894036,76.984557,49,68.99,18.04,Green,Cloudy,0,Low
2026-09-20 10:25:00,CBE-PIN-4209,Malumichampatti SIDCO Junction (Link Road 8),10.895295,76.984391,85,64.1,30.77,Green,Clear,0,Low
2026-09-20 16:25:00,CBE-PIN-4210,Malumichampatti SIDCO Junction (Checkpost 9),10.89126,76.989456,50,68.62,17.05,Green,Clear,0,Low
2026-09-20 18:18:00,CBE-PIN-4211,Malumichampatti SIDCO Junction (Crossway 10),10.894471,76.984558,255,12.09,87.66,Green,Cloudy,0,High
2026-09-20 10:05:00,CBE-PIN-4212,Malumichampatti SIDCO Junction (Link Road 11),10.89415,76.992036,111,53.53,38.63,Red,Breezy,0,Low
2026-09-20 10:04:00,CBE-PIN-4213,Malumichampatti SIDCO Junction (Link Road 12),10.890384,76.986397,209,12.29,89.22,Green,Cloudy,0,High
2026-09-20 14:16:00,CBE-PIN-4214,Malumichampatti SIDCO Junction (Crossway 13),10.895065,76.981318,272,15.47,91.02,Green,Clear,0,High
2026-09-20 09:16:00,CBE-PIN-4215,Malumichampatti SIDCO Junction (Checkpost 14),10.894023,76.986369,186,14.36,83.92,Red,Cloudy,0,High
2026-09-20 18:17:00,CBE-PIN-4216,Malumichampatti SIDCO Junction (Crossway 15),10.897727,76.986764,210,18.29,75.14,Red,Clear,0,High
2026-09-20 11:08:00,CBE-PIN-4217,Malumichampatti SIDCO Junction (Bypass 16),10.895342,76.985274,169,13.68,89.15,Red,Clear,0,High
2026-09-20 15:01:00,CBE-PIN-4218,Malumichampatti SIDCO Junction (Bypass 17),10.892439,76.980923,89,48.88,35.67,Yellow,Clear,0,Low
2026-09-20 14:04:00,CBE-PIN-4219,Malumichampatti SIDCO Junction (Checkpost 18),10.894906,76.985264,117,30.61,57.82,Green,Clear,0,Medium
2026-09-20 09:42:00,CBE-PIN-4220,Malumichampatti SIDCO Junction (Crossway 19),10.892427,76.979798,30,50.13,14.01,Green,Cloudy,0,Low
2026-09-20 10:55:00,CBE-PIN-4221,Malumichampatti SIDCO Junction (Bypass 20),10.895611,76.979844,35,48.05,11.47,Red,Clear,0,Low
2026-09-20 14:01:00,CBE-PIN-4222,Malumichampatti SIDCO Junction (Crossway 21),10.895522,76.985017,84,60.08,29.13,Red,Rain,0,Low
2026-09-20 13:47:00,CBE-PIN-4223,Malumichampatti SIDCO Junction (Link Road 22),10.89377,76.985615,139,36.82,56.76,Red,Cloudy,0,Medium
2026-09-20 17:46:00,CBE-PIN-4224,Malumichampatti SIDCO Junction (Junction 23),10.899276,76.983331,24,65.38,12.2,Yellow,Clear,0,Low
2026-09-20 09:32:00,CBE-PIN-4225,Malumichampatti SIDCO Junction (Junction 24),10.898608,76.990537,120,31.73,42.37,Green,Clear,0,Medium
2026-09-20 12:11:00,CBE-PIN-4226,Malumichampatti SIDCO Junction (Bypass 25),10.894354,76.984745,44,54.0,16.46,Green,Clear,0,Low
2026-09-20 18:45:00,CBE-PIN-4227,Malumichampatti SIDCO Junction (Bypass 26),10.897721,76.993355,88,71.82,31.36,Green,Cloudy,0,Low
2026-09-20 17:26:00,CBE-PIN-4228,Malumichampatti SIDCO Junction (Approach 27),10.899231,76.983639,101,64.05,35.61,Red,Clear,0,Low
2026-09-20 10:13:00,CBE-PIN-4229,Malumichampatti SIDCO Junction (Link Road 28),10.897179,76.983494,159,19.76,81.56,Red,Breezy,0,High
2026-09-20 17:28:00,CBE-PIN-4230,Malumichampatti SIDCO Junction (Bypass 29),10.888257,76.984255,160,13.04,76.56,Green,Rain,0,High
2026-09-20 09:51:00,CBE-PIN-4231,Malumichampatti SIDCO Junction (Junction 30),10.897545,76.979778,56,49.37,21.52,Green,Breezy,0,Low
2026-09-20 10:21:00,CBE-PIN-4232,Malumichampatti SIDCO Junction (Junction 31),10.896895,76.98427,222,18.69,95.16,Green,Cloudy,0,High
2026-09-20 13:43:00,CBE-PIN-4233,Malumichampatti SIDCO Junction (Link Road 32),10.893016,76.983238,248,20.25,92.4,Red,Cloudy,0,High
2026-09-20 17:14:00,CBE-PIN-4234,Malumichampatti SIDCO Junction (Checkpost 33),10.887978,76.982729,177,12.72,91.78,Red,Clear,0,High
2026-09-20 19:33:00,CBE-PIN-4235,Malumichampatti SIDCO Junction (Approach 34),10.894539,76.983078,95,25.72,44.19,Green,Clear,0,Medium
2026-09-20 19:30:00,CBE-PIN-4236,Malumichampatti SIDCO Junction (Junction 35),10.894332,76.986376,184,30.7,67.79,Green,Rain,0,Medium
2026-09-20 09:36:00,CBE-PIN-4237,Malumichampatti SIDCO Junction (Link Road 36),10.896472,76.984511,259,17.21,84.4,Green,Rain,0,High
2026-09-20 18:44:00,CBE-PIN-4238,Malumichampatti SIDCO Junction (Bypass 37),10.895326,76.980176,235,21.2,82.38,Green,Clear,0,High
2026-09-20 14:10:00,CBE-PIN-4239,Malumichampatti SIDCO Junction (Junction 38),10.894657,76.985656,141,24.75,54.37,Green,Clear,0,Medium
2026-09-20 18:14:00,CBE-PIN-4240,Malumichampatti SIDCO Junction (Link Road 39),10.894683,76.985769,30,63.46,13.56,Red,Clear,0,Low
2026-09-20 13:01:00,CBE-PIN-4241,Malumichampatti SIDCO Junction (Approach 40),10.899714,76.98694,31,55.93,14.44,Red,Clear,0,Low
2026-09-20 10:04:00,CBE-PIN-4242,Malumichampatti SIDCO Junction (Approach 41),10.893117,76.983142,265,13.3,92.03,Green,Clear,0,High
2026-09-20 16:59:00,CBE-PIN-4243,Malumichampatti SIDCO Junction (Junction 42),10.893604,76.983053,234,16.19,92.86,Red,Clear,0,High
2026-09-20 11:33:00,CBE-PIN-4244,Malumichampatti SIDCO Junction (Bypass 43),10.896688,76.98249,229,16.44,82.49,Yellow,Clear,0,High
2026-09-20 17:44:00,CBE-PIN-4245,Malumichampatti SIDCO Junction (Link Road 44),10.894855,76.984409,72,67.48,35.79,Red,Clear,0,Low
2026-09-20 08:17:00,CBE-PIN-4246,Malumichampatti SIDCO Junction (Approach 45),10.894159,76.98471,24,69.33,10.96,Red,Clear,0,Low
2026-09-20 09:26:00,CBE-PIN-4247,Malumichampatti SIDCO Junction (Link Road 46),10.895003,76.984929,42,48.98,14.12,Red,Clear,0,Low
2026-09-20 15:57:00,CBE-PIN-4248,Malumichampatti SIDCO Junction (Crossway 47),10.895365,76.984562,183,18.53,83.1,Yellow,Cloudy,0,High
2026-09-20 12:51:00,CBE-PIN-4249,Malumichampatti SIDCO Junction (Bypass 48),10.894882,76.985075,295,20.02,94.14,Red,Clear,0,High
2026-09-20 13:18:00,CBE-PIN-4250,Malumichampatti SIDCO Junction (Bypass 49),10.896416,76.982952,111,49.54,38.24,Green,Clear,0,Low
2026-09-20 12:17:00,CBE-PIN-4251,Malumichampatti SIDCO Junction (Approach 50),10.893034,76.987057,52,56.08,17.32,Green,Clear,0,Low
2026-09-20 19:34:00,CBE-PIN-4252,Malumichampatti SIDCO Junction (Junction 51),10.897377,76.977409,72,64.64,37.98,Red,Rain,0,Low
2026-09-20 15:08:00,CBE-PIN-4253,Malumichampatti SIDCO Junction (Checkpost 52),10.890845,76.983389,190,12.93,81.53,Red,Rain,0,High
2026-09-20 10:15:00,CBE-PIN-4254,Malumichampatti SIDCO Junction (Checkpost 53),10.893526,76.985812,22,55.32,10.59,Red,Clear,0,Low
2026-09-20 09:52:00,CBE-PIN-4255,Malumichampatti SIDCO Junction (Bypass 54),10.894931,76.984312,28,61.41,12.52,Green,Clear,0,Low
2026-09-20 08:03:00,CBE-PIN-4256,Malumichampatti SIDCO Junction (Checkpost 55),10.896585,76.979658,50,69.04,15.78,Green,Clear,0,Low
2026-09-20 10:29:00,CBE-PIN-4257,Malumichampatti SIDCO Junction (Junction 56),10.897594,76.988235,169,20.97,81.65,Yellow,Rain,0,High
2026-09-20 08:05:00,CBE-PIN-4258,Malumichampatti SIDCO Junction (Crossway 57),10.893788,76.981423,24,68.88,13.51,Red,Clear,0,Low
2026-09-20 09:48:00,CBE-PIN-4259,Malumichampatti SIDCO Junction (Checkpost 58),10.895979,76.9859,198,16.26,78.75,Green,Rain,0,High
2026-09-20 12:21:00,CBE-PIN-4260,Malumichampatti SIDCO Junction (Junction 59),10.876765,76.980786,199,20.62,85.44,Green,Breezy,1,High
2026-09-20 19:04:00,CBE-PIN-4261,Malumichampatti SIDCO Junction (Approach 60),10.897423,76.98799,169,14.47,91.37,Yellow,Clear,0,High
2026-09-20 08:20:00,CBE-PIN-4262,Malumichampatti SIDCO Junction (Junction 61),10.891434,76.999625,194,20.67,81.65,Green,Cloudy,0,High
2026-09-20 10:20:00,CBE-PIN-4263,Malumichampatti SIDCO Junction (Checkpost 62),10.892579,76.98643,106,29.61,51.55,Red,Clear,0,Medium
2026-09-20 13:06:00,CBE-PIN-4264,Malumichampatti SIDCO Junction (Link Road 63),10.893647,76.985578,85,64.86,32.25,Green,Rain,0,Low
2026-09-20 19:26:00,CBE-PIN-4265,Malumichampatti SIDCO Junction (Bypass 64),10.891912,76.97842,106,49.13,36.92,Red,Cloudy,0,Low
2026-09-20 08:09:00,CBE-PIN-4266,Malumichampatti SIDCO Junction (Checkpost 65),10.89865,76.974681,177,20.57,91.24,Green,Clear,0,High
2026-09-20 19:28:00,CBE-PIN-4267,Malumichampatti SIDCO Junction (Link Road 66),10.903949,76.965762,183,14.08,92.03,Green,Rain,0,High
2026-09-20 14:37:00,CBE-PIN-4268,Malumichampatti SIDCO Junction (Bypass 67),10.896083,76.984671,221,15.91,92.1,Red,Clear,1,High
2026-09-20 08:19:00,CBE-PIN-4269,Malumichampatti SIDCO Junction (Link Road 68),10.891897,76.984488,87,29.42,47.61,Green,Clear,0,Medium
2026-09-20 18:03:00,CBE-PIN-4270,Malumichampatti SIDCO Junction (Bypass 69),10.894338,76.979478,162,18.28,78.76,Green,Cloudy,0,High
2026-09-20 08:19:00,CBE-PIN-4271,Malumichampatti SIDCO Junction (Link Road 70),10.890285,76.985581,250,18.58,78.72,Red,Breezy,0,High
2026-09-20 17:02:00,CBE-PIN-4272,Malumichampatti SIDCO Junction (Checkpost 71),10.89437,76.982292,177,13.77,78.73,Yellow,Rain,0,High
2026-09-20 13:00:00,CBE-PIN-4273,Malumichampatti SIDCO Junction (Junction 72),10.894521,76.987508,182,13.03,78.95,Yellow,Cloudy,0,High
2026-09-20 10:32:00,CBE-PIN-4274,Malumichampatti SIDCO Junction (Approach 73),10.893481,76.982195,92,62.27,36.41,Red,Clear,0,Low
2026-09-20 17:15:00,CBE-PIN-4275,Malumichampatti SIDCO Junction (Crossway 74),10.892292,76.990381,173,19.24,91.32,Red,Cloudy,0,High
2026-09-20 10:50:00,CBE-PIN-4276,Malumichampatti SIDCO Junction (Crossway 75),10.900307,76.983833,105,30.41,54.39,Green,Clear,0,Medium
2026-09-20 15:23:00,CBE-PIN-4277,Malumichampatti SIDCO Junction (Approach 76),10.894895,76.984898,22,53.86,12.24,Yellow,Rain,0,Low
2026-09-20 14:55:00,CBE-PIN-4278,Malumichampatti SIDCO Junction (Approach 77),10.904588,76.995206,175,12.51,92.5,Red,Rain,0,High
2026-09-20 15:16:00,CBE-PIN-4279,Malumichampatti SIDCO Junction (Junction 78),10.894443,76.9871,174,17.81,82.01,Red,Clear,0,High
2026-09-20 11:53:00,CBE-PIN-4280,Malumichampatti SIDCO Junction (Approach 79),10.89624,76.983801,167,14.3,81.51,Green,Clear,0,High
2026-09-20 11:47:00,CBE-PIN-4281,Malumichampatti SIDCO Junction (Approach 80),10.895723,76.987558,121,25.58,55.52,Red,Clear,0,Medium
2026-09-20 17:19:00,CBE-PIN-4282,Malumichampatti SIDCO Junction (Approach 81),10.894906,76.9849,135,30.12,45.71,Green,Cloudy,0,Medium
2026-09-20 14:37:00,CBE-PIN-4283,Malumichampatti SIDCO Junction (Link Road 82),10.897588,76.987641,43,65.85,17.63,Yellow,Cloudy,0,Low
2026-09-20 16:50:00,CBE-PIN-4284,Malumichampatti SIDCO Junction (Junction 83),10.894043,76.992629,21,56.48,10.89,Red,Clear,0,Low
2026-09-20 16:20:00,CBE-PIN-4285,Malumichampatti SIDCO Junction (Junction 84),10.903878,76.991344,163,16.01,78.42,Green,Clear,0,High
2026-09-20 09:43:00,CBE-PIN-4286,Malumichampatti SIDCO Junction (Junction 85),10.891287,76.986146,228,20.84,85.73,Green,Clear,0,High
2026-09-20 14:11:00,CBE-PIN-4287,Malumichampatti SIDCO Junction (Approach 86),10.880586,77.002434,207,17.9,80.92,Red,Clear,0,High
2026-09-20 13:36:00,CBE-PIN-4288,Malumichampatti SIDCO Junction (Checkpost 87),10.889459,76.987047,159,16.44,85.37,Green,Cloudy,0,High
2026-09-20 09:03:00,CBE-PIN-4289,Malumichampatti SIDCO Junction (Crossway 88),10.895058,76.986319,250,21.46,78.54,Red,Clear,0,High
2026-09-20 08:59:00,CBE-PIN-4290,Malumichampatti SIDCO Junction (Checkpost 89),10.902409,76.977969,100,46.26,33.8,Yellow,Rain,0,Low
2026-09-20 12:47:00,CBE-PIN-4291,Malumichampatti SIDCO Junction (Approach 90),10.894026,76.982747,211,18.26,91.17,Red,Cloudy,0,High
2026-09-20 09:18:00,CBE-PIN-4292,Malumichampatti SIDCO Junction (Crossway 91),10.895605,76.986824,46,59.99,18.31,Red,Clear,0,Low
2026-09-20 11:20:00,CBE-PIN-4293,Malumichampatti SIDCO Junction (Junction 92),10.892473,76.988427,204,25.96,73.09,Red,Clear,0,Medium
2026-09-20 17:58:00,CBE-PIN-4294,Malumichampatti SIDCO Junction (Checkpost 93),10.894826,76.984807,27,64.1,15.41,Red,Clear,0,Low
2026-09-20 19:26:00,CBE-PIN-4295,Malumichampatti SIDCO Junction (Crossway 94),10.894871,76.984986,93,47.37,31.72,Green,Clear,0,Low
2026-09-20 09:54:00,CBE-PIN-4296,Malumichampatti SIDCO Junction (Junction 95),10.895172,76.984722,241,15.56,83.88,Green,Clear,0,High
2026-09-20 11:52:00,CBE-PIN-4297,Malumichampatti SIDCO Junction (Junction 96),10.891043,76.98188,255,21.63,92.77,Yellow,Cloudy,0,High
2026-09-20 15:49:00,CBE-PIN-4298,Malumichampatti SIDCO Junction (Link Road 97),10.894273,76.984068,126,28.4,41.3,Yellow,Clear,0,Medium
2026-09-20 08:10:00,CBE-PIN-4299,Malumichampatti SIDCO Junction (Bypass 98),10.8997,76.989122,191,13.34,87.91,Red,Clear,0,High
2026-09-20 08:47:00,CBE-PIN-4300,Malumichampatti SIDCO Junction (Link Road 99),10.894885,76.984931,161,31.94,67.67,Green,Cloudy,0,Medium
2026-09-20 10:23:00,CBE-PIN-4301,Malumichampatti SIDCO Junction (Crossway 100),10.896805,76.989729,240,21.32,85.75,Green,Cloudy,0,High
2026-09-20 18:21:00,CBE-PIN-4302,Malumichampatti SIDCO Junction (Bypass 101),10.898645,76.982867,30,59.82,15.31,Green,Clear,0,Low
2026-09-20 09:35:00,CBE-PIN-4303,Malumichampatti SIDCO Junction (Bypass 102),10.893309,76.982831,148,12.58,77.38,Red,Breezy,0,High
2026-09-20 15:54:00,CBE-PIN-4304,Malumichampatti SIDCO Junction (Checkpost 103),10.892936,76.986274,208,13.03,83.74,Red,Clear,1,High
2026-09-20 10:57:00,CBE-PIN-4305,Malumichampatti SIDCO Junction (Checkpost 104),10.891853,76.978851,62,67.27,28.66,Red,Clear,0,Low
2026-09-20 08:38:00,CBE-PIN-4306,Malumichampatti SIDCO Junction (Approach 105),10.903207,76.986923,59,48.8,26.14,Green,Clear,0,Low
2026-09-20 19:02:00,CBE-PIN-4307,Malumichampatti SIDCO Junction (Bypass 106),10.895324,76.983836,40,67.64,17.0,Green,Breezy,0,Low
2026-09-20 17:46:00,CBE-PIN-4308,Malumichampatti SIDCO Junction (Approach 107),10.896252,76.986127,204,15.38,75.56,Yellow,Clear,0,High
2026-09-20 16:40:00,CBE-PIN-4309,Malumichampatti SIDCO Junction (Crossway 108),10.893179,76.98413,176,44.0,56.99,Red,Clear,0,Medium
2026-09-20 15:19:00,CBE-PIN-4310,Malumichampatti SIDCO Junction (Approach 109),10.893658,76.983786,146,35.09,66.22,Green,Clear,0,Medium
2026-09-20 19:31:00,CBE-PIN-4311,Malumichampatti SIDCO Junction (Junction 110),10.890897,76.980947,76,50.34,29.44,Yellow,Clear,0,Low
2026-09-20 17:45:00,CBE-PIN-4312,Malumichampatti SIDCO Junction (Link Road 111),10.895517,76.983044,58,46.0,27.54,Red,Clear,0,Low
2026-09-20 08:07:00,CBE-PIN-4313,Malumichampatti SIDCO Junction (Crossway 112),10.890108,76.989376,284,18.67,95.61,Green,Breezy,1,High
2026-09-20 19:24:00,CBE-PIN-4314,Malumichampatti SIDCO Junction (Bypass 113),10.897049,76.984806,62,49.18,22.34,Red,Clear,0,Low
2026-09-20 10:01:00,CBE-PIN-4315,Malumichampatti SIDCO Junction (Approach 114),10.898428,76.984859,80,67.57,32.21,Green,Clear,0,Low
2026-09-20 11:31:00,CBE-PIN-4316,Eachanari Vinayagar Temple Entrance (Approach 1),10.932896,76.976058,161,15.89,82.75,Red,Clear,0,High
2026-09-20 09:20:00,CBE-PIN-4317,Eachanari Vinayagar Temple Entrance (Bypass 2),10.928844,76.969277,31,58.35,11.52,Red,Breezy,0,Low
2026-09-20 16:40:00,CBE-PIN-4318,Eachanari Vinayagar Temple Entrance (Checkpost 3),10.931232,76.972359,113,67.9,36.07,Green,Clear,0,Low
2026-09-20 13:55:00,CBE-PIN-4319,Eachanari Vinayagar Temple Entrance (Approach 4),10.930354,76.974998,41,56.32,13.02,Red,Cloudy,0,Low
2026-09-20 14:55:00,CBE-PIN-4320,Eachanari Vinayagar Temple Entrance (Crossway 5),10.932419,76.972055,46,46.33,20.41,Green,Clear,0,Low
2026-09-20 15:51:00,CBE-PIN-4321,Eachanari Vinayagar Temple Entrance (Junction 6),10.930554,76.972313,203,12.86,79.3,Red,Clear,0,High
2026-09-20 11:12:00,CBE-PIN-4322,Eachanari Vinayagar Temple Entrance (Checkpost 7),10.920752,76.971287,252,19.24,90.66,Red,Clear,0,High
2026-09-20 11:18:00,CBE-PIN-4323,Eachanari Vinayagar Temple Entrance (Bypass 8),10.929659,76.971613,146,27.76,47.59,Green,Clear,0,Medium
2026-09-20 11:57:00,CBE-PIN-4324,Eachanari Vinayagar Temple Entrance (Junction 9),10.931349,76.969388,56,71.53,21.17,Red,Cloudy,0,Low
2026-09-20 11:39:00,CBE-PIN-4325,Eachanari Vinayagar Temple Entrance (Bypass 10),10.926762,76.961644,172,13.42,75.51,Green,Clear,0,High
2026-09-20 14:24:00,CBE-PIN-4326,Eachanari Vinayagar Temple Entrance (Crossway 11),10.933137,76.971682,42,49.41,16.63,Green,Clear,0,Low
2026-09-20 13:00:00,CBE-PIN-4327,Eachanari Vinayagar Temple Entrance (Junction 12),10.938887,76.963101,66,67.35,23.61,Red,Clear,0,Low
2026-09-20 16:19:00,CBE-PIN-4328,Eachanari Vinayagar Temple Entrance (Link Road 13),10.930256,76.97556,137,25.71,44.81,Red,Cloudy,0,Medium
2026-09-20 09:04:00,CBE-PIN-4329,Eachanari Vinayagar Temple Entrance (Link Road 14),10.930364,76.971936,46,63.26,20.13,Green,Cloudy,0,Low
2026-09-20 14:07:00,CBE-PIN-4330,Eachanari Vinayagar Temple Entrance (Junction 15),10.932441,76.972133,87,56.32,28.72,Green,Clear,0,Low
2026-09-20 14:55:00,CBE-PIN-4331,Eachanari Vinayagar Temple Entrance (Approach 16),10.919938,76.963386,124,43.51,49.73,Red,Clear,0,Medium
2026-09-20 15:13:00,CBE-PIN-4332,Eachanari Vinayagar Temple Entrance (Link Road 17),10.932417,76.97205,62,57.89,29.98,Green,Clear,0,Low
2026-09-20 17:25:00,CBE-PIN-4333,Eachanari Vinayagar Temple Entrance (Crossway 18),10.928232,76.962654,187,20.7,89.03,Yellow,Cloudy,0,High
2026-09-20 11:23:00,CBE-PIN-4334,Eachanari Vinayagar Temple Entrance (Link Road 19),10.932407,76.971288,302,18.46,95.66,Green,Cloudy,0,High
2026-09-20 18:29:00,CBE-PIN-4335,Eachanari Vinayagar Temple Entrance (Checkpost 20),10.92648,76.97559,63,49.36,26.77,Green,Cloudy,0,Low
2026-09-20 14:24:00,CBE-PIN-4336,Eachanari Vinayagar Temple Entrance (Crossway 21),10.93226,76.973641,105,62.55,35.31,Red,Cloudy,0,Low
2026-09-20 11:31:00,CBE-PIN-4337,Eachanari Vinayagar Temple Entrance (Checkpost 22),10.930414,76.969778,94,27.54,49.43,Green,Clear,0,Medium
2026-09-20 12:14:00,CBE-PIN-4338,Eachanari Vinayagar Temple Entrance (Bypass 23),10.933316,76.971645,218,14.32,92.19,Red,Clear,0,High
2026-09-20 18:30:00,CBE-PIN-4339,Eachanari Vinayagar Temple Entrance (Link Road 24),10.933816,76.971684,296,13.68,93.17,Red,Clear,0,High
2026-09-20 16:20:00,CBE-PIN-4340,Eachanari Vinayagar Temple Entrance (Crossway 25),10.935413,76.972738,218,19.95,90.37,Green,Clear,0,High
2026-09-20 08:01:00,CBE-PIN-4341,Eachanari Vinayagar Temple Entrance (Approach 26),10.932072,76.972374,236,20.54,93.72,Red,Clear,0,High
2026-09-20 13:30:00,CBE-PIN-4342,Eachanari Vinayagar Temple Entrance (Approach 27),10.932661,76.972038,61,46.73,32.36,Red,Clear,0,Low
2026-09-20 08:45:00,CBE-PIN-4343,Eachanari Vinayagar Temple Entrance (Junction 28),10.933787,76.9645,124,31.42,42.04,Red,Cloudy,0,Medium
2026-09-20 18:37:00,CBE-PIN-4344,Eachanari Vinayagar Temple Entrance (Junction 29),10.934354,76.974249,131,31.49,62.54,Red,Clear,0,Medium
2026-09-20 15:58:00,CBE-PIN-4345,Eachanari Vinayagar Temple Entrance (Link Road 30),10.934267,76.970991,21,48.32,11.67,Red,Clear,0,Low
2026-09-20 12:08:00,CBE-PIN-4346,Eachanari Vinayagar Temple Entrance (Checkpost 31),10.932682,76.973319,89,56.94,29.7,Green,Clear,0,Low
2026-09-20 08:45:00,CBE-PIN-4347,Eachanari Vinayagar Temple Entrance (Junction 32),10.932389,76.972158,221,18.41,76.88,Green,Breezy,0,High
2026-09-20 11:20:00,CBE-PIN-4348,Eachanari Vinayagar Temple Entrance (Checkpost 33),10.934573,76.968955,274,12.63,91.55,Red,Clear,0,High
2026-09-20 18:32:00,CBE-PIN-4349,Eachanari Vinayagar Temple Entrance (Checkpost 34),10.926544,76.966278,265,21.59,95.32,Red,Clear,0,High
2026-09-20 10:13:00,CBE-PIN-4350,Eachanari Vinayagar Temple Entrance (Bypass 35),10.939823,76.975526,96,28.35,40.63,Red,Cloudy,0,Medium
2026-09-20 19:00:00,CBE-PIN-4351,Eachanari Vinayagar Temple Entrance (Bypass 36),10.931717,76.971159,222,17.1,85.12,Green,Cloudy,0,High
2026-09-20 17:00:00,CBE-PIN-4352,Eachanari Vinayagar Temple Entrance (Crossway 37),10.932011,76.972576,36,54.65,18.32,Red,Cloudy,0,Low
2026-09-20 15:22:00,CBE-PIN-4353,Eachanari Vinayagar Temple Entrance (Junction 38),10.92544,76.973004,66,71.09,24.0,Red,Clear,0,Low
2026-09-20 15:06:00,CBE-PIN-4354,Eachanari Vinayagar Temple Entrance (Bypass 39),10.925017,76.977682,264,14.09,83.41,Red,Clear,0,High
2026-09-20 09:23:00,CBE-PIN-4355,Eachanari Vinayagar Temple Entrance (Link Road 40),10.932148,76.97156,285,19.84,92.73,Red,Clear,0,High
2026-09-20 10:20:00,CBE-PIN-4356,Eachanari Vinayagar Temple Entrance (Checkpost 41),10.932944,76.97108,23,69.78,11.25,Yellow,Cloudy,0,Low
2026-09-20 16:11:00,CBE-PIN-4357,Eachanari Vinayagar Temple Entrance (Crossway 42),10.931226,76.971513,82,27.58,40.76,Green,Clear,0,Medium
2026-09-20 19:55:00,CBE-PIN-4358,Eachanari Vinayagar Temple Entrance (Checkpost 43),10.933233,76.971273,76,48.11,33.21,Green,Cloudy,0,Low
2026-09-20 19:13:00,CBE-PIN-4359,Eachanari Vinayagar Temple Entrance (Link Road 44),10.929365,76.972825,55,58.13,21.26,Green,Rain,0,Low
2026-09-20 14:52:00,CBE-PIN-4360,Eachanari Vinayagar Temple Entrance (Crossway 45),10.932584,76.972199,130,30.12,59.78,Red,Cloudy,0,Medium
2026-09-20 09:33:00,CBE-PIN-4361,Eachanari Vinayagar Temple Entrance (Bypass 46),10.929116,76.977626,296,12.29,95.41,Green,Clear,0,High
2026-09-20 19:24:00,CBE-PIN-4362,Eachanari Vinayagar Temple Entrance (Crossway 47),10.931495,76.966087,214,14.18,90.93,Green,Clear,0,High
2026-09-20 11:09:00,CBE-PIN-4363,Eachanari Vinayagar Temple Entrance (Crossway 48),10.924416,76.976445,67,66.3,29.33,Red,Clear,0,Low
2026-09-20 17:57:00,CBE-PIN-4364,Eachanari Vinayagar Temple Entrance (Approach 49),10.931618,76.970135,42,56.35,14.38,Red,Clear,0,Low
2026-09-20 13:05:00,CBE-PIN-4365,Eachanari Vinayagar Temple Entrance (Link Road 50),10.925315,76.977955,243,14.54,80.51,Red,Clear,0,High
2026-09-20 19:22:00,CBE-PIN-4366,Eachanari Vinayagar Temple Entrance (Junction 51),10.932517,76.97208,26,47.87,14.3,Red,Cloudy,0,Low
2026-09-20 09:25:00,CBE-PIN-4367,Eachanari Vinayagar Temple Entrance (Link Road 52),10.932786,76.976102,148,39.91,65.18,Green,Rain,0,Medium
2026-09-20 10:10:00,CBE-PIN-4368,Eachanari Vinayagar Temple Entrance (Approach 53),10.932618,76.974308,193,21.14,83.56,Green,Cloudy,0,High
2026-09-20 10:40:00,CBE-PIN-4369,Eachanari Vinayagar Temple Entrance (Bypass 54),10.929204,76.976911,82,66.49,34.61,Red,Clear,0,Low
2026-09-20 17:04:00,CBE-PIN-4370,Eachanari Vinayagar Temple Entrance (Approach 55),10.930317,76.972863,43,63.31,22.56,Red,Rain,0,Low
2026-09-20 09:36:00,CBE-PIN-4371,Eachanari Vinayagar Temple Entrance (Junction 56),10.933621,76.97281,290,17.04,92.88,Red,Clear,1,High
2026-09-20 16:01:00,CBE-PIN-4372,Eachanari Vinayagar Temple Entrance (Junction 57),10.932836,76.972524,153,32.21,65.64,Green,Clear,0,Medium
2026-09-20 10:49:00,CBE-PIN-4373,Eachanari Vinayagar Temple Entrance (Crossway 58),10.927246,76.975661,188,14.81,91.27,Red,Clear,0,High
2026-09-20 12:28:00,CBE-PIN-4374,Eachanari Vinayagar Temple Entrance (Checkpost 59),10.930908,76.973277,131,36.01,46.44,Green,Cloudy,0,Medium
2026-09-20 18:20:00,CBE-PIN-4375,Eachanari Vinayagar Temple Entrance (Checkpost 60),10.928635,76.970796,192,16.29,87.24,Green,Clear,0,High
2026-09-20 14:53:00,CBE-PIN-4376,Eachanari Vinayagar Temple Entrance (Approach 61),10.9328,76.972159,68,50.86,22.13,Red,Cloudy,0,Low
2026-09-20 09:19:00,CBE-PIN-4377,Eachanari Vinayagar Temple Entrance (Crossway 62),10.932499,76.972241,203,43.8,68.53,Red,Cloudy,0,Medium
2026-09-20 18:43:00,CBE-PIN-4378,Eachanari Vinayagar Temple Entrance (Link Road 63),10.931011,76.97173,82,46.49,29.44,Green,Clear,0,Low
2026-09-20 10:13:00,CBE-PIN-4379,Eachanari Vinayagar Temple Entrance (Checkpost 64),10.934477,76.970576,108,38.85,51.0,Red,Clear,0,Medium
2026-09-20 19:45:00,CBE-PIN-4380,Eachanari Vinayagar Temple Entrance (Bypass 65),10.937812,76.970161,68,71.96,22.58,Yellow,Clear,0,Low
2026-09-20 10:46:00,CBE-PIN-4381,Eachanari Vinayagar Temple Entrance (Approach 66),10.931945,76.972133,165,15.87,82.39,Red,Clear,0,High
2026-09-20 17:34:00,CBE-PIN-4382,Eachanari Vinayagar Temple Entrance (Bypass 67),10.93005,76.967969,69,56.35,23.4,Red,Clear,0,Low
2026-09-20 09:33:00,CBE-PIN-4383,Eachanari Vinayagar Temple Entrance (Approach 68),10.933317,76.971216,239,17.6,77.17,Green,Cloudy,0,High
2026-09-20 14:58:00,CBE-PIN-4384,Eachanari Vinayagar Temple Entrance (Bypass 69),10.933958,76.973836,236,21.78,95.54,Red,Clear,0,High
2026-09-20 14:55:00,CBE-PIN-4385,Eachanari Vinayagar Temple Entrance (Checkpost 70),10.93169,76.970946,177,32.06,63.81,Yellow,Cloudy,0,Medium
2026-09-20 18:41:00,CBE-PIN-4386,Eachanari Vinayagar Temple Entrance (Crossway 71),10.932974,76.972619,262,12.63,89.94,Green,Clear,0,High
2026-09-20 09:40:00,CBE-PIN-4387,Eachanari Vinayagar Temple Entrance (Checkpost 72),10.932284,76.972472,96,31.32,48.68,Yellow,Cloudy,0,Medium
2026-09-20 16:00:00,CBE-PIN-4388,Eachanari Vinayagar Temple Entrance (Bypass 73),10.935589,76.966308,87,56.94,32.94,Green,Rain,0,Low
2026-09-20 11:05:00,CBE-PIN-4389,Eachanari Vinayagar Temple Entrance (Crossway 74),10.933639,76.966208,221,19.33,91.46,Green,Cloudy,0,High
2026-09-20 16:56:00,CBE-PIN-4390,Eachanari Vinayagar Temple Entrance (Bypass 75),10.933285,76.971782,184,40.89,65.58,Green,Cloudy,0,Medium
2026-09-20 13:54:00,CBE-PIN-4391,Eachanari Vinayagar Temple Entrance (Approach 76),10.931587,76.967143,236,21.94,91.19,Green,Rain,0,High
2026-09-20 17:17:00,CBE-PIN-4392,Eachanari Vinayagar Temple Entrance (Link Road 77),10.93197,76.97304,122,36.13,48.31,Yellow,Rain,0,Medium
2026-09-20 09:50:00,CBE-PIN-4393,Eachanari Vinayagar Temple Entrance (Approach 78),10.939448,76.974823,254,18.42,87.76,Yellow,Clear,0,High
2026-09-20 13:07:00,CBE-PIN-4394,Eachanari Vinayagar Temple Entrance (Junction 79),10.932542,76.972459,34,57.01,13.64,Red,Cloudy,0,Low
2026-09-20 16:45:00,CBE-PIN-4395,Eachanari Vinayagar Temple Entrance (Junction 80),10.933275,76.971773,218,21.59,81.69,Green,Clear,0,High
2026-09-20 17:39:00,CBE-PIN-4396,Eachanari Vinayagar Temple Entrance (Crossway 81),10.929158,76.973161,190,32.72,60.91,Yellow,Clear,0,Medium
2026-09-20 16:05:00,CBE-PIN-4397,Eachanari Vinayagar Temple Entrance (Checkpost 82),10.932123,76.969241,163,13.95,84.11,Red,Clear,0,High
2026-09-20 17:33:00,CBE-PIN-4398,Eachanari Vinayagar Temple Entrance (Checkpost 83),10.920949,76.971096,137,40.28,65.48,Red,Clear,0,Medium
2026-09-20 10:55:00,CBE-PIN-4399,Eachanari Vinayagar Temple Entrance (Link Road 84),10.93407,76.972551,91,27.03,45.95,Green,Cloudy,0,Medium
2026-09-20 13:53:00,CBE-PIN-4400,Eachanari Vinayagar Temple Entrance (Junction 85),10.933822,76.972277,194,20.38,87.25,Yellow,Cloudy,0,High
2026-09-20 14:35:00,CBE-PIN-4401,Eachanari Vinayagar Temple Entrance (Link Road 86),10.930547,76.971674,99,57.12,37.44,Red,Clear,0,Low
2026-09-20 19:12:00,CBE-PIN-4402,Eachanari Vinayagar Temple Entrance (Approach 87),10.931097,76.972989,241,16.77,83.12,Green,Clear,0,High
2026-09-20 18:36:00,CBE-PIN-4403,Eachanari Vinayagar Temple Entrance (Checkpost 88),10.931663,76.972834,188,42.46,64.67,Green,Clear,0,Medium
2026-09-20 08:37:00,CBE-PIN-4404,Eachanari Vinayagar Temple Entrance (Junction 89),10.932967,76.972104,169,14.75,75.4,Red,Clear,0,High
2026-09-20 13:25:00,CBE-PIN-4405,Eachanari Vinayagar Temple Entrance (Bypass 90),10.933228,76.973255,120,44.4,58.98,Yellow,Clear,0,Medium
2026-09-20 18:16:00,CBE-PIN-4406,Eachanari Vinayagar Temple Entrance (Junction 91),10.932744,76.971838,56,68.77,21.38,Red,Clear,0,Low
2026-09-20 18:03:00,CBE-PIN-4407,Eachanari Vinayagar Temple Entrance (Bypass 92),10.933334,76.963388,77,48.81,26.19,Green,Clear,0,Low
2026-09-20 19:37:00,CBE-PIN-4408,Eachanari Vinayagar Temple Entrance (Bypass 93),10.936379,76.968073,146,18.3,75.16,Green,Clear,0,High
2026-09-20 12:27:00,CBE-PIN-4409,Eachanari Vinayagar Temple Entrance (Approach 94),10.931675,76.971979,109,34.56,57.31,Yellow,Clear,0,Medium
2026-09-20 18:30:00,CBE-PIN-4410,Eachanari Vinayagar Temple Entrance (Junction 95),10.932043,76.978741,256,19.67,87.84,Green,Clear,0,High
2026-09-20 11:20:00,CBE-PIN-4411,Eachanari Vinayagar Temple Entrance (Checkpost 96),10.932549,76.972003,135,41.07,68.84,Green,Cloudy,0,Medium
2026-09-20 12:15:00,CBE-PIN-4412,Eachanari Vinayagar Temple Entrance (Crossway 97),10.932476,76.972073,52,61.36,25.05,Yellow,Clear,0,Low
2026-09-20 14:17:00,CBE-PIN-4413,Eachanari Vinayagar Temple Entrance (Bypass 98),10.934573,76.973879,179,18.36,78.26,Green,Clear,0,High
2026-09-20 08:24:00,CBE-PIN-4414,Eachanari Vinayagar Temple Entrance (Crossway 99),10.926334,76.964646,103,64.85,32.35,Red,Cloudy,0,Low
2026-09-20 19:59:00,CBE-PIN-4415,Eachanari Vinayagar Temple Entrance (Bypass 100),10.935612,76.97218,22,62.82,12.49,Red,Clear,0,Low
2026-09-20 10:07:00,CBE-PIN-4416,Eachanari Vinayagar Temple Entrance (Checkpost 101),10.935549,76.964935,35,71.78,12.62,Green,Clear,0,Low
2026-09-20 16:42:00,CBE-PIN-4417,Eachanari Vinayagar Temple Entrance (Junction 102),10.933815,76.971373,223,15.62,89.1,Green,Cloudy,0,High
2026-09-20 19:24:00,CBE-PIN-4418,Eachanari Vinayagar Temple Entrance (Checkpost 103),10.929616,76.976069,196,13.72,76.9,Red,Clear,0,High
2026-09-20 10:50:00,CBE-PIN-4419,Eachanari Vinayagar Temple Entrance (Junction 104),10.932163,76.972551,147,36.23,67.2,Red,Clear,0,Medium
2026-09-20 12:25:00,CBE-PIN-4420,Eachanari Vinayagar Temple Entrance (Junction 105),10.931672,76.973597,202,13.65,79.95,Green,Clear,0,High
2026-09-20 08:27:00,CBE-PIN-4421,Eachanari Vinayagar Temple Entrance (Link Road 106),10.930797,76.971488,50,46.97,16.26,Green,Clear,0,Low
2026-09-20 16:56:00,CBE-PIN-4422,Eachanari Vinayagar Temple Entrance (Approach 107),10.924984,76.976443,209,18.52,94.68,Red,Clear,0,High
2026-09-20 09:41:00,CBE-PIN-4423,Eachanari Vinayagar Temple Entrance (Junction 108),10.932309,76.971473,172,17.52,88.03,Green,Clear,0,High
2026-09-20 18:22:00,CBE-PIN-4424,Eachanari Vinayagar Temple Entrance (Link Road 109),10.934854,76.971428,176,15.93,88.1,Red,Cloudy,0,High
2026-09-20 13:03:00,CBE-PIN-4425,Eachanari Vinayagar Temple Entrance (Crossway 110),10.931606,76.969196,207,19.97,87.71,Green,Clear,0,High
2026-09-20 13:10:00,CBE-PIN-4426,Eachanari Vinayagar Temple Entrance (Checkpost 111),10.93251,76.967654,159,18.36,82.11,Red,Clear,0,High
2026-09-20 14:33:00,CBE-PIN-4427,Eachanari Vinayagar Temple Entrance (Checkpost 112),10.932703,76.972211,174,13.0,91.84,Red,Rain,0,High
2026-09-20 08:10:00,CBE-PIN-4428,Eachanari Vinayagar Temple Entrance (Crossway 113),10.929454,76.970984,181,14.97,86.16,Red,Rain,0,High
2026-09-20 08:41:00,CBE-PIN-4429,Eachanari Vinayagar Temple Entrance (Link Road 114),10.931513,76.971131,184,14.76,81.47,Green,Clear,0,High
2026-09-20 17:35:00,CBE-PIN-4430,Sundarapuram Signal Junction (Checkpost 1),10.944994,76.973464,218,17.88,79.32,Red,Cloudy,0,High
2026-09-20 18:30:00,CBE-PIN-4431,Sundarapuram Signal Junction (Bypass 2),10.9427,76.970689,213,39.44,69.58,Green,Clear,0,Medium
2026-09-20 11:35:00,CBE-PIN-4432,Sundarapuram Signal Junction (Crossway 3),10.946322,76.965024,124,41.75,58.16,Red,Clear,0,Medium
2026-09-20 18:21:00,CBE-PIN-4433,Sundarapuram Signal Junction (Bypass 4),10.949388,76.969366,242,20.24,78.4,Green,Clear,0,High
2026-09-20 18:26:00,CBE-PIN-4434,Sundarapuram Signal Junction (Approach 5),10.940767,76.971882,245,16.01,80.42,Red,Cloudy,0,High
2026-09-20 14:47:00,CBE-PIN-4435,Sundarapuram Signal Junction (Checkpost 6),10.948704,76.971891,243,15.29,82.29,Green,Clear,0,High
2026-09-20 18:50:00,CBE-PIN-4436,Sundarapuram Signal Junction (Bypass 7),10.941964,76.971411,82,46.45,37.07,Green,Clear,0,Low
2026-09-20 17:16:00,CBE-PIN-4437,Sundarapuram Signal Junction (Junction 8),10.941388,76.970757,244,15.2,93.6,Green,Cloudy,0,High
2026-09-20 18:27:00,CBE-PIN-4438,Sundarapuram Signal Junction (Crossway 9),10.941999,76.970461,178,39.65,57.48,Red,Clear,0,Medium
2026-09-20 08:55:00,CBE-PIN-4439,Sundarapuram Signal Junction (Bypass 10),10.937878,76.974726,111,44.34,43.16,Green,Cloudy,0,Medium
2026-09-20 09:01:00,CBE-PIN-4440,Sundarapuram Signal Junction (Link Road 11),10.943422,76.973137,105,71.7,35.65,Red,Rain,0,Low
2026-09-20 11:53:00,CBE-PIN-4441,Sundarapuram Signal Junction (Junction 12),10.942031,76.971287,42,48.81,14.01,Yellow,Clear,0,Low
2026-09-20 16:49:00,CBE-PIN-4442,Sundarapuram Signal Junction (Link Road 13),10.941289,76.970717,164,13.34,83.61,Red,Clear,0,High
2026-09-20 18:40:00,CBE-PIN-4443,Sundarapuram Signal Junction (Approach 14),10.942083,76.970183,195,15.94,94.25,Red,Clear,0,High
2026-09-20 08:41:00,CBE-PIN-4444,Sundarapuram Signal Junction (Bypass 15),10.935563,76.971518,162,15.77,81.92,Yellow,Breezy,1,High
2026-09-20 13:19:00,CBE-PIN-4445,Sundarapuram Signal Junction (Junction 16),10.942238,76.970746,280,12.22,91.19,Yellow,Cloudy,0,High
2026-09-20 16:47:00,CBE-PIN-4446,Sundarapuram Signal Junction (Bypass 17),10.937757,76.970532,134,27.98,50.78,Red,Clear,0,Medium
2026-09-20 17:52:00,CBE-PIN-4447,Sundarapuram Signal Junction (Bypass 18),10.936569,76.965181,257,14.22,93.75,Green,Clear,0,High
2026-09-20 16:34:00,CBE-PIN-4448,Sundarapuram Signal Junction (Checkpost 19),10.939745,76.968913,77,54.33,30.55,Green,Breezy,0,Low
2026-09-20 18:01:00,CBE-PIN-4449,Sundarapuram Signal Junction (Approach 20),10.941885,76.971604,215,14.32,93.15,Green,Rain,0,High
2026-09-20 16:23:00,CBE-PIN-4450,Sundarapuram Signal Junction (Approach 21),10.938921,76.969677,187,29.16,65.99,Red,Clear,0,Medium
2026-09-20 14:14:00,CBE-PIN-4451,Sundarapuram Signal Junction (Approach 22),10.940514,76.970957,169,31.28,73.8,Green,Clear,0,Medium
2026-09-20 11:31:00,CBE-PIN-4452,Sundarapuram Signal Junction (Link Road 23),10.942174,76.971293,94,37.73,47.96,Green,Clear,0,Medium
2026-09-20 13:29:00,CBE-PIN-4453,Sundarapuram Signal Junction (Junction 24),10.948624,76.968419,244,12.17,94.67,Green,Clear,0,High
2026-09-20 11:01:00,CBE-PIN-4454,Sundarapuram Signal Junction (Approach 25),10.944114,76.97214,141,30.2,72.4,Green,Clear,0,Medium
2026-09-20 10:34:00,CBE-PIN-4455,Sundarapuram Signal Junction (Junction 26),10.94137,76.971429,277,17.67,87.57,Green,Cloudy,0,High
2026-09-20 09:57:00,CBE-PIN-4456,Sundarapuram Signal Junction (Bypass 27),10.942189,76.97013,238,16.45,88.01,Yellow,Clear,0,High
2026-09-20 16:42:00,CBE-PIN-4457,Sundarapuram Signal Junction (Checkpost 28),10.941044,76.971153,66,58.36,25.45,Green,Clear,0,Low
2026-09-20 11:37:00,CBE-PIN-4458,Sundarapuram Signal Junction (Crossway 29),10.946173,76.97327,57,71.65,19.71,Red,Clear,0,Low
2026-09-20 09:01:00,CBE-PIN-4459,Sundarapuram Signal Junction (Junction 30),10.941764,76.972117,254,16.22,86.74,Red,Clear,0,High
2026-09-20 10:02:00,CBE-PIN-4460,Sundarapuram Signal Junction (Link Road 31),10.94132,76.97137,169,38.24,58.63,Red,Cloudy,0,Medium
2026-09-20 16:35:00,CBE-PIN-4461,Sundarapuram Signal Junction (Bypass 32),10.941381,76.971149,279,19.02,89.52,Red,Clear,0,High
2026-09-20 09:49:00,CBE-PIN-4462,Sundarapuram Signal Junction (Junction 33),10.938028,76.967973,63,57.39,20.45,Red,Clear,0,Low
2026-09-20 16:51:00,CBE-PIN-4463,Sundarapuram Signal Junction (Junction 34),10.943486,76.972361,55,55.64,26.09,Green,Clear,0,Low
2026-09-20 12:46:00,CBE-PIN-4464,Sundarapuram Signal Junction (Link Road 35),10.937068,76.970109,162,36.9,58.01,Green,Breezy,0,Medium
2026-09-20 08:32:00,CBE-PIN-4465,Sundarapuram Signal Junction (Checkpost 36),10.948879,76.97045,170,30.53,59.37,Red,Cloudy,0,Medium
2026-09-20 10:16:00,CBE-PIN-4466,Sundarapuram Signal Junction (Crossway 37),10.941921,76.970788,131,42.09,42.94,Green,Clear,0,Medium
2026-09-20 10:21:00,CBE-PIN-4467,Sundarapuram Signal Junction (Approach 38),10.948559,76.967964,54,50.81,18.77,Red,Clear,0,Low
2026-09-20 12:10:00,CBE-PIN-4468,Sundarapuram Signal Junction (Bypass 39),10.943497,76.972564,196,18.94,87.09,Green,Clear,0,High
2026-09-20 09:39:00,CBE-PIN-4469,Sundarapuram Signal Junction (Link Road 40),10.942192,76.970985,171,17.82,93.81,Red,Cloudy,0,High
2026-09-20 13:58:00,CBE-PIN-4470,Sundarapuram Signal Junction (Checkpost 41),10.942189,76.970655,83,50.27,29.56,Red,Rain,0,Low
2026-09-20 15:36:00,CBE-PIN-4471,Sundarapuram Signal Junction (Junction 42),10.941633,76.971642,41,52.69,18.21,Red,Breezy,0,Low
2026-09-20 09:35:00,CBE-PIN-4472,Sundarapuram Signal Junction (Approach 43),10.940948,76.973238,239,15.53,89.05,Red,Clear,0,High
2026-09-20 16:29:00,CBE-PIN-4473,Sundarapuram Signal Junction (Crossway 44),10.939691,76.974276,19,55.25,10.2,Green,Clear,0,Low
2026-09-20 09:39:00,CBE-PIN-4474,Sundarapuram Signal Junction (Junction 45),10.941604,76.970338,136,44.62,42.53,Red,Clear,0,Medium
2026-09-20 17:29:00,CBE-PIN-4475,Sundarapuram Signal Junction (Approach 46),10.94831,76.947799,50,65.95,17.5,Red,Clear,0,Low
2026-09-20 14:24:00,CBE-PIN-4476,Sundarapuram Signal Junction (Crossway 47),10.941073,76.973673,183,35.4,73.35,Red,Clear,0,Medium
2026-09-20 19:46:00,CBE-PIN-4477,Sundarapuram Signal Junction (Link Road 48),10.938033,76.970286,160,25.84,67.28,Green,Rain,0,Medium
2026-09-20 15:17:00,CBE-PIN-4478,Sundarapuram Signal Junction (Link Road 49),10.943522,76.972736,204,21.35,84.42,Green,Clear,0,High
2026-09-20 16:26:00,CBE-PIN-4479,Sundarapuram Signal Junction (Approach 50),10.937562,76.969331,221,12.41,88.6,Red,Clear,0,High
2026-09-20 16:29:00,CBE-PIN-4480,Sundarapuram Signal Junction (Checkpost 51),10.941795,76.970968,261,12.95,87.11,Red,Clear,0,High
2026-09-20 17:18:00,CBE-PIN-4481,Sundarapuram Signal Junction (Checkpost 52),10.941444,76.971298,184,18.48,95.32,Green,Breezy,0,High
2026-09-20 14:22:00,CBE-PIN-4482,Sundarapuram Signal Junction (Junction 53),10.941871,76.971299,220,14.54,75.62,Red,Clear,0,High
2026-09-20 16:47:00,CBE-PIN-4483,Sundarapuram Signal Junction (Checkpost 54),10.940773,76.97039,50,64.96,20.71,Red,Clear,0,Low
2026-09-20 12:55:00,CBE-PIN-4484,Sundarapuram Signal Junction (Crossway 55),10.943415,76.970063,214,42.01,68.33,Green,Cloudy,0,Medium
2026-09-20 09:42:00,CBE-PIN-4485,Sundarapuram Signal Junction (Approach 56),10.940868,76.97234,211,20.37,77.56,Red,Clear,0,High
2026-09-20 18:34:00,CBE-PIN-4486,Sundarapuram Signal Junction (Junction 57),10.94176,76.969224,251,21.56,87.36,Green,Breezy,0,High
2026-09-20 16:12:00,CBE-PIN-4487,Sundarapuram Signal Junction (Link Road 58),10.940679,76.970545,116,38.95,62.96,Green,Rain,0,Medium
2026-09-20 11:18:00,CBE-PIN-4488,Sundarapuram Signal Junction (Approach 59),10.94413,76.974439,64,54.06,34.08,Green,Clear,0,Low
2026-09-20 15:21:00,CBE-PIN-4489,Sundarapuram Signal Junction (Checkpost 60),10.940854,76.968777,164,43.39,64.95,Red,Breezy,0,Medium
2026-09-20 12:05:00,CBE-PIN-4490,Sundarapuram Signal Junction (Checkpost 61),10.942098,76.970882,169,14.98,83.12,Green,Clear,0,High
2026-09-20 16:16:00,CBE-PIN-4491,Sundarapuram Signal Junction (Bypass 62),10.941897,76.971248,226,20.88,80.89,Green,Clear,0,High
2026-09-20 18:53:00,CBE-PIN-4492,Sundarapuram Signal Junction (Link Road 63),10.940343,76.972417,265,15.92,90.26,Green,Clear,0,High
2026-09-20 18:45:00,CBE-PIN-4493,Sundarapuram Signal Junction (Checkpost 64),10.949831,76.968734,168,12.43,83.38,Red,Clear,0,High
2026-09-20 15:12:00,CBE-PIN-4494,Sundarapuram Signal Junction (Approach 65),10.948888,76.977579,105,25.95,47.5,Red,Cloudy,0,Medium
2026-09-20 08:41:00,CBE-PIN-4495,Sundarapuram Signal Junction (Junction 66),10.937885,76.970838,133,43.97,43.4,Yellow,Cloudy,0,Medium
2026-09-20 19:34:00,CBE-PIN-4496,Sundarapuram Signal Junction (Junction 67),10.942647,76.971833,96,26.35,47.88,Green,Breezy,0,Medium
2026-09-20 08:42:00,CBE-PIN-4497,Sundarapuram Signal Junction (Approach 68),10.941996,76.970971,244,18.94,95.86,Green,Clear,0,High
2026-09-20 09:38:00,CBE-PIN-4498,Sundarapuram Signal Junction (Crossway 69),10.940343,76.968344,30,51.15,15.01,Red,Rain,0,Low
2026-09-20 13:24:00,CBE-PIN-4499,Sundarapuram Signal Junction (Link Road 70),10.942124,76.975642,220,13.82,93.46,Red,Rain,0,High
2026-09-20 14:05:00,CBE-PIN-4500,Sundarapuram Signal Junction (Approach 71),10.94307,76.970971,245,12.92,86.9,Green,Clear,0,High
2026-09-20 11:16:00,CBE-PIN-4501,Sundarapuram Signal Junction (Approach 72),10.92983,76.972,59,60.34,22.9,Green,Clear,0,Low
2026-09-20 13:08:00,CBE-PIN-4502,Sundarapuram Signal Junction (Approach 73),10.927549,76.961248,60,70.79,19.5,Red,Clear,0,Low
2026-09-20 11:37:00,CBE-PIN-4503,Sundarapuram Signal Junction (Crossway 74),10.94905,76.969911,174,16.14,94.47,Green,Clear,0,High
2026-09-20 12:58:00,CBE-PIN-4504,Sundarapuram Signal Junction (Link Road 75),10.941254,76.971669,178,35.43,69.71,Green,Cloudy,0,Medium
2026-09-20 16:15:00,CBE-PIN-4505,Sundarapuram Signal Junction (Checkpost 76),10.939402,76.97243,75,54.36,29.55,Red,Cloudy,0,Low
2026-09-20 10:26:00,CBE-PIN-4506,Sundarapuram Signal Junction (Checkpost 77),10.941213,76.970603,33,53.24,14.36,Yellow,Clear,0,Low
2026-09-20 08:21:00,CBE-PIN-4507,Sundarapuram Signal Junction (Approach 78),10.937354,76.967879,74,48.03,36.22,Green,Rain,0,Low
2026-09-20 19:35:00,CBE-PIN-4508,Sundarapuram Signal Junction (Bypass 79),10.936227,76.969112,61,48.25,27.6,Red,Clear,0,Low
2026-09-20 18:53:00,CBE-PIN-4509,Sundarapuram Signal Junction (Bypass 80),10.94235,76.97056,187,30.3,59.31,Red,Cloudy,0,Medium
2026-09-20 11:07:00,CBE-PIN-4510,Sundarapuram Signal Junction (Bypass 81),10.940371,76.972142,98,32.55,43.3,Yellow,Rain,0,Medium
2026-09-20 12:07:00,CBE-PIN-4511,Sundarapuram Signal Junction (Junction 82),10.941977,76.971262,212,13.67,79.15,Red,Cloudy,0,High
2026-09-20 14:33:00,CBE-PIN-4512,Sundarapuram Signal Junction (Bypass 83),10.940826,76.970257,125,28.66,60.89,Green,Clear,0,Medium
2026-09-20 08:29:00,CBE-PIN-4513,Sundarapuram Signal Junction (Junction 84),10.946376,76.971857,196,17.92,91.24,Yellow,Clear,0,High
2026-09-20 12:08:00,CBE-PIN-4514,Sundarapuram Signal Junction (Crossway 85),10.941647,76.968753,217,16.39,78.42,Red,Clear,0,High
2026-09-20 16:25:00,CBE-PIN-4515,Sundarapuram Signal Junction (Link Road 86),10.944475,76.972233,223,17.88,90.82,Green,Clear,0,High
2026-09-20 18:23:00,CBE-PIN-4516,Sundarapuram Signal Junction (Link Road 87),10.944283,76.974503,103,42.32,43.14,Green,Clear,0,Medium
2026-09-20 16:40:00,CBE-PIN-4517,Sundarapuram Signal Junction (Junction 88),10.94177,76.971355,257,17.97,92.75,Green,Rain,0,High
2026-09-20 09:22:00,CBE-PIN-4518,Sundarapuram Signal Junction (Link Road 89),10.941886,76.970995,200,12.45,93.92,Red,Cloudy,0,High
2026-09-20 08:09:00,CBE-PIN-4519,Sundarapuram Signal Junction (Crossway 90),10.942822,76.968185,131,40.37,53.92,Green,Clear,0,Medium
2026-09-20 14:37:00,CBE-PIN-4520,Sundarapuram Signal Junction (Bypass 91),10.941109,76.971227,185,19.44,87.07,Red,Clear,0,High
2026-09-20 12:49:00,CBE-PIN-4521,Sundarapuram Signal Junction (Junction 92),10.941447,76.97256,105,27.64,53.38,Green,Clear,0,Medium
2026-09-20 16:43:00,CBE-PIN-4522,Sundarapuram Signal Junction (Link Road 93),10.94331,76.972401,202,12.09,89.02,Red,Clear,0,High
2026-09-20 11:22:00,CBE-PIN-4523,Sundarapuram Signal Junction (Crossway 94),10.940606,76.972227,25,52.39,10.54,Red,Clear,0,Low
2026-09-20 13:08:00,CBE-PIN-4524,Sundarapuram Signal Junction (Approach 95),10.94541,76.96962,280,20.12,94.49,Red,Clear,0,High
2026-09-20 14:55:00,CBE-PIN-4525,Sundarapuram Signal Junction (Junction 96),10.942708,76.966566,156,33.1,52.47,Red,Clear,0,Medium
2026-09-20 08:58:00,CBE-PIN-4526,Sundarapuram Signal Junction (Checkpost 97),10.941647,76.970538,270,18.57,92.34,Red,Cloudy,0,High
2026-09-20 19:40:00,CBE-PIN-4527,Sundarapuram Signal Junction (Crossway 98),10.940921,76.967502,102,36.65,40.61,Red,Clear,0,Medium
2026-09-20 15:03:00,CBE-PIN-4528,Sundarapuram Signal Junction (Link Road 99),10.936947,76.971148,129,34.87,64.41,Green,Clear,0,Medium
2026-09-20 12:31:00,CBE-PIN-4529,Sundarapuram Signal Junction (Approach 100),10.94152,76.970652,205,13.67,87.31,Green,Clear,0,High
2026-09-20 16:34:00,CBE-PIN-4530,Sundarapuram Signal Junction (Junction 101),10.942369,76.96998,132,37.98,70.61,Green,Clear,0,Medium
2026-09-20 08:20:00,CBE-PIN-4531,Sundarapuram Signal Junction (Junction 102),10.93461,76.97511,51,50.43,18.16,Red,Clear,0,Low
2026-09-20 10:29:00,CBE-PIN-4532,Sundarapuram Signal Junction (Junction 103),10.943088,76.97498,123,28.91,56.46,Green,Clear,0,Medium
2026-09-20 16:38:00,CBE-PIN-4533,Sundarapuram Signal Junction (Checkpost 104),10.941493,76.976779,58,57.88,18.72,Green,Clear,0,Low
2026-09-20 16:50:00,CBE-PIN-4534,Sundarapuram Signal Junction (Checkpost 105),10.93992,76.972374,160,16.13,87.51,Green,Clear,0,High
2026-09-20 09:16:00,CBE-PIN-4535,Sundarapuram Signal Junction (Approach 106),10.941926,76.970935,201,15.14,89.05,Red,Rain,0,High
2026-09-20 19:23:00,CBE-PIN-4536,Sundarapuram Signal Junction (Approach 107),10.941894,76.97117,189,20.6,89.46,Green,Clear,0,High
2026-09-20 10:21:00,CBE-PIN-4537,Sundarapuram Signal Junction (Checkpost 108),10.94771,76.969801,168,15.17,75.6,Yellow,Clear,0,High
2026-09-20 09:51:00,CBE-PIN-4538,Sundarapuram Signal Junction (Junction 109),10.937629,76.973805,199,13.58,88.16,Red,Clear,0,High
2026-09-20 12:01:00,CBE-PIN-4539,Sundarapuram Signal Junction (Checkpost 110),10.940703,76.971554,102,32.16,48.82,Green,Rain,0,Medium
2026-09-20 17:06:00,CBE-PIN-4540,Sundarapuram Signal Junction (Checkpost 111),10.941373,76.970201,105,44.94,51.16,Green,Clear,0,Medium
2026-09-20 11:22:00,CBE-PIN-4541,Sundarapuram Signal Junction (Junction 112),10.945764,76.976675,243,21.07,80.38,Green,Clear,0,High
2026-09-20 14:53:00,CBE-PIN-4542,Sundarapuram Signal Junction (Bypass 113),10.941466,76.971182,117,42.35,42.55,Green,Clear,0,Medium
2026-09-20 09:59:00,CBE-PIN-4543,Sundarapuram Signal Junction (Link Road 114),10.936365,76.966844,257,13.05,93.16,Green,Clear,0,High
2026-09-20 13:43:00,CBE-PIN-4544,Kurichi Kulam Promenade (Approach 1),10.951558,76.969068,35,61.99,16.79,Green,Clear,0,Low
2026-09-20 19:25:00,CBE-PIN-4545,Kurichi Kulam Promenade (Link Road 2),10.953023,76.968232,41,49.88,16.44,Red,Rain,0,Low
2026-09-20 11:05:00,CBE-PIN-4546,Kurichi Kulam Promenade (Bypass 3),10.950176,76.97041,263,16.82,83.59,Green,Clear,0,High
2026-09-20 09:51:00,CBE-PIN-4547,Kurichi Kulam Promenade (Checkpost 4),10.94693,76.970337,36,49.04,18.6,Green,Clear,0,Low
2026-09-20 14:39:00,CBE-PIN-4548,Kurichi Kulam Promenade (Junction 5),10.950386,76.966017,23,59.08,11.56,Green,Cloudy,0,Low
2026-09-20 13:02:00,CBE-PIN-4549,Kurichi Kulam Promenade (Checkpost 6),10.951516,76.967109,31,57.87,15.24,Green,Cloudy,0,Low
2026-09-20 10:06:00,CBE-PIN-4550,Kurichi Kulam Promenade (Bypass 7),10.955667,76.962885,142,41.32,68.72,Red,Breezy,0,Medium
2026-09-20 10:58:00,CBE-PIN-4551,Kurichi Kulam Promenade (Approach 8),10.946073,76.968088,56,66.48,21.02,Green,Clear,0,Low
2026-09-20 17:03:00,CBE-PIN-4552,Kurichi Kulam Promenade (Bypass 9),10.953536,76.966448,79,51.26,24.92,Red,Clear,0,Low
2026-09-20 09:52:00,CBE-PIN-4553,Kurichi Kulam Promenade (Link Road 10),10.951659,76.968434,177,31.77,65.44,Green,Rain,0,Medium
2026-09-20 10:13:00,CBE-PIN-4554,Kurichi Kulam Promenade (Bypass 11),10.951637,76.965646,193,29.94,63.1,Green,Breezy,0,Medium
2026-09-20 15:30:00,CBE-PIN-4555,Kurichi Kulam Promenade (Junction 12),10.95259,76.969287,183,27.1,61.16,Green,Clear,0,Medium
2026-09-20 13:48:00,CBE-PIN-4556,Kurichi Kulam Promenade (Bypass 13),10.951705,76.969535,224,17.91,87.32,Green,Rain,0,High
2026-09-20 10:09:00,CBE-PIN-4557,Kurichi Kulam Promenade (Checkpost 14),10.951854,76.967568,173,27.55,57.39,Green,Cloudy,0,Medium
2026-09-20 08:36:00,CBE-PIN-4558,Kurichi Kulam Promenade (Checkpost 15),10.951589,76.968233,57,49.55,18.52,Green,Clear,0,Low
2026-09-20 11:16:00,CBE-PIN-4559,Kurichi Kulam Promenade (Bypass 16),10.951184,76.966756,102,57.38,34.85,Green,Clear,0,Low
2026-09-20 19:04:00,CBE-PIN-4560,Kurichi Kulam Promenade (Bypass 17),10.950747,76.969895,72,69.28,24.32,Green,Clear,0,Low
2026-09-20 16:22:00,CBE-PIN-4561,Kurichi Kulam Promenade (Checkpost 18),10.951824,76.967815,194,29.19,72.78,Red,Clear,0,Medium
2026-09-20 14:40:00,CBE-PIN-4562,Kurichi Kulam Promenade (Approach 19),10.948542,76.956083,95,59.9,32.87,Red,Rain,0,Low
2026-09-20 12:52:00,CBE-PIN-4563,Kurichi Kulam Promenade (Checkpost 20),10.952059,76.967647,234,19.21,78.67,Green,Clear,0,High
2026-09-20 09:22:00,CBE-PIN-4564,Kurichi Kulam Promenade (Crossway 21),10.9486,76.966164,227,15.67,80.53,Green,Clear,0,High
2026-09-20 14:27:00,CBE-PIN-4565,Kurichi Kulam Promenade (Link Road 22),10.95227,76.967614,173,17.35,75.02,Red,Clear,0,High
2026-09-20 13:21:00,CBE-PIN-4566,Kurichi Kulam Promenade (Approach 23),10.951749,76.967924,234,17.05,78.15,Red,Clear,0,High
2026-09-20 17:27:00,CBE-PIN-4567,Kurichi Kulam Promenade (Bypass 24),10.970998,76.963769,109,66.36,37.08,Green,Clear,0,Low
2026-09-20 11:08:00,CBE-PIN-4568,Kurichi Kulam Promenade (Crossway 25),10.943973,76.966379,56,58.27,27.64,Red,Clear,0,Low
2026-09-20 16:19:00,CBE-PIN-4569,Kurichi Kulam Promenade (Approach 26),10.951442,76.969654,40,61.83,16.92,Red,Clear,0,Low
2026-09-20 13:55:00,CBE-PIN-4570,Kurichi Kulam Promenade (Bypass 27),10.946671,76.970948,38,48.37,19.64,Yellow,Breezy,0,Low
2026-09-20 15:50:00,CBE-PIN-4571,Kurichi Kulam Promenade (Crossway 28),10.951706,76.967595,58,51.77,24.59,Red,Rain,0,Low
2026-09-20 17:56:00,CBE-PIN-4572,Kurichi Kulam Promenade (Checkpost 29),10.953823,76.970149,95,55.46,36.77,Green,Clear,0,Low
2026-09-20 08:19:00,CBE-PIN-4573,Kurichi Kulam Promenade (Bypass 30),10.950375,76.968102,73,57.72,25.33,Green,Cloudy,0,Low
2026-09-20 15:41:00,CBE-PIN-4574,Kurichi Kulam Promenade (Checkpost 31),10.94895,76.963581,65,56.2,33.53,Red,Clear,0,Low
2026-09-20 12:10:00,CBE-PIN-4575,Kurichi Kulam Promenade (Checkpost 32),10.95291,76.968662,193,18.3,81.65,Red,Clear,0,High
2026-09-20 15:55:00,CBE-PIN-4576,Kurichi Kulam Promenade (Link Road 33),10.96403,76.981089,172,19.21,79.62,Red,Clear,0,High
2026-09-20 09:14:00,CBE-PIN-4577,Kurichi Kulam Promenade (Crossway 34),10.949905,76.966715,37,71.66,13.47,Red,Clear,0,Low
2026-09-20 12:10:00,CBE-PIN-4578,Kurichi Kulam Promenade (Bypass 35),10.951791,76.967894,218,17.0,94.14,Green,Clear,0,High
2026-09-20 09:31:00,CBE-PIN-4579,Kurichi Kulam Promenade (Link Road 36),10.966963,76.967657,164,34.58,70.76,Red,Clear,0,Medium
2026-09-20 08:40:00,CBE-PIN-4580,Kurichi Kulam Promenade (Link Road 37),10.956426,76.967731,119,41.41,56.65,Red,Rain,0,Medium
2026-09-20 09:52:00,CBE-PIN-4581,Kurichi Kulam Promenade (Junction 38),10.95063,76.967611,257,21.95,93.91,Green,Rain,0,High
2026-09-20 11:05:00,CBE-PIN-4582,Kurichi Kulam Promenade (Crossway 39),10.953965,76.965917,241,15.67,84.36,Red,Cloudy,0,High
2026-09-20 12:35:00,CBE-PIN-4583,Kurichi Kulam Promenade (Link Road 40),10.951651,76.967154,126,40.93,60.81,Green,Cloudy,0,Medium
2026-09-20 12:30:00,CBE-PIN-4584,Kurichi Kulam Promenade (Link Road 41),10.949199,76.969054,175,15.61,89.0,Green,Clear,0,High
2026-09-20 14:30:00,CBE-PIN-4585,Kurichi Kulam Promenade (Link Road 42),10.962241,76.967874,193,14.4,94.86,Green,Cloudy,0,High
2026-09-20 09:35:00,CBE-PIN-4586,Kurichi Kulam Promenade (Approach 43),10.956683,76.962964,131,25.2,43.63,Green,Clear,0,Medium
2026-09-20 15:44:00,CBE-PIN-4587,Kurichi Kulam Promenade (Bypass 44),10.953663,76.963715,70,66.02,37.46,Green,Cloudy,0,Low
2026-09-20 10:28:00,CBE-PIN-4588,Kurichi Kulam Promenade (Approach 45),10.952215,76.964508,131,36.23,56.49,Green,Clear,0,Medium
2026-09-20 12:51:00,CBE-PIN-4589,Kurichi Kulam Promenade (Bypass 46),10.949986,76.96459,38,71.88,15.74,Red,Cloudy,0,Low
2026-09-20 10:39:00,CBE-PIN-4590,Kurichi Kulam Promenade (Crossway 47),10.95022,76.966352,71,63.63,27.96,Yellow,Clear,0,Low
2026-09-20 11:38:00,CBE-PIN-4591,Kurichi Kulam Promenade (Link Road 48),10.952963,76.967805,29,63.74,13.63,Yellow,Clear,0,Low
2026-09-20 08:46:00,CBE-PIN-4592,Kurichi Kulam Promenade (Crossway 49),10.949147,76.965052,67,68.52,21.39,Green,Cloudy,0,Low
2026-09-20 19:30:00,CBE-PIN-4593,Kurichi Kulam Promenade (Crossway 50),10.950825,76.971712,83,57.22,35.05,Yellow,Cloudy,0,Low
2026-09-20 11:53:00,CBE-PIN-4594,Kurichi Kulam Promenade (Approach 51),10.951454,76.964546,233,15.08,84.93,Red,Cloudy,0,High
2026-09-20 12:15:00,CBE-PIN-4595,Kurichi Kulam Promenade (Bypass 52),10.95273,76.967071,267,13.69,94.63,Green,Clear,0,High
2026-09-20 17:15:00,CBE-PIN-4596,Kurichi Kulam Promenade (Checkpost 53),10.948874,76.970799,196,25.54,65.1,Yellow,Breezy,0,Medium
2026-09-20 11:21:00,CBE-PIN-4597,Kurichi Kulam Promenade (Crossway 54),10.942431,76.978749,183,14.22,90.02,Green,Clear,0,High
2026-09-20 18:50:00,CBE-PIN-4598,Kurichi Kulam Promenade (Approach 55),10.950279,76.96945,199,19.68,81.61,Green,Clear,0,High
2026-09-20 19:15:00,CBE-PIN-4599,Kurichi Kulam Promenade (Checkpost 56),10.959857,76.966235,65,47.01,27.76,Green,Clear,0,Low
2026-09-20 13:20:00,CBE-PIN-4600,Kurichi Kulam Promenade (Checkpost 57),10.953567,76.967233,31,61.34,15.72,Green,Rain,0,Low
2026-09-20 13:55:00,CBE-PIN-4601,Kurichi Kulam Promenade (Approach 58),10.951904,76.968432,60,63.46,26.52,Green,Cloudy,0,Low
2026-09-20 18:45:00,CBE-PIN-4602,Kurichi Kulam Promenade (Link Road 59),10.95298,76.96828,80,71.57,33.92,Green,Clear,0,Low
2026-09-20 18:30:00,CBE-PIN-4603,Kurichi Kulam Promenade (Checkpost 60),10.952523,76.96816,72,50.1,30.09,Green,Cloudy,0,Low
2026-09-20 09:21:00,CBE-PIN-4604,Kurichi Kulam Promenade (Bypass 61),10.952485,76.968703,39,47.59,12.77,Yellow,Clear,0,Low
2026-09-20 13:53:00,CBE-PIN-4605,Kurichi Kulam Promenade (Crossway 62),10.95223,76.968435,94,28.41,42.82,Green,Cloudy,0,Medium
2026-09-20 12:42:00,CBE-PIN-4606,Kurichi Kulam Promenade (Bypass 63),10.952184,76.965568,219,21.18,89.04,Yellow,Cloudy,0,High
2026-09-20 14:24:00,CBE-PIN-4607,Kurichi Kulam Promenade (Bypass 64),10.951505,76.964584,163,12.65,81.41,Green,Clear,0,High
2026-09-20 18:52:00,CBE-PIN-4608,Kurichi Kulam Promenade (Checkpost 65),10.953316,76.968015,102,37.8,41.92,Red,Cloudy,0,Medium
2026-09-20 19:36:00,CBE-PIN-4609,Kurichi Kulam Promenade (Junction 66),10.95022,76.967999,191,13.69,90.3,Yellow,Clear,0,High
2026-09-20 11:47:00,CBE-PIN-4610,Kurichi Kulam Promenade (Crossway 67),10.950739,76.967534,149,28.41,55.65,Green,Breezy,0,Medium
2026-09-20 08:43:00,CBE-PIN-4611,Kurichi Kulam Promenade (Crossway 68),10.95179,76.96786,128,42.27,58.34,Green,Clear,0,Medium
2026-09-20 13:00:00,CBE-PIN-4612,Kurichi Kulam Promenade (Approach 69),10.948702,76.96682,82,25.27,42.56,Red,Clear,0,Medium
2026-09-20 10:17:00,CBE-PIN-4613,Kurichi Kulam Promenade (Checkpost 70),10.951787,76.967635,48,67.48,17.77,Green,Clear,0,Low
2026-09-20 15:17:00,CBE-PIN-4614,Kurichi Kulam Promenade (Crossway 71),10.946903,76.987378,238,21.62,93.94,Green,Clear,0,High
2026-09-20 12:36:00,CBE-PIN-4615,Kurichi Kulam Promenade (Link Road 72),10.95931,76.971334,30,66.02,11.88,Green,Clear,0,Low
2026-09-20 19:50:00,CBE-PIN-4616,Kurichi Kulam Promenade (Link Road 73),10.95147,76.961119,68,62.24,34.78,Yellow,Clear,0,Low
2026-09-20 19:49:00,CBE-PIN-4617,Kurichi Kulam Promenade (Bypass 74),10.950587,76.968536,81,68.9,38.24,Green,Clear,0,Low
2026-09-20 16:59:00,CBE-PIN-4618,Kurichi Kulam Promenade (Junction 75),10.951216,76.967262,157,40.59,65.12,Red,Clear,0,Medium
2026-09-20 18:56:00,CBE-PIN-4619,Kurichi Kulam Promenade (Link Road 76),10.951786,76.967922,247,16.72,78.63,Red,Clear,0,High
2026-09-20 17:52:00,CBE-PIN-4620,Kurichi Kulam Promenade (Bypass 77),10.951029,76.97146,111,48.92,36.88,Red,Clear,0,Low
2026-09-20 15:16:00,CBE-PIN-4621,Kurichi Kulam Promenade (Link Road 78),10.952225,76.968953,60,56.84,24.55,Green,Cloudy,0,Low
2026-09-20 09:15:00,CBE-PIN-4622,Kurichi Kulam Promenade (Approach 79),10.952321,76.966181,163,43.52,63.27,Red,Cloudy,0,Medium
2026-09-20 14:16:00,CBE-PIN-4623,Kurichi Kulam Promenade (Approach 80),10.950596,76.970491,242,16.37,90.87,Red,Clear,0,High
2026-09-20 19:10:00,CBE-PIN-4624,Kurichi Kulam Promenade (Bypass 81),10.953101,76.964376,116,31.9,45.3,Green,Cloudy,0,Medium
2026-09-20 08:53:00,CBE-PIN-4625,Kurichi Kulam Promenade (Bypass 82),10.952041,76.967924,177,12.3,88.82,Green,Clear,0,High
2026-09-20 18:13:00,CBE-PIN-4626,Kurichi Kulam Promenade (Crossway 83),10.950729,76.96501,123,33.09,43.04,Green,Breezy,0,Medium
2026-09-20 12:27:00,CBE-PIN-4627,Kurichi Kulam Promenade (Bypass 84),10.952321,76.970042,75,68.52,34.18,Green,Clear,0,Low
2026-09-20 08:55:00,CBE-PIN-4628,Kurichi Kulam Promenade (Crossway 85),10.954727,76.966114,159,37.52,70.69,Red,Clear,0,Medium
2026-09-20 15:59:00,CBE-PIN-4629,Kurichi Kulam Promenade (Link Road 86),10.950407,76.968964,236,16.04,88.31,Red,Breezy,1,High
2026-09-20 12:05:00,CBE-PIN-4630,Kurichi Kulam Promenade (Junction 87),10.949612,76.96963,104,66.03,32.96,Green,Clear,0,Low
2026-09-20 13:37:00,CBE-PIN-4631,Kurichi Kulam Promenade (Bypass 88),10.954622,76.969201,173,12.31,82.03,Green,Cloudy,0,High
2026-09-20 14:45:00,CBE-PIN-4632,Kurichi Kulam Promenade (Approach 89),10.954901,76.965534,89,66.96,29.39,Red,Cloudy,0,Low
2026-09-20 18:48:00,CBE-PIN-4633,Kurichi Kulam Promenade (Checkpost 90),10.952722,76.967332,33,70.28,13.18,Red,Cloudy,0,Low
2026-09-20 17:22:00,CBE-PIN-4634,Kurichi Kulam Promenade (Link Road 91),10.951698,76.967784,24,46.7,11.45,Yellow,Clear,0,Low
2026-09-20 10:34:00,CBE-PIN-4635,Kurichi Kulam Promenade (Link Road 92),10.952086,76.967932,60,51.05,30.13,Green,Cloudy,0,Low
2026-09-20 13:06:00,CBE-PIN-4636,Kurichi Kulam Promenade (Bypass 93),10.94458,76.970915,22,51.35,11.33,Red,Cloudy,0,Low
2026-09-20 12:50:00,CBE-PIN-4637,Kurichi Kulam Promenade (Approach 94),10.952528,76.96812,97,62.91,31.43,Green,Cloudy,0,Low
2026-09-20 16:53:00,CBE-PIN-4638,Kurichi Kulam Promenade (Crossway 95),10.932519,76.9702,219,41.94,69.32,Yellow,Clear,0,Medium
2026-09-20 15:25:00,CBE-PIN-4639,Kurichi Kulam Promenade (Checkpost 96),10.954219,76.967934,104,66.18,37.35,Red,Rain,0,Low
2026-09-20 09:46:00,CBE-PIN-4640,Kurichi Kulam Promenade (Crossway 97),10.953956,76.97311,84,43.25,41.44,Yellow,Cloudy,0,Medium
2026-09-20 14:33:00,CBE-PIN-4641,Kurichi Kulam Promenade (Checkpost 98),10.949953,76.969322,47,63.09,18.42,Green,Clear,0,Low
2026-09-20 17:39:00,CBE-PIN-4642,Kurichi Kulam Promenade (Approach 99),10.950437,76.969459,287,20.35,93.67,Green,Clear,0,High
2026-09-20 08:24:00,CBE-PIN-4643,Kurichi Kulam Promenade (Approach 100),10.951097,76.968545,219,13.65,95.85,Green,Rain,0,High
2026-09-20 18:56:00,CBE-PIN-4644,Kurichi Kulam Promenade (Checkpost 101),10.952362,76.968048,105,57.67,34.02,Yellow,Clear,0,Low
2026-09-20 19:36:00,CBE-PIN-4645,Kurichi Kulam Promenade (Bypass 102),10.952452,76.973309,47,69.87,16.9,Yellow,Cloudy,0,Low
2026-09-20 10:28:00,CBE-PIN-4646,Kurichi Kulam Promenade (Bypass 103),10.944434,76.969316,91,66.48,30.44,Green,Cloudy,0,Low
2026-09-20 09:24:00,CBE-PIN-4647,Kurichi Kulam Promenade (Checkpost 104),10.951011,76.967769,64,56.96,31.53,Green,Clear,0,Low
2026-09-20 19:10:00,CBE-PIN-4648,Kurichi Kulam Promenade (Crossway 105),10.951742,76.968973,26,63.1,13.31,Green,Clear,0,Low
2026-09-20 13:09:00,CBE-PIN-4649,Kurichi Kulam Promenade (Checkpost 106),10.953261,76.970305,58,67.31,23.32,Green,Rain,0,Low
2026-09-20 18:45:00,CBE-PIN-4650,Kurichi Kulam Promenade (Link Road 107),10.949978,76.968886,158,18.39,79.43,Green,Breezy,0,High
2026-09-20 18:20:00,CBE-PIN-4651,Kurichi Kulam Promenade (Junction 108),10.951901,76.967691,223,12.9,75.99,Green,Clear,0,High
2026-09-20 09:14:00,CBE-PIN-4652,Kurichi Kulam Promenade (Crossway 109),10.95383,76.966763,58,56.59,22.62,Green,Cloudy,0,Low
2026-09-20 19:46:00,CBE-PIN-4653,Kurichi Kulam Promenade (Approach 110),10.951808,76.964767,77,52.78,36.37,Red,Clear,0,Low
2026-09-20 11:06:00,CBE-PIN-4654,Kurichi Kulam Promenade (Link Road 111),10.951163,76.966714,191,13.74,80.44,Yellow,Clear,0,High
2026-09-20 18:44:00,CBE-PIN-4655,Kurichi Kulam Promenade (Approach 112),10.953826,76.967469,56,53.78,21.62,Red,Clear,0,Low
2026-09-20 19:13:00,CBE-PIN-4656,Kurichi Kulam Promenade (Checkpost 113),10.95245,76.965588,290,17.91,91.76,Red,Clear,0,High
2026-09-20 08:44:00,CBE-PIN-4657,Kurichi Kulam Promenade (Crossway 114),10.953241,76.967309,113,62.87,35.82,Yellow,Cloudy,0,Low
2026-09-20 17:50:00,CBE-PIN-4658,Podanur Junction Railway Station (Bypass 1),10.962562,76.996131,61,57.62,28.52,Green,Clear,0,Low
2026-09-20 18:33:00,CBE-PIN-4659,Podanur Junction Railway Station (Junction 2),10.964848,76.990751,73,57.95,31.14,Red,Clear,0,Low
2026-09-20 10:25:00,CBE-PIN-4660,Podanur Junction Railway Station (Crossway 3),10.961844,76.996582,126,31.59,63.99,Green,Clear,0,Medium
2026-09-20 17:46:00,CBE-PIN-4661,Podanur Junction Railway Station (Junction 4),10.963086,76.997393,132,31.13,53.75,Red,Cloudy,0,Medium
2026-09-20 12:23:00,CBE-PIN-4662,Podanur Junction Railway Station (Checkpost 5),10.962386,76.99578,168,15.25,76.73,Red,Clear,0,High
2026-09-20 15:36:00,CBE-PIN-4663,Podanur Junction Railway Station (Junction 6),10.959837,76.992499,214,44.5,72.13,Yellow,Clear,0,Medium
2026-09-20 18:47:00,CBE-PIN-4664,Podanur Junction Railway Station (Bypass 7),10.963152,76.998985,228,14.55,91.96,Green,Clear,0,High
2026-09-20 09:13:00,CBE-PIN-4665,Podanur Junction Railway Station (Junction 8),10.963541,76.99206,33,63.31,17.87,Red,Clear,0,Low
2026-09-20 18:51:00,CBE-PIN-4666,Podanur Junction Railway Station (Crossway 9),10.96058,76.99728,101,39.08,56.1,Red,Rain,0,Medium
2026-09-20 17:34:00,CBE-PIN-4667,Podanur Junction Railway Station (Crossway 10),10.96375,76.994744,209,17.44,76.65,Yellow,Clear,0,High
2026-09-20 14:54:00,CBE-PIN-4668,Podanur Junction Railway Station (Link Road 11),10.958296,76.993415,34,50.82,18.73,Red,Clear,0,Low
2026-09-20 11:48:00,CBE-PIN-4669,Podanur Junction Railway Station (Crossway 12),10.963789,76.99322,185,18.08,90.54,Green,Clear,0,High
2026-09-20 09:56:00,CBE-PIN-4670,Podanur Junction Railway Station (Link Road 13),10.968274,76.996326,87,58.88,30.52,Green,Clear,0,Low
2026-09-20 15:53:00,CBE-PIN-4671,Podanur Junction Railway Station (Link Road 14),10.963365,76.996476,89,28.95,41.17,Green,Clear,0,Medium
2026-09-20 18:36:00,CBE-PIN-4672,Podanur Junction Railway Station (Checkpost 15),10.962835,76.996284,286,20.06,90.01,Red,Clear,0,High
2026-09-20 10:12:00,CBE-PIN-4673,Podanur Junction Railway Station (Junction 16),10.964183,76.998196,95,43.36,40.9,Red,Clear,0,Medium
2026-09-20 19:59:00,CBE-PIN-4674,Podanur Junction Railway Station (Bypass 17),10.963475,76.994508,220,17.8,89.8,Red,Clear,0,High
2026-09-20 16:56:00,CBE-PIN-4675,Podanur Junction Railway Station (Bypass 18),10.964379,76.993517,129,43.69,59.01,Green,Clear,0,Medium
2026-09-20 11:05:00,CBE-PIN-4676,Podanur Junction Railway Station (Link Road 19),10.963145,76.996984,73,57.17,28.19,Green,Cloudy,0,Low
2026-09-20 19:43:00,CBE-PIN-4677,Podanur Junction Railway Station (Link Road 20),10.962209,76.993148,154,16.08,84.1,Red,Cloudy,0,High
2026-09-20 19:11:00,CBE-PIN-4678,Podanur Junction Railway Station (Link Road 21),10.962534,76.995914,72,60.35,22.6,Green,Clear,0,Low
2026-09-20 11:55:00,CBE-PIN-4679,Podanur Junction Railway Station (Link Road 22),10.957813,76.994507,92,30.53,48.91,Green,Clear,0,Medium
2026-09-20 13:32:00,CBE-PIN-4680,Podanur Junction Railway Station (Bypass 23),10.960573,76.994309,156,16.89,83.37,Green,Cloudy,0,High
2026-09-20 11:06:00,CBE-PIN-4681,Podanur Junction Railway Station (Approach 24),10.965538,76.997879,146,44.97,53.19,Green,Breezy,0,Medium
2026-09-20 16:11:00,CBE-PIN-4682,Podanur Junction Railway Station (Bypass 25),10.966875,76.998261,229,15.88,91.43,Green,Clear,0,High
2026-09-20 09:40:00,CBE-PIN-4683,Podanur Junction Railway Station (Checkpost 26),10.966311,76.995648,248,14.19,79.18,Red,Breezy,0,High
2026-09-20 19:00:00,CBE-PIN-4684,Podanur Junction Railway Station (Approach 27),10.961055,76.993997,114,37.28,50.55,Green,Cloudy,0,Medium
2026-09-20 13:28:00,CBE-PIN-4685,Podanur Junction Railway Station (Bypass 28),10.966528,76.998772,112,31.52,42.69,Green,Cloudy,0,Medium
2026-09-20 14:40:00,CBE-PIN-4686,Podanur Junction Railway Station (Bypass 29),10.963853,76.995743,273,15.41,90.36,Green,Breezy,0,High
2026-09-20 17:01:00,CBE-PIN-4687,Podanur Junction Railway Station (Approach 30),10.955424,77.003089,23,50.38,11.32,Red,Clear,0,Low
2026-09-20 15:29:00,CBE-PIN-4688,Podanur Junction Railway Station (Junction 31),10.970524,76.994507,32,68.39,12.77,Green,Cloudy,0,Low
2026-09-20 08:20:00,CBE-PIN-4689,Podanur Junction Railway Station (Approach 32),10.966863,76.996667,170,33.23,70.85,Red,Rain,0,Medium
2026-09-20 09:38:00,CBE-PIN-4690,Podanur Junction Railway Station (Crossway 33),10.962954,76.995591,193,13.98,81.37,Red,Cloudy,0,High
2026-09-20 09:22:00,CBE-PIN-4691,Podanur Junction Railway Station (Checkpost 34),10.9612,76.99646,179,14.19,76.98,Green,Cloudy,0,High
2026-09-20 18:56:00,CBE-PIN-4692,Podanur Junction Railway Station (Junction 35),10.969125,76.994309,62,67.32,27.08,Red,Rain,0,Low
2026-09-20 12:40:00,CBE-PIN-4693,Podanur Junction Railway Station (Junction 36),10.957482,76.99348,197,12.39,91.58,Red,Cloudy,0,High
2026-09-20 11:29:00,CBE-PIN-4694,Podanur Junction Railway Station (Junction 37),10.958817,77.001992,220,12.11,79.55,Green,Clear,0,High
2026-09-20 16:14:00,CBE-PIN-4695,Podanur Junction Railway Station (Approach 38),10.960438,76.997915,137,33.97,49.8,Red,Cloudy,0,Medium
2026-09-20 18:07:00,CBE-PIN-4696,Podanur Junction Railway Station (Bypass 39),10.962205,76.995509,42,47.58,14.8,Green,Clear,0,Low
2026-09-20 08:05:00,CBE-PIN-4697,Podanur Junction Railway Station (Junction 40),10.964024,76.989012,173,13.18,86.74,Red,Cloudy,0,High
2026-09-20 18:11:00,CBE-PIN-4698,Podanur Junction Railway Station (Approach 41),10.959951,76.999125,300,20.52,94.77,Red,Rain,0,High
2026-09-20 17:34:00,CBE-PIN-4699,Podanur Junction Railway Station (Checkpost 42),10.963293,76.99527,105,24.93,41.36,Green,Rain,0,Medium
2026-09-20 13:48:00,CBE-PIN-4700,Podanur Junction Railway Station (Approach 43),10.962789,76.994337,87,58.61,28.5,Green,Breezy,0,Low
2026-09-20 12:58:00,CBE-PIN-4701,Podanur Junction Railway Station (Junction 44),10.965598,76.995667,233,14.4,75.72,Green,Clear,0,High
2026-09-20 09:05:00,CBE-PIN-4702,Podanur Junction Railway Station (Approach 45),10.964134,76.995837,75,59.95,33.42,Red,Rain,0,Low
2026-09-20 08:57:00,CBE-PIN-4703,Podanur Junction Railway Station (Crossway 46),10.964047,76.995356,167,20.97,78.0,Red,Cloudy,0,High
2026-09-20 10:44:00,CBE-PIN-4704,Podanur Junction Railway Station (Checkpost 47),10.962585,76.996424,97,56.88,37.93,Green,Clear,0,Low
2026-09-20 10:07:00,CBE-PIN-4705,Podanur Junction Railway Station (Checkpost 48),10.962794,76.995797,65,52.11,29.97,Green,Clear,0,Low
2026-09-20 17:46:00,CBE-PIN-4706,Podanur Junction Railway Station (Crossway 49),10.964943,76.994476,190,13.02,78.29,Green,Clear,0,High
2026-09-20 19:32:00,CBE-PIN-4707,Podanur Junction Railway Station (Junction 50),10.965194,76.993862,68,55.47,24.39,Red,Cloudy,0,Low
2026-09-20 13:59:00,CBE-PIN-4708,Podanur Junction Railway Station (Bypass 51),10.961194,76.992638,171,21.87,82.5,Green,Cloudy,0,High
2026-09-20 08:06:00,CBE-PIN-4709,Podanur Junction Railway Station (Link Road 52),10.963127,76.994818,191,16.23,89.43,Green,Clear,0,High
2026-09-20 14:47:00,CBE-PIN-4710,Podanur Junction Railway Station (Crossway 53),10.96252,76.994738,242,12.0,87.53,Green,Clear,0,High
2026-09-20 15:56:00,CBE-PIN-4711,Podanur Junction Railway Station (Junction 54),10.962964,76.99601,181,21.56,81.3,Green,Clear,0,High
2026-09-20 15:13:00,CBE-PIN-4712,Podanur Junction Railway Station (Bypass 55),10.964854,76.995743,160,34.55,67.31,Green,Clear,0,Medium
2026-09-20 16:55:00,CBE-PIN-4713,Podanur Junction Railway Station (Link Road 56),10.961005,76.993512,201,19.3,89.41,Red,Clear,0,High
2026-09-20 16:02:00,CBE-PIN-4714,Podanur Junction Railway Station (Bypass 57),10.967584,76.995414,244,21.36,76.91,Red,Cloudy,0,High
2026-09-20 11:27:00,CBE-PIN-4715,Podanur Junction Railway Station (Junction 58),10.962819,76.994608,85,48.32,35.77,Yellow,Clear,0,Low
2026-09-20 17:25:00,CBE-PIN-4716,Podanur Junction Railway Station (Checkpost 59),10.962753,76.995733,44,46.58,15.37,Red,Cloudy,0,Low
2026-09-20 19:47:00,CBE-PIN-4717,Podanur Junction Railway Station (Link Road 60),10.96071,76.996895,132,34.85,47.65,Green,Clear,0,Medium
2026-09-20 19:50:00,CBE-PIN-4718,Podanur Junction Railway Station (Approach 61),10.963849,76.995931,31,50.51,13.23,Red,Clear,0,Low
2026-09-20 08:53:00,CBE-PIN-4719,Podanur Junction Railway Station (Bypass 62),10.952437,77.005748,84,53.79,27.56,Green,Clear,0,Low
2026-09-20 17:38:00,CBE-PIN-4720,Podanur Junction Railway Station (Approach 63),10.962579,76.993698,199,38.6,67.62,Green,Cloudy,0,Medium
2026-09-20 17:38:00,CBE-PIN-4721,Podanur Junction Railway Station (Approach 64),10.96345,76.994845,116,35.85,55.72,Green,Cloudy,0,Medium
2026-09-20 09:47:00,CBE-PIN-4722,Podanur Junction Railway Station (Checkpost 65),10.96364,76.996127,190,19.51,86.76,Red,Clear,0,High
2026-09-20 18:55:00,CBE-PIN-4723,Podanur Junction Railway Station (Bypass 66),10.962541,76.995803,162,15.56,78.36,Green,Clear,0,High
2026-09-20 08:23:00,CBE-PIN-4724,Podanur Junction Railway Station (Link Road 67),10.958001,76.992229,30,62.22,11.02,Green,Clear,0,Low
2026-09-20 09:53:00,CBE-PIN-4725,Podanur Junction Railway Station (Crossway 68),10.962728,76.99566,31,69.87,13.67,Red,Clear,0,Low
2026-09-20 12:49:00,CBE-PIN-4726,Podanur Junction Railway Station (Link Road 69),10.961362,76.995704,240,18.45,93.6,Red,Cloudy,0,High
2026-09-20 16:37:00,CBE-PIN-4727,Podanur Junction Railway Station (Bypass 70),10.961845,76.996722,83,67.49,26.8,Red,Rain,0,Low
2026-09-20 17:07:00,CBE-PIN-4728,Podanur Junction Railway Station (Crossway 71),10.962133,76.99258,87,52.85,30.15,Red,Clear,0,Low
2026-09-20 12:10:00,CBE-PIN-4729,Podanur Junction Railway Station (Crossway 72),10.964587,76.99985,184,35.7,65.59,Green,Rain,0,Medium
2026-09-20 19:30:00,CBE-PIN-4730,Podanur Junction Railway Station (Link Road 73),10.977163,77.007481,186,17.96,80.23,Red,Clear,0,High
2026-09-20 12:34:00,CBE-PIN-4731,Podanur Junction Railway Station (Link Road 74),10.959173,76.992229,174,18.91,76.59,Yellow,Clear,0,High
2026-09-20 08:32:00,CBE-PIN-4732,Podanur Junction Railway Station (Crossway 75),10.96043,76.993328,142,30.9,62.78,Green,Cloudy,0,Medium
2026-09-20 14:49:00,CBE-PIN-4733,Podanur Junction Railway Station (Link Road 76),10.962993,76.990481,88,58.44,28.73,Red,Clear,0,Low
2026-09-20 14:16:00,CBE-PIN-4734,Podanur Junction Railway Station (Bypass 77),10.962172,76.997139,265,13.42,85.22,Green,Breezy,0,High
2026-09-20 09:01:00,CBE-PIN-4735,Podanur Junction Railway Station (Junction 78),10.962668,76.995181,197,12.5,88.44,Red,Clear,0,High
2026-09-20 13:06:00,CBE-PIN-4736,Podanur Junction Railway Station (Junction 79),10.964386,76.997808,96,60.68,35.33,Red,Clear,0,Low
2026-09-20 11:45:00,CBE-PIN-4737,Podanur Junction Railway Station (Checkpost 80),10.960312,76.997697,174,20.87,77.33,Yellow,Clear,0,High
2026-09-20 18:06:00,CBE-PIN-4738,Podanur Junction Railway Station (Bypass 81),10.963602,76.996269,202,14.3,89.77,Green,Clear,0,High
2026-09-20 19:34:00,CBE-PIN-4739,Podanur Junction Railway Station (Crossway 82),10.960043,76.997279,203,13.79,75.75,Green,Breezy,0,High
2026-09-20 08:53:00,CBE-PIN-4740,Podanur Junction Railway Station (Crossway 83),10.961463,76.994902,184,18.53,79.05,Red,Cloudy,0,High
2026-09-20 14:33:00,CBE-PIN-4741,Podanur Junction Railway Station (Junction 84),10.959078,77.001978,52,60.57,18.88,Yellow,Clear,0,Low
2026-09-20 08:06:00,CBE-PIN-4742,Podanur Junction Railway Station (Link Road 85),10.962975,76.998296,23,57.96,12.38,Green,Clear,0,Low
2026-09-20 15:05:00,CBE-PIN-4743,Podanur Junction Railway Station (Checkpost 86),10.962568,76.995819,23,60.8,11.6,Yellow,Clear,0,Low
2026-09-20 19:14:00,CBE-PIN-4744,Podanur Junction Railway Station (Bypass 87),10.961938,76.999924,296,13.06,94.29,Red,Clear,0,High
2026-09-20 15:16:00,CBE-PIN-4745,Podanur Junction Railway Station (Checkpost 88),10.959697,76.989054,247,19.25,95.98,Green,Clear,0,High
2026-09-20 12:41:00,CBE-PIN-4746,Podanur Junction Railway Station (Approach 89),10.962684,76.995728,229,12.79,77.24,Red,Clear,1,High
2026-09-20 19:41:00,CBE-PIN-4747,Podanur Junction Railway Station (Checkpost 90),10.971454,76.995037,177,37.86,58.14,Green,Clear,0,Medium
2026-09-20 17:17:00,CBE-PIN-4748,Podanur Junction Railway Station (Checkpost 91),10.963923,76.993537,160,12.92,81.8,Red,Cloudy,0,High
2026-09-20 14:23:00,CBE-PIN-4749,Podanur Junction Railway Station (Link Road 92),10.962286,76.996943,201,13.53,92.98,Green,Clear,0,High
2026-09-20 10:11:00,CBE-PIN-4750,Podanur Junction Railway Station (Bypass 93),10.970073,76.999485,174,20.19,88.86,Red,Rain,0,High
2026-09-20 13:53:00,CBE-PIN-4751,Podanur Junction Railway Station (Checkpost 94),10.962861,76.99569,173,16.25,89.97,Green,Clear,0,High
2026-09-20 16:14:00,CBE-PIN-4752,Podanur Junction Railway Station (Junction 95),10.957113,76.997208,61,47.5,24.5,Green,Breezy,0,Low
2026-09-20 16:19:00,CBE-PIN-4753,Podanur Junction Railway Station (Bypass 96),10.964054,76.999854,43,55.75,18.25,Green,Rain,0,Low
2026-09-20 18:33:00,CBE-PIN-4754,Podanur Junction Railway Station (Crossway 97),10.968448,77.003385,171,34.6,54.43,Yellow,Rain,0,Medium
2026-09-20 16:46:00,CBE-PIN-4755,Podanur Junction Railway Station (Bypass 98),10.962855,76.999163,236,12.72,92.38,Green,Clear,0,High
2026-09-20 09:25:00,CBE-PIN-4756,Podanur Junction Railway Station (Bypass 99),10.962835,76.995807,213,12.58,83.92,Red,Cloudy,0,High
2026-09-20 17:08:00,CBE-PIN-4757,Podanur Junction Railway Station (Link Road 100),10.958025,76.995263,153,32.8,68.73,Red,Clear,0,Medium
2026-09-20 08:47:00,CBE-PIN-4758,Podanur Junction Railway Station (Checkpost 101),10.971174,76.99418,200,26.87,64.75,Green,Clear,0,Medium
2026-09-20 15:49:00,CBE-PIN-4759,Podanur Junction Railway Station (Link Road 102),10.961493,76.992827,78,71.64,27.69,Green,Cloudy,0,Low
2026-09-20 12:06:00,CBE-PIN-4760,Podanur Junction Railway Station (Link Road 103),10.963993,76.997642,261,15.57,83.52,Yellow,Clear,0,High
2026-09-20 13:09:00,CBE-PIN-4761,Podanur Junction Railway Station (Approach 104),10.962939,76.99564,82,50.88,38.42,Green,Clear,0,Low
2026-09-20 15:21:00,CBE-PIN-4762,Podanur Junction Railway Station (Crossway 105),10.961528,76.999282,270,20.24,86.39,Red,Clear,0,High
2026-09-20 17:35:00,CBE-PIN-4763,Podanur Junction Railway Station (Checkpost 106),10.962983,76.992179,83,57.15,37.39,Green,Clear,0,Low
2026-09-20 15:17:00,CBE-PIN-4764,Podanur Junction Railway Station (Checkpost 107),10.948447,76.991592,53,63.63,17.59,Green,Clear,0,Low
2026-09-20 18:39:00,CBE-PIN-4765,Podanur Junction Railway Station (Checkpost 108),10.962453,76.994452,120,39.25,50.08,Green,Cloudy,0,Medium
2026-09-20 08:27:00,CBE-PIN-4766,Podanur Junction Railway Station (Crossway 109),10.96101,76.999805,199,29.16,62.72,Green,Rain,0,Medium
2026-09-20 15:00:00,CBE-PIN-4767,Podanur Junction Railway Station (Crossway 110),10.963587,76.995971,233,13.9,76.29,Green,Clear,0,High
2026-09-20 18:47:00,CBE-PIN-4768,Podanur Junction Railway Station (Checkpost 111),10.963644,76.99549,120,30.69,56.79,Green,Clear,0,Medium
2026-09-20 10:54:00,CBE-PIN-4769,Podanur Junction Railway Station (Checkpost 112),10.963223,76.992881,201,16.05,77.02,Red,Rain,0,High
2026-09-20 19:28:00,CBE-PIN-4770,Podanur Junction Railway Station (Checkpost 113),10.967318,76.993825,183,12.06,91.79,Green,Cloudy,0,High
2026-09-20 11:03:00,CBE-PIN-4771,Podanur Junction Railway Station (Link Road 114),10.961907,76.996088,205,17.8,90.24,Green,Cloudy,0,High
2026-09-20 19:09:00,CBE-PIN-4772,Ukkadam Central Bus Stand & Lakefront (Checkpost 1),10.985309,76.961867,224,12.42,92.6,Green,Clear,0,High
2026-09-20 12:33:00,CBE-PIN-4773,Ukkadam Central Bus Stand & Lakefront (Crossway 2),10.985943,76.965544,151,16.65,78.73,Green,Clear,0,High
2026-09-20 16:18:00,CBE-PIN-4774,Ukkadam Central Bus Stand & Lakefront (Crossway 3),10.985301,76.962769,158,35.04,59.21,Red,Breezy,0,Medium
2026-09-20 11:33:00,CBE-PIN-4775,Ukkadam Central Bus Stand & Lakefront (Approach 4),10.985871,76.963072,228,18.18,91.56,Green,Breezy,0,High
2026-09-20 10:12:00,CBE-PIN-4776,Ukkadam Central Bus Stand & Lakefront (Link Road 5),10.986264,76.961779,214,15.14,95.66,Green,Clear,0,High
2026-09-20 16:19:00,CBE-PIN-4777,Ukkadam Central Bus Stand & Lakefront (Link Road 6),10.986038,76.963562,85,62.01,38.68,Green,Clear,0,Low
2026-09-20 15:31:00,CBE-PIN-4778,Ukkadam Central Bus Stand & Lakefront (Crossway 7),10.98698,76.96311,275,19.11,90.02,Red,Clear,0,High
2026-09-20 11:00:00,CBE-PIN-4779,Ukkadam Central Bus Stand & Lakefront (Crossway 8),10.986698,76.963375,74,48.22,33.66,Green,Rain,0,Low
2026-09-20 15:30:00,CBE-PIN-4780,Ukkadam Central Bus Stand & Lakefront (Bypass 9),10.984346,76.957734,79,52.98,29.92,Red,Clear,0,Low
2026-09-20 08:34:00,CBE-PIN-4781,Ukkadam Central Bus Stand & Lakefront (Crossway 10),10.986572,76.963151,259,20.88,86.17,Green,Clear,0,High
2026-09-20 10:04:00,CBE-PIN-4782,Ukkadam Central Bus Stand & Lakefront (Bypass 11),10.984378,76.972614,182,15.18,83.32,Green,Clear,0,High
2026-09-20 08:53:00,CBE-PIN-4783,Ukkadam Central Bus Stand & Lakefront (Junction 12),10.984504,76.96247,164,17.51,76.73,Red,Clear,0,High
2026-09-20 09:14:00,CBE-PIN-4784,Ukkadam Central Bus Stand & Lakefront (Bypass 13),10.9859,76.962804,89,24.89,47.15,Green,Cloudy,0,Medium
2026-09-20 14:13:00,CBE-PIN-4785,Ukkadam Central Bus Stand & Lakefront (Link Road 14),10.986146,76.962686,279,19.29,89.02,Green,Clear,0,High
2026-09-20 15:48:00,CBE-PIN-4786,Ukkadam Central Bus Stand & Lakefront (Approach 15),10.989065,76.962055,75,63.95,36.36,Red,Clear,0,Low
2026-09-20 18:49:00,CBE-PIN-4787,Ukkadam Central Bus Stand & Lakefront (Crossway 16),10.984567,76.962652,191,21.8,89.0,Red,Breezy,0,High
2026-09-20 12:16:00,CBE-PIN-4788,Ukkadam Central Bus Stand & Lakefront (Junction 17),10.982654,76.962489,146,15.87,78.53,Red,Clear,0,High
2026-09-20 14:02:00,CBE-PIN-4789,Ukkadam Central Bus Stand & Lakefront (Checkpost 18),10.990121,76.965872,241,13.13,86.16,Red,Rain,0,High
2026-09-20 14:02:00,CBE-PIN-4790,Ukkadam Central Bus Stand & Lakefront (Checkpost 19),10.987538,76.964585,244,19.98,94.55,Green,Clear,1,High
2026-09-20 19:20:00,CBE-PIN-4791,Ukkadam Central Bus Stand & Lakefront (Bypass 20),10.988661,76.960571,214,19.83,79.26,Green,Clear,0,High
2026-09-20 12:51:00,CBE-PIN-4792,Ukkadam Central Bus Stand & Lakefront (Approach 21),10.986212,76.964064,183,14.25,81.97,Red,Clear,0,High
2026-09-20 12:59:00,CBE-PIN-4793,Ukkadam Central Bus Stand & Lakefront (Junction 22),10.990327,76.965854,74,65.28,25.64,Yellow,Cloudy,0,Low
2026-09-20 15:55:00,CBE-PIN-4794,Ukkadam Central Bus Stand & Lakefront (Crossway 23),10.985902,76.961895,19,60.77,10.21,Yellow,Clear,0,Low
2026-09-20 09:50:00,CBE-PIN-4795,Ukkadam Central Bus Stand & Lakefront (Bypass 24),10.985599,76.963541,249,13.8,81.3,Green,Clear,0,High
2026-09-20 10:54:00,CBE-PIN-4796,Ukkadam Central Bus Stand & Lakefront (Checkpost 25),10.986459,76.967295,149,25.08,70.59,Green,Breezy,0,Medium
2026-09-20 15:47:00,CBE-PIN-4797,Ukkadam Central Bus Stand & Lakefront (Approach 26),10.98686,76.963588,142,30.32,45.01,Yellow,Clear,0,Medium
2026-09-20 14:56:00,CBE-PIN-4798,Ukkadam Central Bus Stand & Lakefront (Crossway 27),10.986407,76.964918,143,40.83,55.39,Green,Clear,0,Medium
2026-09-20 11:29:00,CBE-PIN-4799,Ukkadam Central Bus Stand & Lakefront (Approach 28),10.986763,76.966162,161,42.59,65.05,Red,Clear,0,Medium
2026-09-20 09:23:00,CBE-PIN-4800,Ukkadam Central Bus Stand & Lakefront (Link Road 29),10.987866,76.961005,173,44.79,73.49,Green,Clear,0,Medium
2026-09-20 12:49:00,CBE-PIN-4801,Ukkadam Central Bus Stand & Lakefront (Checkpost 30),10.979876,76.987344,182,17.68,85.82,Red,Rain,0,High
2026-09-20 10:46:00,CBE-PIN-4802,Ukkadam Central Bus Stand & Lakefront (Link Road 31),10.985678,76.961583,56,50.31,17.67,Red,Clear,0,Low
2026-09-20 11:20:00,CBE-PIN-4803,Ukkadam Central Bus Stand & Lakefront (Junction 32),10.986156,76.963879,165,39.65,65.57,Red,Clear,0,Medium
2026-09-20 11:14:00,CBE-PIN-4804,Ukkadam Central Bus Stand & Lakefront (Junction 33),10.986333,76.96139,221,15.1,84.23,Yellow,Cloudy,0,High
2026-09-20 13:59:00,CBE-PIN-4805,Ukkadam Central Bus Stand & Lakefront (Approach 34),10.9873,76.958183,282,18.04,90.33,Red,Clear,0,High
2026-09-20 16:02:00,CBE-PIN-4806,Ukkadam Central Bus Stand & Lakefront (Bypass 35),10.986278,76.9629,161,35.68,62.82,Red,Clear,0,Medium
2026-09-20 16:49:00,CBE-PIN-4807,Ukkadam Central Bus Stand & Lakefront (Junction 36),10.988664,76.954269,244,19.4,86.53,Red,Clear,0,High
2026-09-20 08:20:00,CBE-PIN-4808,Ukkadam Central Bus Stand & Lakefront (Link Road 37),10.990846,76.964494,108,65.87,33.94,Red,Clear,0,Low
2026-09-20 09:09:00,CBE-PIN-4809,Ukkadam Central Bus Stand & Lakefront (Bypass 38),10.987204,76.959456,142,39.24,68.57,Red,Rain,0,Medium
2026-09-20 18:09:00,CBE-PIN-4810,Ukkadam Central Bus Stand & Lakefront (Crossway 39),10.986625,76.96359,128,33.99,65.77,Green,Clear,0,Medium
2026-09-20 16:46:00,CBE-PIN-4811,Ukkadam Central Bus Stand & Lakefront (Checkpost 40),10.985966,76.961515,187,14.2,92.09,Red,Cloudy,0,High
2026-09-20 09:12:00,CBE-PIN-4812,Ukkadam Central Bus Stand & Lakefront (Junction 41),10.986596,76.963005,223,17.56,82.52,Red,Clear,0,High
2026-09-20 15:29:00,CBE-PIN-4813,Ukkadam Central Bus Stand & Lakefront (Bypass 42),10.989099,76.954665,276,12.17,93.88,Red,Clear,0,High
2026-09-20 08:44:00,CBE-PIN-4814,Ukkadam Central Bus Stand & Lakefront (Approach 43),10.986635,76.962363,34,47.78,17.56,Green,Breezy,0,Low
2026-09-20 13:22:00,CBE-PIN-4815,Ukkadam Central Bus Stand & Lakefront (Crossway 44),10.986165,76.963042,168,18.35,89.93,Red,Clear,0,High
2026-09-20 10:44:00,CBE-PIN-4816,Ukkadam Central Bus Stand & Lakefront (Crossway 45),10.988487,76.964385,209,19.92,80.62,Green,Cloudy,0,High
2026-09-20 17:58:00,CBE-PIN-4817,Ukkadam Central Bus Stand & Lakefront (Junction 46),10.985917,76.96225,222,33.86,70.5,Green,Clear,0,Medium
2026-09-20 18:31:00,CBE-PIN-4818,Ukkadam Central Bus Stand & Lakefront (Approach 47),10.984581,76.962028,278,19.73,87.19,Red,Cloudy,0,High
2026-09-20 17:17:00,CBE-PIN-4819,Ukkadam Central Bus Stand & Lakefront (Link Road 48),10.983229,76.965043,78,40.39,41.59,Green,Cloudy,0,Medium
2026-09-20 13:14:00,CBE-PIN-4820,Ukkadam Central Bus Stand & Lakefront (Approach 49),10.986078,76.968459,232,13.46,77.19,Yellow,Cloudy,0,High
2026-09-20 09:52:00,CBE-PIN-4821,Ukkadam Central Bus Stand & Lakefront (Approach 50),10.988731,76.963757,38,46.38,16.97,Red,Clear,0,Low
2026-09-20 14:04:00,CBE-PIN-4822,Ukkadam Central Bus Stand & Lakefront (Link Road 51),10.985801,76.962666,242,16.08,82.47,Green,Clear,0,High
2026-09-20 11:20:00,CBE-PIN-4823,Ukkadam Central Bus Stand & Lakefront (Junction 52),10.983547,76.959766,109,63.89,38.31,Green,Clear,0,Low
2026-09-20 16:59:00,CBE-PIN-4824,Ukkadam Central Bus Stand & Lakefront (Checkpost 53),10.994633,76.969644,67,52.14,33.32,Green,Clear,0,Low
2026-09-20 11:47:00,CBE-PIN-4825,Ukkadam Central Bus Stand & Lakefront (Approach 54),10.987782,76.96472,277,16.52,89.03,Red,Clear,0,High
2026-09-20 17:56:00,CBE-PIN-4826,Ukkadam Central Bus Stand & Lakefront (Bypass 55),10.988239,76.964526,240,17.91,79.9,Green,Breezy,0,High
2026-09-20 12:41:00,CBE-PIN-4827,Ukkadam Central Bus Stand & Lakefront (Bypass 56),10.98712,76.964633,77,29.5,41.12,Red,Clear,0,Medium
2026-09-20 15:59:00,CBE-PIN-4828,Ukkadam Central Bus Stand & Lakefront (Bypass 57),10.986775,76.962299,138,34.25,69.31,Green,Cloudy,0,Medium
2026-09-20 17:23:00,CBE-PIN-4829,Ukkadam Central Bus Stand & Lakefront (Approach 58),10.987576,76.963304,255,13.96,81.32,Red,Clear,0,High
2026-09-20 09:58:00,CBE-PIN-4830,Ukkadam Central Bus Stand & Lakefront (Junction 59),10.994092,76.969751,127,42.71,52.27,Green,Clear,0,Medium
2026-09-20 09:24:00,CBE-PIN-4831,Ukkadam Central Bus Stand & Lakefront (Crossway 60),10.98412,76.956703,47,54.71,17.18,Green,Clear,0,Low
2026-09-20 16:53:00,CBE-PIN-4832,Ukkadam Central Bus Stand & Lakefront (Link Road 61),10.988878,76.960361,56,48.22,20.94,Green,Clear,0,Low
2026-09-20 15:10:00,CBE-PIN-4833,Ukkadam Central Bus Stand & Lakefront (Junction 62),10.983335,76.959971,218,18.65,84.54,Red,Clear,0,High
2026-09-20 12:55:00,CBE-PIN-4834,Ukkadam Central Bus Stand & Lakefront (Junction 63),10.984598,76.963799,205,38.83,70.9,Yellow,Cloudy,0,Medium
2026-09-20 11:53:00,CBE-PIN-4835,Ukkadam Central Bus Stand & Lakefront (Junction 64),10.987574,76.967316,255,13.78,90.93,Green,Cloudy,0,High
2026-09-20 12:44:00,CBE-PIN-4836,Ukkadam Central Bus Stand & Lakefront (Bypass 65),10.98512,76.959869,275,19.11,89.5,Green,Cloudy,0,High
2026-09-20 16:46:00,CBE-PIN-4837,Ukkadam Central Bus Stand & Lakefront (Checkpost 66),10.985784,76.962061,91,47.06,31.96,Green,Clear,0,Low
2026-09-20 14:11:00,CBE-PIN-4838,Ukkadam Central Bus Stand & Lakefront (Checkpost 67),10.985719,76.96367,72,51.4,29.3,Red,Breezy,0,Low
2026-09-20 13:33:00,CBE-PIN-4839,Ukkadam Central Bus Stand & Lakefront (Link Road 68),10.99096,76.962907,270,15.3,92.71,Yellow,Rain,0,High
2026-09-20 08:05:00,CBE-PIN-4840,Ukkadam Central Bus Stand & Lakefront (Link Road 69),10.985891,76.962743,143,13.76,77.39,Red,Cloudy,0,High
2026-09-20 17:53:00,CBE-PIN-4841,Ukkadam Central Bus Stand & Lakefront (Bypass 70),10.985032,76.960256,270,18.76,86.63,Red,Cloudy,1,High
2026-09-20 18:27:00,CBE-PIN-4842,Ukkadam Central Bus Stand & Lakefront (Bypass 71),10.986484,76.965569,117,24.26,49.4,Green,Cloudy,0,Medium
2026-09-20 17:52:00,CBE-PIN-4843,Ukkadam Central Bus Stand & Lakefront (Crossway 72),10.98873,76.964585,249,12.71,79.49,Green,Clear,0,High
2026-09-20 12:24:00,CBE-PIN-4844,Ukkadam Central Bus Stand & Lakefront (Link Road 73),10.985606,76.963229,285,15.93,95.41,Red,Clear,0,High
2026-09-20 10:53:00,CBE-PIN-4845,Ukkadam Central Bus Stand & Lakefront (Junction 74),10.985599,76.963012,145,14.75,76.03,Red,Clear,0,High
2026-09-20 10:34:00,CBE-PIN-4846,Ukkadam Central Bus Stand & Lakefront (Junction 75),10.985827,76.960304,42,49.64,16.01,Green,Clear,0,Low
2026-09-20 16:13:00,CBE-PIN-4847,Ukkadam Central Bus Stand & Lakefront (Crossway 76),10.986417,76.963368,225,18.93,86.1,Red,Cloudy,0,High
2026-09-20 10:46:00,CBE-PIN-4848,Ukkadam Central Bus Stand & Lakefront (Link Road 77),10.987133,76.960984,90,60.45,33.09,Green,Clear,0,Low
2026-09-20 19:08:00,CBE-PIN-4849,Ukkadam Central Bus Stand & Lakefront (Junction 78),10.980091,76.970551,188,20.36,83.49,Red,Rain,0,High
2026-09-20 12:19:00,CBE-PIN-4850,Ukkadam Central Bus Stand & Lakefront (Approach 79),10.985644,76.962435,167,15.49,78.17,Red,Clear,0,High
2026-09-20 19:42:00,CBE-PIN-4851,Ukkadam Central Bus Stand & Lakefront (Bypass 80),10.985578,76.963282,241,12.8,83.97,Red,Clear,0,High
2026-09-20 09:04:00,CBE-PIN-4852,Ukkadam Central Bus Stand & Lakefront (Approach 81),10.98572,76.96518,100,37.54,41.29,Green,Clear,0,Medium
2026-09-20 13:56:00,CBE-PIN-4853,Ukkadam Central Bus Stand & Lakefront (Junction 82),10.983647,76.962759,180,17.4,80.22,Yellow,Cloudy,0,High
2026-09-20 14:22:00,CBE-PIN-4854,Ukkadam Central Bus Stand & Lakefront (Approach 83),10.986105,76.962659,57,60.5,29.29,Green,Clear,0,Low
2026-09-20 17:30:00,CBE-PIN-4855,Ukkadam Central Bus Stand & Lakefront (Link Road 84),10.986624,76.960537,99,50.4,38.76,Red,Cloudy,0,Low
2026-09-20 11:44:00,CBE-PIN-4856,Ukkadam Central Bus Stand & Lakefront (Junction 85),10.986089,76.963175,283,15.44,92.35,Red,Clear,0,High
2026-09-20 13:50:00,CBE-PIN-4857,Ukkadam Central Bus Stand & Lakefront (Link Road 86),10.98186,76.967853,129,41.67,71.08,Green,Rain,0,Medium
2026-09-20 09:18:00,CBE-PIN-4858,Ukkadam Central Bus Stand & Lakefront (Checkpost 87),10.986802,76.968909,146,44.73,47.15,Red,Cloudy,0,Medium
2026-09-20 16:19:00,CBE-PIN-4859,Ukkadam Central Bus Stand & Lakefront (Bypass 88),10.988458,76.963802,287,15.12,95.72,Green,Clear,0,High
2026-09-20 13:45:00,CBE-PIN-4860,Ukkadam Central Bus Stand & Lakefront (Checkpost 89),10.985426,76.960419,271,20.77,91.31,Green,Clear,0,High
2026-09-20 15:19:00,CBE-PIN-4861,Ukkadam Central Bus Stand & Lakefront (Link Road 90),10.985017,76.966762,247,16.1,85.22,Yellow,Rain,0,High
2026-09-20 11:07:00,CBE-PIN-4862,Ukkadam Central Bus Stand & Lakefront (Link Road 91),10.991087,76.966177,220,14.63,76.49,Red,Clear,0,High
2026-09-20 12:16:00,CBE-PIN-4863,Ukkadam Central Bus Stand & Lakefront (Junction 92),10.982086,76.963471,98,59.52,38.9,Yellow,Clear,0,Low
2026-09-20 15:59:00,CBE-PIN-4864,Ukkadam Central Bus Stand & Lakefront (Link Road 93),10.986184,76.962608,229,18.52,87.78,Green,Clear,0,High
2026-09-20 12:27:00,CBE-PIN-4865,Ukkadam Central Bus Stand & Lakefront (Junction 94),10.985661,76.969056,161,21.87,75.49,Green,Clear,0,High
2026-09-20 16:26:00,CBE-PIN-4866,Ukkadam Central Bus Stand & Lakefront (Bypass 95),10.986511,76.96224,159,20.75,82.59,Green,Clear,0,High
2026-09-20 14:10:00,CBE-PIN-4867,Ukkadam Central Bus Stand & Lakefront (Link Road 96),10.985147,76.962362,168,19.73,91.65,Green,Clear,0,High
2026-09-20 12:13:00,CBE-PIN-4868,Ukkadam Central Bus Stand & Lakefront (Link Road 97),10.979856,76.972716,219,19.94,81.64,Green,Breezy,0,High
2026-09-20 09:19:00,CBE-PIN-4869,Ukkadam Central Bus Stand & Lakefront (Junction 98),10.989043,76.96263,277,12.65,89.0,Green,Cloudy,0,High
2026-09-20 10:41:00,CBE-PIN-4870,Ukkadam Central Bus Stand & Lakefront (Approach 99),10.985827,76.9627,64,60.63,26.34,Yellow,Rain,0,Low
2026-09-20 08:02:00,CBE-PIN-4871,Ukkadam Central Bus Stand & Lakefront (Junction 100),10.988384,76.95968,204,20.34,91.91,Green,Clear,1,High
2026-09-20 19:26:00,CBE-PIN-4872,Ukkadam Central Bus Stand & Lakefront (Crossway 101),10.986811,76.962466,174,16.02,82.04,Green,Clear,0,High
2026-09-20 19:25:00,CBE-PIN-4873,Ukkadam Central Bus Stand & Lakefront (Checkpost 102),10.985902,76.962997,132,30.66,64.22,Red,Clear,0,Medium
2026-09-20 10:24:00,CBE-PIN-4874,Ukkadam Central Bus Stand & Lakefront (Crossway 103),10.978226,76.963723,134,27.04,54.91,Green,Clear,0,Medium
2026-09-20 19:00:00,CBE-PIN-4875,Ukkadam Central Bus Stand & Lakefront (Bypass 104),10.974914,76.973372,108,64.39,35.6,Yellow,Clear,0,Low
2026-09-20 09:27:00,CBE-PIN-4876,Ukkadam Central Bus Stand & Lakefront (Junction 105),10.979082,76.961225,27,54.37,12.54,Red,Clear,0,Low
2026-09-20 10:06:00,CBE-PIN-4877,Ukkadam Central Bus Stand & Lakefront (Junction 106),10.985544,76.962962,202,19.87,85.39,Red,Clear,0,High
2026-09-20 16:20:00,CBE-PIN-4878,Ukkadam Central Bus Stand & Lakefront (Bypass 107),10.983512,76.964253,192,13.84,84.76,Red,Clear,0,High
2026-09-20 16:37:00,CBE-PIN-4879,Ukkadam Central Bus Stand & Lakefront (Bypass 108),10.99056,76.965402,30,60.08,14.56,Red,Clear,0,Low
2026-09-20 16:05:00,CBE-PIN-4880,Ukkadam Central Bus Stand & Lakefront (Checkpost 109),10.984889,76.962471,112,60.94,38.01,Green,Cloudy,0,Low
2026-09-20 08:32:00,CBE-PIN-4881,Ukkadam Central Bus Stand & Lakefront (Approach 110),10.98764,76.962922,254,16.34,84.88,Green,Clear,0,High
2026-09-20 08:57:00,CBE-PIN-4882,Ukkadam Central Bus Stand & Lakefront (Link Road 111),10.986242,76.961721,270,12.37,84.92,Green,Cloudy,0,High
2026-09-20 09:53:00,CBE-PIN-4883,Ukkadam Central Bus Stand & Lakefront (Bypass 112),10.985741,76.96196,57,58.32,18.63,Green,Cloudy,0,Low
2026-09-20 14:43:00,CBE-PIN-4884,Ukkadam Central Bus Stand & Lakefront (Junction 113),10.985178,76.962962,167,13.49,80.67,Green,Clear,0,High
2026-09-20 12:12:00,CBE-PIN-4885,Ukkadam Central Bus Stand & Lakefront (Link Road 114),10.988533,76.963171,147,29.0,64.06,Green,Cloudy,0,Medium
2026-09-20 13:48:00,CBE-PIN-4886,Gandhipuram Central Bus Terminus (Crossway 1),11.014589,76.965494,38,52.36,16.74,Yellow,Clear,0,Low
2026-09-20 17:00:00,CBE-PIN-4887,Gandhipuram Central Bus Terminus (Link Road 2),11.015725,76.967782,88,53.41,34.69,Red,Clear,0,Low
2026-09-20 09:46:00,CBE-PIN-4888,Gandhipuram Central Bus Terminus (Junction 3),11.014462,76.965525,79,53.32,26.76,Red,Cloudy,0,Low
2026-09-20 14:31:00,CBE-PIN-4889,Gandhipuram Central Bus Terminus (Junction 4),11.015737,76.957776,218,15.66,76.75,Green,Clear,0,High
2026-09-20 16:53:00,CBE-PIN-4890,Gandhipuram Central Bus Terminus (Checkpost 5),11.019055,76.966228,150,20.76,83.37,Green,Cloudy,0,High
2026-09-20 15:17:00,CBE-PIN-4891,Gandhipuram Central Bus Terminus (Crossway 6),11.016484,76.967607,175,13.08,87.42,Yellow,Clear,0,High
2026-09-20 09:11:00,CBE-PIN-4892,Gandhipuram Central Bus Terminus (Checkpost 7),11.022926,76.966324,100,34.87,53.41,Green,Clear,0,Medium
2026-09-20 12:13:00,CBE-PIN-4893,Gandhipuram Central Bus Terminus (Junction 8),11.01651,76.967688,261,21.29,87.01,Green,Clear,0,High
2026-09-20 15:05:00,CBE-PIN-4894,Gandhipuram Central Bus Terminus (Crossway 9),11.017157,76.967229,174,15.93,79.73,Green,Clear,0,High
2026-09-20 18:43:00,CBE-PIN-4895,Gandhipuram Central Bus Terminus (Junction 10),11.019373,76.959141,104,55.13,34.82,Red,Clear,0,Low
2026-09-20 08:35:00,CBE-PIN-4896,Gandhipuram Central Bus Terminus (Link Road 11),11.019374,76.96685,219,15.39,90.77,Green,Cloudy,0,High
2026-09-20 11:22:00,CBE-PIN-4897,Gandhipuram Central Bus Terminus (Crossway 12),11.016492,76.9683,135,24.03,59.7,Green,Rain,0,Medium
2026-09-20 14:25:00,CBE-PIN-4898,Gandhipuram Central Bus Terminus (Crossway 13),11.016879,76.97433,209,17.82,79.75,Red,Clear,0,High
2026-09-20 11:28:00,CBE-PIN-4899,Gandhipuram Central Bus Terminus (Bypass 14),11.01871,76.969002,29,62.33,13.04,Green,Rain,0,Low
2026-09-20 18:50:00,CBE-PIN-4900,Gandhipuram Central Bus Terminus (Crossway 15),11.006795,76.96823,223,21.6,79.19,Green,Cloudy,0,High
2026-09-20 10:25:00,CBE-PIN-4901,Gandhipuram Central Bus Terminus (Approach 16),11.015711,76.964368,156,16.67,83.53,Red,Clear,0,High
2026-09-20 19:34:00,CBE-PIN-4902,Gandhipuram Central Bus Terminus (Link Road 17),11.017766,76.967509,145,27.68,50.99,Red,Cloudy,0,Medium
2026-09-20 08:29:00,CBE-PIN-4903,Gandhipuram Central Bus Terminus (Link Road 18),11.015125,76.96489,116,33.96,49.18,Green,Cloudy,0,Medium
2026-09-20 19:03:00,CBE-PIN-4904,Gandhipuram Central Bus Terminus (Bypass 19),11.015517,76.967939,42,68.92,22.56,Green,Clear,0,Low
2026-09-20 16:44:00,CBE-PIN-4905,Gandhipuram Central Bus Terminus (Bypass 20),11.017107,76.966013,180,12.29,88.38,Green,Clear,0,High
2026-09-20 14:27:00,CBE-PIN-4906,Gandhipuram Central Bus Terminus (Approach 21),11.013435,76.96861,283,14.15,92.1,Yellow,Cloudy,0,High
2026-09-20 17:37:00,CBE-PIN-4907,Gandhipuram Central Bus Terminus (Junction 22),11.0173,76.970271,184,19.23,77.67,Red,Rain,0,High
2026-09-20 13:07:00,CBE-PIN-4908,Gandhipuram Central Bus Terminus (Link Road 23),11.023462,76.957669,186,17.8,80.1,Green,Clear,0,High
2026-09-20 14:53:00,CBE-PIN-4909,Gandhipuram Central Bus Terminus (Approach 24),11.016846,76.968069,201,16.16,78.43,Red,Cloudy,0,High
2026-09-20 15:51:00,CBE-PIN-4910,Gandhipuram Central Bus Terminus (Bypass 25),11.022268,76.971505,237,18.79,85.69,Red,Clear,0,High
2026-09-20 15:26:00,CBE-PIN-4911,Gandhipuram Central Bus Terminus (Link Road 26),11.021364,76.97377,202,12.04,81.18,Red,Cloudy,0,High
2026-09-20 08:46:00,CBE-PIN-4912,Gandhipuram Central Bus Terminus (Link Road 27),11.01798,76.968219,35,56.91,17.32,Green,Clear,0,Low
2026-09-20 19:34:00,CBE-PIN-4913,Gandhipuram Central Bus Terminus (Link Road 28),11.013007,76.969785,99,53.98,36.24,Green,Cloudy,0,Low
2026-09-20 18:50:00,CBE-PIN-4914,Gandhipuram Central Bus Terminus (Approach 29),11.01671,76.968085,191,14.92,84.47,Green,Clear,0,High
2026-09-20 10:02:00,CBE-PIN-4915,Gandhipuram Central Bus Terminus (Junction 30),11.015736,76.966726,24,61.47,10.25,Yellow,Clear,0,Low
2026-09-20 14:14:00,CBE-PIN-4916,Gandhipuram Central Bus Terminus (Checkpost 31),11.016183,76.968603,198,13.93,89.25,Red,Clear,0,High
2026-09-20 18:01:00,CBE-PIN-4917,Gandhipuram Central Bus Terminus (Junction 32),11.015898,76.964926,92,52.12,32.96,Green,Clear,0,Low
2026-09-20 16:58:00,CBE-PIN-4918,Gandhipuram Central Bus Terminus (Link Road 33),11.022192,76.966279,277,18.75,90.29,Yellow,Clear,1,High
2026-09-20 13:25:00,CBE-PIN-4919,Gandhipuram Central Bus Terminus (Crossway 34),11.016665,76.9695,40,70.11,13.37,Green,Cloudy,0,Low
2026-09-20 11:48:00,CBE-PIN-4920,Gandhipuram Central Bus Terminus (Crossway 35),11.016521,76.967664,211,14.11,84.28,Green,Cloudy,0,High
2026-09-20 12:34:00,CBE-PIN-4921,Gandhipuram Central Bus Terminus (Crossway 36),11.013478,76.964214,165,37.45,71.06,Green,Clear,0,Medium
2026-09-20 12:36:00,CBE-PIN-4922,Gandhipuram Central Bus Terminus (Link Road 37),11.017799,76.966611,230,16.94,95.67,Red,Clear,0,High
2026-09-20 17:57:00,CBE-PIN-4923,Gandhipuram Central Bus Terminus (Junction 38),11.013007,76.970907,142,44.34,46.31,Red,Clear,0,Medium
2026-09-20 17:35:00,CBE-PIN-4924,Gandhipuram Central Bus Terminus (Link Road 39),11.019032,76.967595,186,31.56,68.99,Red,Clear,0,Medium
2026-09-20 18:05:00,CBE-PIN-4925,Gandhipuram Central Bus Terminus (Link Road 40),11.021875,76.970402,244,20.49,87.78,Green,Clear,0,High
2026-09-20 09:12:00,CBE-PIN-4926,Gandhipuram Central Bus Terminus (Junction 41),11.022174,76.976267,253,20.6,79.63,Red,Clear,1,High
2026-09-20 15:00:00,CBE-PIN-4927,Gandhipuram Central Bus Terminus (Crossway 42),11.016904,76.967797,176,17.79,85.62,Green,Clear,0,High
2026-09-20 17:28:00,CBE-PIN-4928,Gandhipuram Central Bus Terminus (Junction 43),11.017732,76.96259,64,68.99,24.44,Red,Clear,0,Low
2026-09-20 16:32:00,CBE-PIN-4929,Gandhipuram Central Bus Terminus (Bypass 44),11.001158,76.961065,114,53.31,37.64,Green,Breezy,0,Low
2026-09-20 12:57:00,CBE-PIN-4930,Gandhipuram Central Bus Terminus (Checkpost 45),11.020507,76.968708,297,18.75,94.18,Red,Clear,0,High
2026-09-20 08:14:00,CBE-PIN-4931,Gandhipuram Central Bus Terminus (Crossway 46),11.017018,76.967609,284,19.63,91.32,Red,Clear,0,High
2026-09-20 10:16:00,CBE-PIN-4932,Gandhipuram Central Bus Terminus (Link Road 47),11.022316,76.970744,136,31.38,45.63,Red,Rain,0,Medium
2026-09-20 16:13:00,CBE-PIN-4933,Gandhipuram Central Bus Terminus (Link Road 48),11.013415,76.96808,201,17.57,92.64,Red,Clear,0,High
2026-09-20 12:29:00,CBE-PIN-4934,Gandhipuram Central Bus Terminus (Approach 49),11.01188,76.970015,110,42.91,52.1,Red,Clear,0,Medium
2026-09-20 09:47:00,CBE-PIN-4935,Gandhipuram Central Bus Terminus (Junction 50),11.016887,76.967601,241,12.64,83.9,Green,Clear,0,High
2026-09-20 16:17:00,CBE-PIN-4936,Gandhipuram Central Bus Terminus (Link Road 51),11.015858,76.96569,251,20.47,82.18,Green,Rain,0,High
2026-09-20 10:57:00,CBE-PIN-4937,Gandhipuram Central Bus Terminus (Checkpost 52),11.019648,76.964621,243,21.53,93.41,Red,Clear,0,High
2026-09-20 12:38:00,CBE-PIN-4938,Gandhipuram Central Bus Terminus (Bypass 53),11.013115,76.981072,156,32.83,56.99,Yellow,Clear,0,Medium
2026-09-20 13:00:00,CBE-PIN-4939,Gandhipuram Central Bus Terminus (Checkpost 54),11.015459,76.969764,45,53.32,22.22,Yellow,Clear,0,Low
2026-09-20 18:11:00,CBE-PIN-4940,Gandhipuram Central Bus Terminus (Link Road 55),11.016667,76.96664,198,21.29,81.21,Red,Clear,0,High
2026-09-20 13:32:00,CBE-PIN-4941,Gandhipuram Central Bus Terminus (Link Road 56),11.016899,76.967646,97,36.69,42.24,Green,Cloudy,0,Medium
2026-09-20 12:53:00,CBE-PIN-4942,Gandhipuram Central Bus Terminus (Crossway 57),11.015053,76.969035,199,14.35,76.54,Green,Clear,0,High
2026-09-20 11:36:00,CBE-PIN-4943,Gandhipuram Central Bus Terminus (Crossway 58),11.016469,76.967618,126,32.08,69.86,Green,Clear,0,Medium
2026-09-20 14:13:00,CBE-PIN-4944,Gandhipuram Central Bus Terminus (Junction 59),11.015786,76.968446,208,12.72,83.23,Red,Cloudy,0,High
2026-09-20 15:05:00,CBE-PIN-4945,Gandhipuram Central Bus Terminus (Junction 60),11.021304,76.966872,223,17.82,93.9,Red,Cloudy,0,High
2026-09-20 15:39:00,CBE-PIN-4946,Gandhipuram Central Bus Terminus (Junction 61),11.016839,76.967838,257,21.4,95.13,Yellow,Clear,0,High
2026-09-20 15:51:00,CBE-PIN-4947,Gandhipuram Central Bus Terminus (Link Road 62),11.015027,76.963264,145,34.55,66.92,Red,Clear,0,Medium
2026-09-20 14:00:00,CBE-PIN-4948,Gandhipuram Central Bus Terminus (Junction 63),11.022735,76.983557,176,21.28,78.42,Green,Clear,0,High
2026-09-20 18:34:00,CBE-PIN-4949,Gandhipuram Central Bus Terminus (Junction 64),11.016741,76.967858,88,57.15,31.83,Green,Breezy,0,Low
2026-09-20 11:50:00,CBE-PIN-4950,Gandhipuram Central Bus Terminus (Link Road 65),11.015408,76.96761,40,47.79,16.22,Red,Clear,0,Low
2026-09-20 15:06:00,CBE-PIN-4951,Gandhipuram Central Bus Terminus (Checkpost 66),11.01368,76.959309,37,51.16,19.19,Green,Clear,0,Low
2026-09-20 12:38:00,CBE-PIN-4952,Gandhipuram Central Bus Terminus (Approach 67),11.018466,76.967986,209,13.17,75.21,Green,Clear,0,High
2026-09-20 15:06:00,CBE-PIN-4953,Gandhipuram Central Bus Terminus (Junction 68),11.018802,76.963695,223,19.18,91.82,Green,Cloudy,0,High
2026-09-20 08:30:00,CBE-PIN-4954,Gandhipuram Central Bus Terminus (Bypass 69),11.019842,76.966571,202,19.55,85.77,Green,Cloudy,0,High
2026-09-20 15:20:00,CBE-PIN-4955,Gandhipuram Central Bus Terminus (Crossway 70),11.019972,76.962837,44,58.72,14.06,Green,Cloudy,0,Low
2026-09-20 19:41:00,CBE-PIN-4956,Gandhipuram Central Bus Terminus (Bypass 71),11.018397,76.967564,171,17.21,77.54,Green,Clear,0,High
2026-09-20 09:50:00,CBE-PIN-4957,Gandhipuram Central Bus Terminus (Bypass 72),11.007765,76.955248,224,12.51,92.87,Red,Clear,0,High
2026-09-20 10:08:00,CBE-PIN-4958,Gandhipuram Central Bus Terminus (Crossway 73),11.018656,76.968498,184,29.65,64.4,Green,Clear,0,Medium
2026-09-20 16:19:00,CBE-PIN-4959,Gandhipuram Central Bus Terminus (Crossway 74),11.016652,76.96593,176,12.98,88.49,Red,Cloudy,0,High
2026-09-20 10:57:00,CBE-PIN-4960,Gandhipuram Central Bus Terminus (Junction 75),11.018806,76.966895,176,19.48,79.42,Red,Cloudy,0,High
2026-09-20 09:46:00,CBE-PIN-4961,Gandhipuram Central Bus Terminus (Link Road 76),11.017437,76.967352,248,18.26,85.96,Red,Clear,0,High
2026-09-20 18:27:00,CBE-PIN-4962,Gandhipuram Central Bus Terminus (Bypass 77),11.00793,76.974457,159,14.94,79.02,Red,Clear,1,High
2026-09-20 09:50:00,CBE-PIN-4963,Gandhipuram Central Bus Terminus (Crossway 78),11.021602,76.968385,121,56.7,38.56,Red,Cloudy,0,Low
2026-09-20 19:03:00,CBE-PIN-4964,Gandhipuram Central Bus Terminus (Junction 79),11.01373,76.970031,80,59.04,35.98,Green,Clear,0,Low
2026-09-20 19:21:00,CBE-PIN-4965,Gandhipuram Central Bus Terminus (Bypass 80),11.014627,76.968515,162,16.38,76.7,Red,Clear,0,High
2026-09-20 12:09:00,CBE-PIN-4966,Gandhipuram Central Bus Terminus (Approach 81),11.017958,76.969378,246,20.37,86.32,Red,Cloudy,0,High
2026-09-20 16:03:00,CBE-PIN-4967,Gandhipuram Central Bus Terminus (Bypass 82),11.014307,76.96754,79,50.0,37.22,Red,Clear,0,Low
2026-09-20 16:27:00,CBE-PIN-4968,Gandhipuram Central Bus Terminus (Approach 83),11.014058,76.967629,165,39.94,63.66,Red,Cloudy,0,Medium
2026-09-20 19:32:00,CBE-PIN-4969,Gandhipuram Central Bus Terminus (Checkpost 84),11.018724,76.967271,78,66.0,30.84,Red,Clear,0,Low
2026-09-20 14:27:00,CBE-PIN-4970,Gandhipuram Central Bus Terminus (Link Road 85),11.021318,76.964625,36,57.26,12.06,Green,Cloudy,0,Low
2026-09-20 08:18:00,CBE-PIN-4971,Gandhipuram Central Bus Terminus (Crossway 86),11.01872,76.9703,165,35.93,57.48,Red,Clear,0,Medium
2026-09-20 18:51:00,CBE-PIN-4972,Gandhipuram Central Bus Terminus (Bypass 87),11.017223,76.965174,82,71.93,29.24,Green,Clear,0,Low
2026-09-20 15:12:00,CBE-PIN-4973,Gandhipuram Central Bus Terminus (Link Road 88),11.01305,76.956697,191,19.4,84.2,Yellow,Clear,0,High
2026-09-20 14:55:00,CBE-PIN-4974,Gandhipuram Central Bus Terminus (Bypass 89),11.016711,76.967602,216,17.46,76.56,Green,Cloudy,0,High
2026-09-20 09:31:00,CBE-PIN-4975,Gandhipuram Central Bus Terminus (Crossway 90),11.016215,76.968085,44,58.06,15.33,Green,Cloudy,0,Low
2026-09-20 15:50:00,CBE-PIN-4976,Gandhipuram Central Bus Terminus (Crossway 91),11.018222,76.969128,175,39.1,61.94,Green,Clear,0,Medium
2026-09-20 10:53:00,CBE-PIN-4977,Gandhipuram Central Bus Terminus (Checkpost 92),11.016894,76.967794,121,35.51,45.28,Yellow,Clear,0,Medium
2026-09-20 12:13:00,CBE-PIN-4978,Gandhipuram Central Bus Terminus (Checkpost 93),11.017142,76.96701,199,17.28,85.6,Green,Clear,0,High
2026-09-20 13:36:00,CBE-PIN-4979,Gandhipuram Central Bus Terminus (Approach 94),11.013022,76.967384,104,26.22,51.29,Green,Cloudy,0,Medium
2026-09-20 15:52:00,CBE-PIN-4980,Gandhipuram Central Bus Terminus (Approach 95),11.018975,76.964298,163,33.26,61.82,Green,Cloudy,0,Medium
2026-09-20 17:37:00,CBE-PIN-4981,Gandhipuram Central Bus Terminus (Approach 96),11.00966,76.967024,287,12.32,94.46,Red,Clear,0,High
2026-09-20 19:03:00,CBE-PIN-4982,Gandhipuram Central Bus Terminus (Crossway 97),11.014831,76.965846,90,30.32,40.28,Green,Clear,0,Medium
2026-09-20 12:50:00,CBE-PIN-4983,Gandhipuram Central Bus Terminus (Junction 98),11.017934,76.969354,46,71.88,20.49,Green,Clear,0,Low
2026-09-20 14:16:00,CBE-PIN-4984,Gandhipuram Central Bus Terminus (Junction 99),11.011631,76.967874,206,29.28,66.66,Green,Cloudy,0,Medium
2026-09-20 09:06:00,CBE-PIN-4985,Gandhipuram Central Bus Terminus (Checkpost 100),11.009912,76.963078,128,34.95,52.11,Green,Rain,0,Medium
2026-09-20 13:36:00,CBE-PIN-4986,Gandhipuram Central Bus Terminus (Bypass 101),11.013273,76.966504,250,14.57,93.0,Green,Rain,0,High
2026-09-20 12:45:00,CBE-PIN-4987,Gandhipuram Central Bus Terminus (Checkpost 102),11.012398,76.971665,199,17.95,87.88,Yellow,Cloudy,0,High
2026-09-20 17:49:00,CBE-PIN-4988,Gandhipuram Central Bus Terminus (Link Road 103),11.015629,76.969699,156,41.61,56.44,Red,Clear,0,Medium
2026-09-20 09:36:00,CBE-PIN-4989,Gandhipuram Central Bus Terminus (Checkpost 104),11.014264,76.969235,159,14.09,77.95,Red,Clear,0,High
2026-09-20 11:54:00,CBE-PIN-4990,Gandhipuram Central Bus Terminus (Checkpost 105),11.01633,76.971208,80,62.47,25.73,Yellow,Cloudy,0,Low
2026-09-20 15:49:00,CBE-PIN-4991,Gandhipuram Central Bus Terminus (Approach 106),11.014072,76.968915,28,54.02,15.24,Green,Clear,0,Low
2026-09-20 10:59:00,CBE-PIN-4992,Gandhipuram Central Bus Terminus (Link Road 107),11.012918,76.966165,48,56.96,24.8,Green,Clear,0,Low
2026-09-20 19:15:00,CBE-PIN-4993,Gandhipuram Central Bus Terminus (Crossway 108),11.022321,76.972207,91,24.85,40.74,Red,Clear,0,Medium
2026-09-20 14:38:00,CBE-PIN-4994,Gandhipuram Central Bus Terminus (Junction 109),11.013216,76.970753,237,13.48,90.69,Yellow,Clear,0,High
2026-09-20 16:52:00,CBE-PIN-4995,Gandhipuram Central Bus Terminus (Checkpost 110),11.015609,76.965567,124,42.22,60.86,Red,Cloudy,0,Medium
2026-09-20 11:40:00,CBE-PIN-4996,Gandhipuram Central Bus Terminus (Approach 111),11.016071,76.965933,167,19.59,75.12,Red,Clear,0,High
2026-09-20 15:19:00,CBE-PIN-4997,Gandhipuram Central Bus Terminus (Approach 112),11.01681,76.96781,226,14.56,89.99,Green,Clear,0,High
2026-09-20 16:30:00,CBE-PIN-4998,Gandhipuram Central Bus Terminus (Checkpost 113),11.0166,76.969239,101,35.47,43.22,Red,Cloudy,0,Medium
2026-09-20 16:52:00,CBE-PIN-4999,Gandhipuram Central Bus Terminus (Crossway 114),11.012603,76.966591,44,69.98,20.42,Red,Rain,0,Low
